2026-02-02 05:05:41,937 - Knowledge - INFO - Created shared MongoDB connection pool
2026-02-02 05:05:42,293 - Knowledge - INFO - Starting Knowledge Graph processing with 20 threads
2026-02-02 05:05:42,523 - Knowledge - INFO - Initial configuration: chunk_size=65536, max_cache_size=500
2026-02-02 05:05:42,694 - Knowledge - INFO - Knowledge Graph concurrency configuration: workers=20, max_batch_size=10, max_concurrent_llm_calls=50
2026-02-02 05:05:44,903 - Knowledge - INFO - 🔍 _load_persisted_knowledge called - checking for Redis optimization
2026-02-02 05:05:45,062 - Knowledge - WARNING - ❌ load_from_redis method not found - Redis support not attached
2026-02-02 05:05:45,215 - Knowledge - INFO - load persisted knowledge: begin
2026-02-02 05:05:45,430 - Knowledge - INFO - Loaded 0 files from persisted knowledge
2026-02-02 05:05:45,597 - Knowledge - INFO - load persisted knowledge: end
2026-02-02 05:05:45,783 - Knowledge - WARNING - No persisted knowledge found. Files will be queued during start()
2026-02-02 05:05:45,986 - Knowledge - INFO - Redis support added with prefix knowledge:b6440qg:
2026-02-02 05:06:01,835 - Knowledge - INFO - Starting knowledge initialization for ID: rQo7mI-b6440qg
2026-02-02 05:06:02,006 - Knowledge - INFO - 🔍 Checking Redis for build_id: b6440qg
2026-02-02 05:06:02,229 - Knowledge - INFO - 🔍 Full session ID: rQo7mI-b6440qg
2026-02-02 05:06:02,386 - Knowledge - INFO - 🔍 Redis prefix will be: knowledge:b6440qg:
2026-02-02 05:06:02,578 - Knowledge - INFO - 🔍 Using attached load_from_redis() method
2026-02-02 05:06:02,759 - Knowledge - INFO - 🔍 Attempting to load knowledge from Redis...
2026-02-02 05:06:02,933 - Knowledge - INFO - 🔍 Using derived instance_id for Redis lookup: b6440qg
2026-02-02 05:06:03,166 - Knowledge - WARNING - ❌ No Redis cache found
2026-02-02 05:06:03,347 - Knowledge - INFO - 📁 Loading knowledge from disk...
2026-02-02 05:06:03,753 - Knowledge - INFO - load persisted docinfo: begin
2026-02-02 05:06:03,930 - Knowledge - INFO - load persisted docinfo: end
2026-02-02 05:06:04,159 - Knowledge - INFO - 🔍 _load_persisted_knowledge called - checking for Redis optimization
2026-02-02 05:06:04,354 - Knowledge - INFO - ✅ load_from_redis method found - attempting Redis load
2026-02-02 05:06:04,533 - Knowledge - INFO - 🔍 Attempting to load knowledge from Redis...
2026-02-02 05:06:04,689 - Knowledge - INFO - 🔍 Using derived instance_id for Redis lookup: b6440qg
2026-02-02 05:06:04,853 - Knowledge - WARNING - ❌ No Redis cache found
2026-02-02 05:06:05,054 - Knowledge - INFO - ❌ Redis load returned False - falling back to file loading
2026-02-02 05:06:05,218 - Knowledge - INFO - load persisted knowledge: begin
2026-02-02 05:06:05,422 - Knowledge - INFO - Loaded 0 files from persisted knowledge
2026-02-02 05:06:05,586 - Knowledge - INFO - load persisted knowledge: end
2026-02-02 05:06:05,751 - Knowledge - INFO - 📁 Disk load complete in 2.24s
2026-02-02 05:06:05,967 - Knowledge - INFO - Populating ingest queue with source files...
2026-02-02 05:06:19,494 - Knowledge - INFO - Added 484 files from /app/data/T0015/313297/b6440qg/NowINAndroid to ingest queue
2026-02-02 05:06:19,690 - Knowledge - INFO - [WEBSOCKET] Sent: Type=progress_update, Size: 160, Duration: 0ms
2026-02-02 05:06:19,883 - Knowledge - INFO - Worker kw1 created using shared MongoDB connection pool
2026-02-02 05:06:20,034 - Knowledge - INFO - knowledge worker kw1 start
2026-02-02 05:06:20,037 - Knowledge - INFO - Worker kw2 created using shared MongoDB connection pool
2026-02-02 05:06:20,264 - Knowledge - INFO - [kw1] Queue=484, InProgress=0, PendingWorkers=0/1, Completed=0/484 (0.0%)
2026-02-02 05:06:20,354 - Knowledge - INFO - knowledge worker kw2 start
2026-02-02 05:06:20,354 - Knowledge - INFO - Worker kw3 created using shared MongoDB connection pool
2026-02-02 05:06:20,466 - Knowledge - INFO - Batch sizing: calculated=6, max_allowed=10, queue=484, active_workers=0/2
2026-02-02 05:06:20,559 - Knowledge - INFO - [kw2] Queue=484, InProgress=0, PendingWorkers=0/2, Completed=0/484 (0.0%)
2026-02-02 05:06:20,673 - Knowledge - INFO - Worker kw4 created using shared MongoDB connection pool
2026-02-02 05:06:20,672 - Knowledge - INFO - knowledge worker kw3 start
2026-02-02 05:06:20,757 - Knowledge - INFO - Worker kw1 processing /app/data/T0015/313297/b6440qg/NowINAndroid/feature/foryou/impl/src/test/kotlin/com/google/samples/apps/nowinandroid/feature/foryou/impl/ForYouScreenScreenshotTests.kt
2026-02-02 05:06:20,828 - Knowledge - INFO - Batch sizing: calculated=6, max_allowed=10, queue=484, active_workers=1/3
2026-02-02 05:06:20,922 - Knowledge - INFO - knowledge worker kw4 start
2026-02-02 05:06:20,922 - Knowledge - INFO - Worker kw5 created using shared MongoDB connection pool
2026-02-02 05:06:21,043 - Knowledge - INFO - [kw3] Queue=478, InProgress=0, PendingWorkers=1/4, Completed=0/484 (0.0%)
2026-02-02 05:06:21,131 - Knowledge - INFO - Fast-tracked /app/data/T0015/313297/b6440qg/NowINAndroid/feature/foryou/impl/src/test/kotlin/com/google/samples/apps/nowinandroid/feature/foryou/impl/ForYouScreenScreenshotTests.kt (ext=.kt, size=8008)
2026-02-02 05:06:21,235 - Knowledge - INFO - Worker kw2 processing /app/data/T0015/313297/b6440qg/NowINAndroid/feature/foryou/impl/src/main/kotlin/com/google/samples/apps/nowinandroid/feature/foryou/impl/OnboardingUiState.kt
2026-02-02 05:06:21,333 - Knowledge - INFO - [kw4] Queue=472, InProgress=0, PendingWorkers=2/4, Completed=0/484 (0.0%)
2026-02-02 05:06:21,408 - Knowledge - INFO - knowledge worker kw5 start
2026-02-02 05:06:21,408 - Knowledge - INFO - Worker kw6 created using shared MongoDB connection pool
2026-02-02 05:06:21,506 - Knowledge - INFO - Batch sizing: calculated=6, max_allowed=10, queue=478, active_workers=2/5
2026-02-02 05:06:21,620 - Knowledge - INFO - Worker kw1 processing /app/data/T0015/313297/b6440qg/NowINAndroid/feature/foryou/impl/src/test/kotlin/com/google/samples/apps/nowinandroid/feature/foryou/impl/ForYouViewModelTest.kt
2026-02-02 05:06:21,773 - Knowledge - INFO - Fast-tracked /app/data/T0015/313297/b6440qg/NowINAndroid/feature/foryou/impl/src/main/kotlin/com/google/samples/apps/nowinandroid/feature/foryou/impl/OnboardingUiState.kt (ext=.kt, size=1528)
2026-02-02 05:06:21,839 - Knowledge - INFO - Batch sizing: calculated=6, max_allowed=10, queue=472, active_workers=2/5
2026-02-02 05:06:21,911 - Knowledge - INFO - [kw5] Queue=472, InProgress=0, PendingWorkers=2/5, Completed=0/484 (0.0%)
2026-02-02 05:06:22,045 - Knowledge - INFO - knowledge worker kw6 start
2026-02-02 05:06:22,045 - Knowledge - INFO - Worker kw7 created using shared MongoDB connection pool
2026-02-02 05:06:22,180 - Knowledge - INFO - Worker kw3 processing /app/data/T0015/313297/b6440qg/NowINAndroid/feature/foryou/api/src/main/AndroidManifest.xml
2026-02-02 05:06:22,284 - Knowledge - INFO - Fast-tracked /app/data/T0015/313297/b6440qg/NowINAndroid/feature/foryou/impl/src/test/kotlin/com/google/samples/apps/nowinandroid/feature/foryou/impl/ForYouViewModelTest.kt (ext=.kt, size=21479)
2026-02-02 05:06:22,366 - Knowledge - INFO - Worker kw2 processing /app/data/T0015/313297/b6440qg/NowINAndroid/feature/foryou/impl/build.gradle.kts
2026-02-02 05:06:22,437 - Knowledge - INFO - Worker kw4 processing /app/data/T0015/313297/b6440qg/NowINAndroid/feature/search/impl/src/main/kotlin/com/google/samples/apps/nowinandroid/feature/search/impl/SearchUiStatePreviewParameterProvider.kt
2026-02-02 05:06:22,555 - Knowledge - INFO - Batch sizing: calculated=6, max_allowed=10, queue=472, active_workers=4/6
2026-02-02 05:06:22,701 - Knowledge - INFO - [kw6] Queue=460, InProgress=0, PendingWorkers=4/6, Completed=0/484 (0.0%)
2026-02-02 05:06:22,737 - Knowledge - INFO - knowledge worker kw7 start
2026-02-02 05:06:22,737 - Knowledge - INFO - Worker kw8 created using shared MongoDB connection pool
2026-02-02 05:06:22,862 - Knowledge - INFO - Fast-tracked /app/data/T0015/313297/b6440qg/NowINAndroid/feature/foryou/api/src/main/AndroidManifest.xml (ext=.xml, size=683)
2026-02-02 05:06:22,907 - Knowledge - INFO - Worker kw1 processing /app/data/T0015/313297/b6440qg/NowINAndroid/feature/foryou/impl/src/androidTest/kotlin/com/google/samples/apps/nowinandroid/feature/foryou/impl/ForYouScreenTest.kt
2026-02-02 05:06:22,987 - Knowledge - INFO - Fast-tracked /app/data/T0015/313297/b6440qg/NowINAndroid/feature/foryou/impl/build.gradle.kts (ext=.kts, size=1551)
2026-02-02 05:06:23,060 - Knowledge - INFO - Fast-tracked /app/data/T0015/313297/b6440qg/NowINAndroid/feature/search/impl/src/main/kotlin/com/google/samples/apps/nowinandroid/feature/search/impl/SearchUiStatePreviewParameterProvider.kt (ext=.kt, size=1667)
2026-02-02 05:06:23,201 - Knowledge - INFO - Worker kw5 processing /app/data/T0015/313297/b6440qg/NowINAndroid/feature/search/impl/README.md
2026-02-02 05:06:23,286 - Knowledge - INFO - Batch sizing: calculated=6, max_allowed=10, queue=460, active_workers=5/7
2026-02-02 05:06:23,406 - Knowledge - INFO - [kw7] Queue=454, InProgress=0, PendingWorkers=5/7, Completed=0/484 (0.0%)
2026-02-02 05:06:23,482 - Knowledge - INFO - knowledge worker kw8 start
2026-02-02 05:06:23,483 - Knowledge - INFO - Worker kw9 created using shared MongoDB connection pool
2026-02-02 05:06:23,611 - Knowledge - INFO - Worker kw3 processing /app/data/T0015/313297/b6440qg/NowINAndroid/feature/foryou/api/build.gradle.kts
2026-02-02 05:06:23,727 - Knowledge - INFO - Worker kw1 processing /app/data/T0015/313297/b6440qg/NowINAndroid/feature/foryou/impl/src/main/kotlin/com/google/samples/apps/nowinandroid/feature/foryou/impl/navigation/ForYouEntryProvider.kt
2026-02-02 05:06:23,793 - Knowledge - INFO - Worker kw2 processing /app/data/T0015/313297/b6440qg/NowINAndroid/feature/foryou/impl/README.md
2026-02-02 05:06:23,901 - Knowledge - INFO - Worker kw4 processing /app/data/T0015/313297/b6440qg/NowINAndroid/feature/search/impl/src/main/kotlin/com/google/samples/apps/nowinandroid/feature/search/impl/RecentSearchQueriesUiState.kt
2026-02-02 05:06:24,049 - Knowledge - INFO - Fast-tracked /app/data/T0015/313297/b6440qg/NowINAndroid/feature/search/impl/README.md (ext=.md, size=3616)
2026-02-02 05:06:24,106 - Knowledge - INFO - Worker kw6 processing /app/data/T0015/313297/b6440qg/NowINAndroid/feature/settings/impl/src/test/kotlin/com/google/samples/apps/nowinandroid/feature/settings/impl/SettingsViewModelTest.kt
2026-02-02 05:06:24,185 - Knowledge - INFO - Batch sizing: calculated=6, max_allowed=10, queue=454, active_workers=6/8
2026-02-02 05:06:24,278 - Knowledge - INFO - [kw8] Queue=448, InProgress=0, PendingWorkers=6/8, Completed=0/484 (0.0%)
2026-02-02 05:06:24,351 - Knowledge - INFO - knowledge worker kw9 start
2026-02-02 05:06:24,352 - Knowledge - INFO - Worker kw10 created using shared MongoDB connection pool
2026-02-02 05:06:24,432 - Knowledge - INFO - Fast-tracked /app/data/T0015/313297/b6440qg/NowINAndroid/feature/foryou/api/build.gradle.kts (ext=.kts, size=825)
2026-02-02 05:06:24,550 - Knowledge - INFO - Worker kw1 processing /app/data/T0015/313297/b6440qg/NowINAndroid/feature/foryou/impl/src/main/kotlin/com/google/samples/apps/nowinandroid/feature/foryou/impl/ForYouScreen.kt
2026-02-02 05:06:24,629 - Knowledge - INFO - Fast-tracked /app/data/T0015/313297/b6440qg/NowINAndroid/feature/foryou/impl/README.md (ext=.md, size=3416)
2026-02-02 05:06:24,714 - Knowledge - INFO - Fast-tracked /app/data/T0015/313297/b6440qg/NowINAndroid/feature/search/impl/src/main/kotlin/com/google/samples/apps/nowinandroid/feature/search/impl/RecentSearchQueriesUiState.kt (ext=.kt, size=989)
2026-02-02 05:06:24,806 - Knowledge - INFO - Worker kw5 processing /app/data/T0015/313297/b6440qg/NowINAndroid/feature/search/api/src/main/res/values/strings.xml
2026-02-02 05:06:24,945 - Knowledge - INFO - Fast-tracked /app/data/T0015/313297/b6440qg/NowINAndroid/feature/settings/impl/src/test/kotlin/com/google/samples/apps/nowinandroid/feature/settings/impl/SettingsViewModelTest.kt (ext=.kt, size=2473)
2026-02-02 05:06:25,007 - Knowledge - INFO - Worker kw7 processing /app/data/T0015/313297/b6440qg/NowINAndroid/feature/settings/impl/build.gradle.kts
2026-02-02 05:06:25,120 - Knowledge - INFO - Batch sizing: calculated=6, max_allowed=10, queue=448, active_workers=7/9
2026-02-02 05:06:25,197 - Knowledge - INFO - [kw9] Queue=442, InProgress=0, PendingWorkers=7/9, Completed=0/484 (0.0%)
2026-02-02 05:06:25,280 - Knowledge - INFO - knowledge worker kw10 start
2026-02-02 05:06:25,280 - Knowledge - INFO - Worker kw11 created using shared MongoDB connection pool
2026-02-02 05:06:25,420 - Knowledge - INFO - Worker kw3 processing /app/data/T0015/313297/b6440qg/NowINAndroid/feature/foryou/api/README.md
2026-02-02 05:06:25,588 - Knowledge - INFO - Worker kw1 processing /app/data/T0015/313297/b6440qg/NowINAndroid/feature/foryou/impl/src/main/kotlin/com/google/samples/apps/nowinandroid/feature/foryou/impl/ForYouViewModel.kt
2026-02-02 05:06:25,614 - Knowledge - INFO - Worker kw2 processing /app/data/T0015/313297/b6440qg/NowINAndroid/feature/foryou/api/src/main/res/values/strings.xml
2026-02-02 05:06:25,693 - Knowledge - INFO - Worker kw4 processing /app/data/T0015/313297/b6440qg/NowINAndroid/feature/search/impl/src/main/kotlin/com/google/samples/apps/nowinandroid/feature/search/impl/SearchResultUiState.kt
2026-02-02 05:06:25,789 - Knowledge - INFO - Fast-tracked /app/data/T0015/313297/b6440qg/NowINAndroid/feature/search/api/src/main/res/values/strings.xml (ext=.xml, size=1650)
2026-02-02 05:06:25,872 - Knowledge - INFO - Worker kw6 processing /app/data/T0015/313297/b6440qg/NowINAndroid/feature/settings/impl/src/androidTest/kotlin/com/google/samples/apps/nowinandroid/feature/settings/impl/SettingsDialogTest.kt
2026-02-02 05:06:25,991 - Knowledge - INFO - Fast-tracked /app/data/T0015/313297/b6440qg/NowINAndroid/feature/settings/impl/build.gradle.kts (ext=.kts, size=1161)
2026-02-02 05:06:26,075 - Knowledge - INFO - Worker kw8 processing /app/data/T0015/313297/b6440qg/NowINAndroid/feature/interests/impl/src/main/kotlin/com/google/samples/apps/nowinandroid/feature/interests/impl/InterestsDetailPlaceholder.kt
2026-02-02 05:06:26,152 - Knowledge - INFO - Batch sizing: calculated=6, max_allowed=10, queue=442, active_workers=8/10
2026-02-02 05:06:26,239 - Knowledge - INFO - [kw10] Queue=436, InProgress=0, PendingWorkers=8/10, Completed=0/484 (0.0%)
2026-02-02 05:06:26,333 - Knowledge - INFO - knowledge worker kw11 start
2026-02-02 05:06:26,333 - Knowledge - INFO - Worker kw12 created using shared MongoDB connection pool
2026-02-02 05:06:26,461 - Knowledge - INFO - Fast-tracked /app/data/T0015/313297/b6440qg/NowINAndroid/feature/foryou/api/README.md (ext=.md, size=1674)
2026-02-02 05:06:26,689 - Knowledge - INFO - Fast-tracked /app/data/T0015/313297/b6440qg/NowINAndroid/feature/foryou/api/src/main/res/values/strings.xml (ext=.xml, size=1219)
2026-02-02 05:06:26,798 - Knowledge - INFO - Fast-tracked /app/data/T0015/313297/b6440qg/NowINAndroid/feature/search/impl/src/main/kotlin/com/google/samples/apps/nowinandroid/feature/search/impl/SearchResultUiState.kt (ext=.kt, size=1729)
2026-02-02 05:06:26,876 - Knowledge - INFO - Worker kw5 processing /app/data/T0015/313297/b6440qg/NowINAndroid/feature/search/api/src/main/kotlin/com/google/samples/apps/nowinandroid/feature/search/api/navigation/SearchNavKey.kt
2026-02-02 05:06:27,033 - Knowledge - INFO - Worker kw6 processing /app/data/T0015/313297/b6440qg/NowINAndroid/feature/settings/impl/src/main/res/values/strings.xml
2026-02-02 05:06:27,107 - Knowledge - INFO - Worker kw7 processing /app/data/T0015/313297/b6440qg/NowINAndroid/feature/settings/impl/README.md
2026-02-02 05:06:27,205 - Knowledge - INFO - Worker kw8 processing /app/data/T0015/313297/b6440qg/NowINAndroid/feature/interests/impl/src/main/kotlin/com/google/samples/apps/nowinandroid/feature/interests/impl/InterestsViewModel.kt
2026-02-02 05:06:27,304 - Knowledge - INFO - Worker kw9 processing /app/data/T0015/313297/b6440qg/NowINAndroid/feature/interests/api/src/main/res/values/strings.xml
2026-02-02 05:06:27,406 - Knowledge - INFO - Batch sizing: calculated=6, max_allowed=10, queue=436, active_workers=9/11
2026-02-02 05:06:27,468 - Knowledge - INFO - Fast-tracked /app/data/T0015/313297/b6440qg/NowINAndroid/feature/foryou/impl/src/main/kotlin/com/google/samples/apps/nowinandroid/feature/foryou/impl/navigation/ForYouEntryProvider.kt (small file (2120 bytes))
2026-02-02 05:06:27,484 - Knowledge - INFO - [kw11] Queue=430, InProgress=0, PendingWorkers=9/11, Completed=0/484 (0.0%)
2026-02-02 05:06:27,591 - Knowledge - INFO - knowledge worker kw12 start
2026-02-02 05:06:27,591 - Knowledge - INFO - Worker kw13 created using shared MongoDB connection pool
2026-02-02 05:06:27,698 - Knowledge - INFO - Worker kw3 processing /app/data/T0015/313297/b6440qg/NowINAndroid/feature/search/impl/src/test/kotlin/com/google/samples/apps/nowinandroid/feature/search/impl/SearchViewModelTest.kt
2026-02-02 05:06:27,792 - Knowledge - INFO - Worker kw2 processing /app/data/T0015/313297/b6440qg/NowINAndroid/feature/foryou/api/src/main/res/drawable/feature_foryou_api_ic_icon_placeholder.xml
2026-02-02 05:06:27,877 - Knowledge - INFO - Worker kw4 processing /app/data/T0015/313297/b6440qg/NowINAndroid/feature/search/impl/src/main/kotlin/com/google/samples/apps/nowinandroid/feature/search/impl/SearchScreen.kt
2026-02-02 05:06:27,978 - Knowledge - INFO - Fast-tracked /app/data/T0015/313297/b6440qg/NowINAndroid/feature/search/api/src/main/kotlin/com/google/samples/apps/nowinandroid/feature/search/api/navigation/SearchNavKey.kt (ext=.kt, size=822)
2026-02-02 05:06:28,059 - Knowledge - INFO - Fast-tracked /app/data/T0015/313297/b6440qg/NowINAndroid/feature/settings/impl/src/main/res/values/strings.xml (ext=.xml, size=2188)
2026-02-02 05:06:28,162 - Knowledge - INFO - Fast-tracked /app/data/T0015/313297/b6440qg/NowINAndroid/feature/settings/impl/README.md (ext=.md, size=2810)
2026-02-02 05:06:28,268 - Knowledge - INFO - Worker kw8 processing /app/data/T0015/313297/b6440qg/NowINAndroid/feature/interests/impl/src/main/kotlin/com/google/samples/apps/nowinandroid/feature/interests/impl/InterestsScreen.kt
2026-02-02 05:06:28,386 - Knowledge - INFO - Fast-tracked /app/data/T0015/313297/b6440qg/NowINAndroid/feature/interests/api/src/main/res/values/strings.xml (ext=.xml, size=1004)
2026-02-02 05:06:28,444 - Knowledge - INFO - Worker kw10 processing /app/data/T0015/313297/b6440qg/NowINAndroid/feature/bookmarks/impl/src/test/kotlin/com/google/samples/apps/nowinandroid/feature/bookmarks/impl/BookmarksViewModelTest.kt
2026-02-02 05:06:28,632 - Knowledge - INFO - Batch sizing: calculated=6, max_allowed=10, queue=430, active_workers=10/12
2026-02-02 05:06:28,727 - Knowledge - INFO - [kw12] Queue=424, InProgress=0, PendingWorkers=10/12, Completed=0/484 (0.0%)
2026-02-02 05:06:28,807 - Knowledge - INFO - Worker kw14 created using shared MongoDB connection pool
2026-02-02 05:06:28,807 - Knowledge - INFO - knowledge worker kw13 start
2026-02-02 05:06:28,908 - Knowledge - INFO - Fast-tracked /app/data/T0015/313297/b6440qg/NowINAndroid/feature/search/impl/src/test/kotlin/com/google/samples/apps/nowinandroid/feature/search/impl/SearchViewModelTest.kt (ext=.kt, size=7178)
2026-02-02 05:06:29,031 - Knowledge - INFO - Fast-tracked /app/data/T0015/313297/b6440qg/NowINAndroid/feature/foryou/api/src/main/res/drawable/feature_foryou_api_ic_icon_placeholder.xml (ext=.xml, size=1301)
2026-02-02 05:06:29,119 - Knowledge - INFO - Worker kw4 processing /app/data/T0015/313297/b6440qg/NowINAndroid/feature/search/impl/src/main/kotlin/com/google/samples/apps/nowinandroid/feature/search/impl/SearchViewModel.kt
2026-02-02 05:06:29,185 - Knowledge - INFO - Worker kw5 processing /app/data/T0015/313297/b6440qg/NowINAndroid/feature/search/api/src/main/AndroidManifest.xml
2026-02-02 05:06:29,270 - Knowledge - INFO - Worker kw6 processing /app/data/T0015/313297/b6440qg/NowINAndroid/feature/settings/impl/src/main/kotlin/com/google/samples/apps/nowinandroid/feature/settings/impl/SettingsViewModel.kt
2026-02-02 05:06:29,382 - Knowledge - INFO - Worker kw7 processing /app/data/T0015/313297/b6440qg/NowINAndroid/feature/interests/impl/src/test/kotlin/com/google/samples/apps/nowinandroid/interests/impl/InterestsViewModelTest.kt
2026-02-02 05:06:29,484 - Knowledge - INFO - Worker kw8 processing /app/data/T0015/313297/b6440qg/NowINAndroid/feature/interests/impl/src/main/kotlin/com/google/samples/apps/nowinandroid/feature/interests/impl/TabContent.kt
2026-02-02 05:06:29,568 - Knowledge - INFO - Worker kw9 processing /app/data/T0015/313297/b6440qg/NowINAndroid/feature/interests/api/src/main/res/drawable/feature_interests_api_ic_detail_placeholder.xml
2026-02-02 05:06:29,664 - Knowledge - INFO - Fast-tracked /app/data/T0015/313297/b6440qg/NowINAndroid/feature/bookmarks/impl/src/test/kotlin/com/google/samples/apps/nowinandroid/feature/bookmarks/impl/BookmarksViewModelTest.kt (ext=.kt, size=5494)
2026-02-02 05:06:29,763 - Knowledge - INFO - Worker kw11 processing /app/data/T0015/313297/b6440qg/NowINAndroid/feature/bookmarks/impl/build.gradle.kts
2026-02-02 05:06:29,893 - Knowledge - INFO - Batch sizing: calculated=6, max_allowed=10, queue=424, active_workers=11/13
2026-02-02 05:06:29,986 - Knowledge - INFO - knowledge worker kw14 start
2026-02-02 05:06:29,987 - Knowledge - INFO - Worker kw15 created using shared MongoDB connection pool
2026-02-02 05:06:30,067 - Knowledge - INFO - [kw13] Queue=418, InProgress=0, PendingWorkers=11/14, Completed=0/484 (0.0%)
2026-02-02 05:06:30,170 - Knowledge - INFO - Worker kw3 processing /app/data/T0015/313297/b6440qg/NowINAndroid/feature/search/impl/src/androidTest/kotlin/com/google/samples/apps/nowinandroid/feature/search/impl/SearchScreenTest.kt
2026-02-02 05:06:30,268 - Knowledge - INFO - Worker kw2 processing /app/data/T0015/313297/b6440qg/NowINAndroid/feature/foryou/api/src/main/kotlin/com/google/samples/apps/nowinandroid/feature/foryou/api/navigation/ForYouNavKey.kt
2026-02-02 05:06:30,395 - Knowledge - INFO - Worker kw4 processing /app/data/T0015/313297/b6440qg/NowINAndroid/feature/search/impl/build.gradle.kts
2026-02-02 05:06:30,457 - Knowledge - INFO - Fast-tracked /app/data/T0015/313297/b6440qg/NowINAndroid/feature/search/api/src/main/AndroidManifest.xml (ext=.xml, size=684)
2026-02-02 05:06:30,630 - Knowledge - INFO - Worker kw6 processing /app/data/T0015/313297/b6440qg/NowINAndroid/feature/settings/impl/src/main/kotlin/com/google/samples/apps/nowinandroid/feature/settings/impl/SettingsDialog.kt
2026-02-02 05:06:30,972 - Knowledge - INFO - Fast-tracked /app/data/T0015/313297/b6440qg/NowINAndroid/feature/interests/impl/src/test/kotlin/com/google/samples/apps/nowinandroid/interests/impl/InterestsViewModelTest.kt (ext=.kt, size=7936)
2026-02-02 05:06:31,070 - Knowledge - INFO - Worker kw8 processing /app/data/T0015/313297/b6440qg/NowINAndroid/feature/interests/impl/build.gradle.kts
2026-02-02 05:06:31,181 - Knowledge - INFO - Fast-tracked /app/data/T0015/313297/b6440qg/NowINAndroid/feature/interests/api/src/main/res/drawable/feature_interests_api_ic_detail_placeholder.xml (ext=.xml, size=2617)
2026-02-02 05:06:31,288 - Knowledge - INFO - Worker kw10 processing /app/data/T0015/313297/b6440qg/NowINAndroid/feature/bookmarks/impl/src/androidTest/kotlin/com/google/samples/apps/nowinandroid/feature/bookmarks/impl/BookmarksScreenTest.kt
2026-02-02 05:06:31,430 - Knowledge - INFO - Fast-tracked /app/data/T0015/313297/b6440qg/NowINAndroid/feature/bookmarks/impl/build.gradle.kts (ext=.kts, size=1164)
2026-02-02 05:06:31,463 - Knowledge - INFO - Worker kw12 processing /app/data/T0015/313297/b6440qg/NowINAndroid/feature/bookmarks/api/README.md
2026-02-02 05:06:31,540 - Knowledge - INFO - [kw14] Queue=412, InProgress=0, PendingWorkers=12/14, Completed=0/484 (0.0%)
2026-02-02 05:06:31,630 - Knowledge - INFO - knowledge worker kw15 start
2026-02-02 05:06:31,630 - Knowledge - INFO - Worker kw16 created using shared MongoDB connection pool
2026-02-02 05:06:31,722 - Knowledge - INFO - Batch sizing: calculated=6, max_allowed=10, queue=418, active_workers=12/15
2026-02-02 05:06:31,813 - Knowledge - INFO - Worker kw3 processing /app/data/T0015/313297/b6440qg/NowINAndroid/feature/search/impl/src/main/kotlin/com/google/samples/apps/nowinandroid/feature/search/impl/navigation/SearchEntryProvider.kt
2026-02-02 05:06:31,955 - Knowledge - INFO - Fast-tracked /app/data/T0015/313297/b6440qg/NowINAndroid/feature/foryou/api/src/main/kotlin/com/google/samples/apps/nowinandroid/feature/foryou/api/navigation/ForYouNavKey.kt (ext=.kt, size=822)
2026-02-02 05:06:32,070 - Knowledge - INFO - Fast-tracked /app/data/T0015/313297/b6440qg/NowINAndroid/feature/search/impl/build.gradle.kts (ext=.kts, size=1270)
2026-02-02 05:06:32,207 - Knowledge - INFO - Worker kw5 processing /app/data/T0015/313297/b6440qg/NowINAndroid/feature/search/api/build.gradle.kts
2026-02-02 05:06:32,347 - Knowledge - INFO - Worker kw6 processing /app/data/T0015/313297/b6440qg/NowINAndroid/feature/settings/impl/src/main/AndroidManifest.xml
2026-02-02 05:06:32,505 - Knowledge - INFO - Worker kw7 processing /app/data/T0015/313297/b6440qg/NowINAndroid/feature/interests/impl/src/test/kotlin/com/google/samples/apps/nowinandroid/interests/impl/InterestsListDetailScreenTest.kt
2026-02-02 05:06:32,667 - Knowledge - INFO - Worker kw8 processing /app/data/T0015/313297/b6440qg/NowINAndroid/feature/interests/impl/README.md
2026-02-02 05:06:32,700 - Knowledge - INFO - Worker kw9 processing /app/data/T0015/313297/b6440qg/NowINAndroid/feature/interests/api/src/main/kotlin/com/google/samples/apps/nowinandroid/feature/interests/api/navigation/InterestsNavKey.kt
2026-02-02 05:06:32,824 - Knowledge - INFO - Worker kw10 processing /app/data/T0015/313297/b6440qg/NowINAndroid/feature/bookmarks/impl/src/main/kotlin/com/google/samples/apps/nowinandroid/feature/bookmarks/impl/navigation/BookmarksEntryProvider.kt
2026-02-02 05:06:33,001 - Knowledge - INFO - Worker kw11 processing /app/data/T0015/313297/b6440qg/NowINAndroid/feature/bookmarks/impl/README.md
2026-02-02 05:06:33,203 - Knowledge - INFO - Fast-tracked /app/data/T0015/313297/b6440qg/NowINAndroid/feature/bookmarks/api/README.md (ext=.md, size=1686)
2026-02-02 05:06:33,266 - Knowledge - INFO - Batch sizing: calculated=6, max_allowed=10, queue=412, active_workers=12/15
2026-02-02 05:06:33,426 - Knowledge - INFO - [kw15] Queue=412, InProgress=0, PendingWorkers=12/15, Completed=0/484 (0.0%)
2026-02-02 05:06:33,533 - Knowledge - INFO - knowledge worker kw16 start
2026-02-02 05:06:33,539 - Knowledge - INFO - Worker kw17 created using shared MongoDB connection pool
2026-02-02 05:06:33,612 - Knowledge - INFO - Worker kw13 processing /app/data/T0015/313297/b6440qg/NowINAndroid/feature/topic/impl/build.gradle.kts
2026-02-02 05:06:33,773 - Knowledge - INFO - Fast-tracked /app/data/T0015/313297/b6440qg/NowINAndroid/feature/search/impl/src/main/kotlin/com/google/samples/apps/nowinandroid/feature/search/impl/navigation/SearchEntryProvider.kt (ext=.kt, size=1521)
2026-02-02 05:06:33,827 - Knowledge - INFO - Processing batch of 6 files
2026-02-02 05:06:34,074 - Knowledge - INFO - Fast-tracked /app/data/T0015/313297/b6440qg/NowINAndroid/feature/search/api/build.gradle.kts (ext=.kts, size=833)
2026-02-02 05:06:34,274 - Knowledge - INFO - Fast-tracked /app/data/T0015/313297/b6440qg/NowINAndroid/feature/settings/impl/src/main/AndroidManifest.xml (ext=.xml, size=1105)
2026-02-02 05:06:34,405 - Knowledge - INFO - Fast-tracked /app/data/T0015/313297/b6440qg/NowINAndroid/feature/interests/impl/src/test/kotlin/com/google/samples/apps/nowinandroid/interests/impl/InterestsListDetailScreenTest.kt (ext=.kt, size=7430)
2026-02-02 05:06:34,636 - Knowledge - INFO - Fast-tracked /app/data/T0015/313297/b6440qg/NowINAndroid/feature/interests/impl/README.md (ext=.md, size=139)
2026-02-02 05:06:34,701 - Knowledge - INFO - Fast-tracked /app/data/T0015/313297/b6440qg/NowINAndroid/feature/interests/api/src/main/kotlin/com/google/samples/apps/nowinandroid/feature/interests/api/navigation/InterestsNavKey.kt (ext=.kt, size=955)
2026-02-02 05:06:34,795 - Knowledge - INFO - Worker kw10 processing /app/data/T0015/313297/b6440qg/NowINAndroid/feature/bookmarks/impl/src/main/kotlin/com/google/samples/apps/nowinandroid/feature/bookmarks/impl/BookmarksViewModel.kt
2026-02-02 05:06:34,896 - Knowledge - INFO - Fast-tracked /app/data/T0015/313297/b6440qg/NowINAndroid/feature/bookmarks/impl/README.md (ext=.md, size=3295)
2026-02-02 05:06:35,050 - Knowledge - INFO - Worker kw12 processing /app/data/T0015/313297/b6440qg/NowINAndroid/feature/topic/impl/src/test/kotlin/com/google/samples/apps/nowinandroid/feature/topic/impl/TopicViewModelTest.kt
2026-02-02 05:06:35,198 - Knowledge - INFO - Worker kw14 processing /app/data/T0015/313297/b6440qg/NowINAndroid/feature/topic/api/README.md
2026-02-02 05:06:35,286 - Knowledge - INFO - Batch sizing: calculated=6, max_allowed=10, queue=412, active_workers=14/16
2026-02-02 05:06:35,432 - Knowledge - INFO - knowledge worker kw17 start
2026-02-02 05:06:35,435 - Knowledge - INFO - Worker kw18 created using shared MongoDB connection pool
2026-02-02 05:06:35,538 - Knowledge - INFO - [kw16] Queue=400, InProgress=0, PendingWorkers=14/17, Completed=6/484 (1.2%)
2026-02-02 05:06:35,639 - Knowledge - INFO - Fast-tracked /app/data/T0015/313297/b6440qg/NowINAndroid/feature/topic/impl/build.gradle.kts (ext=.kts, size=1283)
2026-02-02 05:06:35,865 - Knowledge - INFO - process ingested knowledge for /app/data/T0015/313297/b6440qg/NowINAndroid/feature/foryou/impl/src/main/kotlin/com/google/samples/apps/nowinandroid/feature/foryou/impl/OnboardingUiState.kt
2026-02-02 05:06:35,993 - Knowledge - INFO - Worker kw5 processing /app/data/T0015/313297/b6440qg/NowINAndroid/feature/search/api/README.md
2026-02-02 05:06:36,179 - Knowledge - INFO - Worker kw7 processing /app/data/T0015/313297/b6440qg/NowINAndroid/feature/interests/impl/src/androidTest/kotlin/com/google/samples/apps/nowinandroid/feature/interests/impl/InterestsScreenTest.kt
2026-02-02 05:06:36,399 - Knowledge - INFO - Fast-tracked /app/data/T0015/313297/b6440qg/NowINAndroid/feature/interests/impl/src/main/kotlin/com/google/samples/apps/nowinandroid/feature/interests/impl/InterestsDetailPlaceholder.kt (small file (2725 bytes))
2026-02-02 05:06:36,447 - Knowledge - INFO - Worker kw9 processing /app/data/T0015/313297/b6440qg/NowINAndroid/feature/interests/api/src/main/AndroidManifest.xml
2026-02-02 05:06:36,589 - Knowledge - INFO - Worker kw10 processing /app/data/T0015/313297/b6440qg/NowINAndroid/feature/bookmarks/impl/src/main/kotlin/com/google/samples/apps/nowinandroid/feature/bookmarks/impl/BookmarksScreen.kt
2026-02-02 05:06:36,681 - Knowledge - INFO - Worker kw11 processing /app/data/T0015/313297/b6440qg/NowINAndroid/feature/bookmarks/api/src/main/res/values/strings.xml
2026-02-02 05:06:36,852 - Knowledge - INFO - Fast-tracked /app/data/T0015/313297/b6440qg/NowINAndroid/feature/topic/impl/src/test/kotlin/com/google/samples/apps/nowinandroid/feature/topic/impl/TopicViewModelTest.kt (ext=.kt, size=9468)
2026-02-02 05:06:36,888 - Knowledge - INFO - [LLM_CALL] Completed: ForYouScreenTest.kt:chunk1, Duration: 10328ms, PromptTokens: 4752, CompletionTokens: 691, Cost: $0.00075
2026-02-02 05:06:36,902 - Knowledge - INFO - Fast-tracked /app/data/T0015/313297/b6440qg/NowINAndroid/feature/topic/api/README.md (ext=.md, size=129)
2026-02-02 05:06:37,095 - Knowledge - INFO - [kw17] Queue=394, InProgress=0, PendingWorkers=15/17, Completed=6/484 (1.2%)
2026-02-02 05:06:37,180 - Knowledge - INFO - knowledge worker kw18 start
2026-02-02 05:06:37,180 - Knowledge - INFO - Worker kw19 created using shared MongoDB connection pool
2026-02-02 05:06:37,265 - Knowledge - INFO - Batch sizing: calculated=6, max_allowed=10, queue=400, active_workers=15/18
2026-02-02 05:06:37,381 - Knowledge - INFO - Worker kw13 processing /app/data/T0015/313297/b6440qg/NowINAndroid/feature/topic/impl/README.md
2026-02-02 05:06:37,469 - Knowledge - INFO - process ingested knowledge for /app/data/T0015/313297/b6440qg/NowINAndroid/feature/foryou/impl/build.gradle.kts
2026-02-02 05:06:37,561 - Knowledge - INFO - Fast-tracked /app/data/T0015/313297/b6440qg/NowINAndroid/feature/search/api/README.md (ext=.md, size=2729)
2026-02-02 05:06:37,627 - Knowledge - INFO - Worker kw7 processing /app/data/T0015/313297/b6440qg/NowINAndroid/feature/interests/impl/src/main/kotlin/com/google/samples/apps/nowinandroid/feature/interests/impl/navigation/InterestsEntryProvider.kt
2026-02-02 05:06:37,840 - Knowledge - INFO - Fast-tracked /app/data/T0015/313297/b6440qg/NowINAndroid/feature/interests/api/src/main/AndroidManifest.xml (ext=.xml, size=683)
2026-02-02 05:06:38,046 - Knowledge - INFO - Worker kw10 processing /app/data/T0015/313297/b6440qg/NowINAndroid/feature/bookmarks/impl/src/main/AndroidManifest.xml
2026-02-02 05:06:38,234 - Knowledge - INFO - Fast-tracked /app/data/T0015/313297/b6440qg/NowINAndroid/feature/bookmarks/api/src/main/res/values/strings.xml (ext=.xml, size=1167)
2026-02-02 05:06:38,240 - Knowledge - INFO - Worker kw12 processing /app/data/T0015/313297/b6440qg/NowINAndroid/feature/topic/impl/src/androidTest/kotlin/com/google/samples/apps/nowinandroid/feature/topic/impl/TopicScreenTest.kt
2026-02-02 05:06:38,341 - Knowledge - INFO - done ingest for /app/data/T0015/313297/b6440qg/NowINAndroid/feature/foryou/impl/src/androidTest/kotlin/com/google/samples/apps/nowinandroid/feature/foryou/impl/ForYouScreenTest.kt
2026-02-02 05:06:38,343 - Knowledge - INFO - Worker kw15 processing /app/data/T0015/313297/b6440qg/NowINAndroid/app-nia-catalog/src/main/res/mipmap-anydpi-v26/ic_launcher_round.xml
2026-02-02 05:06:38,433 - Knowledge - INFO - Worker kw14 processing /app/data/T0015/313297/b6440qg/NowINAndroid/app-nia-catalog/src/main/res/values/strings.xml
2026-02-02 05:06:39,978 - Knowledge - INFO - Fast-tracked /app/data/T0015/313297/b6440qg/NowINAndroid/app-nia-catalog/src/main/res/mipmap-anydpi-v26/ic_launcher_round.xml (ext=.xml, size=973)
2026-02-02 05:06:38,651 - Knowledge - INFO - [kw18] Queue=394, InProgress=0, PendingWorkers=15/18, Completed=6/484 (1.2%)
2026-02-02 05:06:38,751 - Knowledge - INFO - knowledge worker kw19 start
2026-02-02 05:06:38,769 - Knowledge - INFO - Worker kw20 created using shared MongoDB connection pool
2026-02-02 05:06:38,837 - Knowledge - INFO - Worker kw16 processing /app/data/T0015/313297/b6440qg/NowINAndroid/app-nia-catalog/dependencies/releaseRuntimeClasspath.txt
2026-02-02 05:06:39,033 - Knowledge - INFO - Fast-tracked /app/data/T0015/313297/b6440qg/NowINAndroid/feature/topic/impl/README.md (ext=.md, size=131)
2026-02-02 05:06:39,089 - Knowledge - INFO - process ingested knowledge for /app/data/T0015/313297/b6440qg/NowINAndroid/feature/foryou/impl/README.md
2026-02-02 05:06:39,202 - Knowledge - INFO - Processing batch of 6 files
2026-02-02 05:06:39,425 - Knowledge - INFO - Worker kw9 processing /app/data/T0015/313297/b6440qg/NowINAndroid/feature/interests/api/build.gradle.kts
2026-02-02 05:06:39,566 - Knowledge - INFO - Fast-tracked /app/data/T0015/313297/b6440qg/NowINAndroid/feature/bookmarks/impl/src/main/AndroidManifest.xml (ext=.xml, size=683)
2026-02-02 05:06:39,637 - Knowledge - INFO - Worker kw11 processing /app/data/T0015/313297/b6440qg/NowINAndroid/feature/bookmarks/api/src/main/res/drawable/feature_bookmarks_api_mg_empty_bookmarks.xml
2026-02-02 05:06:39,727 - Knowledge - INFO - Worker kw12 processing /app/data/T0015/313297/b6440qg/NowINAndroid/feature/topic/impl/src/main/kotlin/com/google/samples/apps/nowinandroid/feature/topic/impl/navigation/TopicEntryProvider.kt
2026-02-02 05:06:38,541 - Knowledge - INFO - Batch sizing: calculated=6, max_allowed=10, queue=394, active_workers=15/18
2026-02-02 05:06:40,132 - Knowledge - INFO - Fast-tracked /app/data/T0015/313297/b6440qg/NowINAndroid/app-nia-catalog/src/main/res/values/strings.xml (ext=.xml, size=744)
2026-02-02 05:06:40,233 - Knowledge - INFO - Worker kw15 processing /app/data/T0015/313297/b6440qg/NowINAndroid/app-nia-catalog/src/main/kotlin/com/google/samples/apps/niacatalog/ui/Catalog.kt
2026-02-02 05:06:40,430 - Knowledge - INFO - Batch sizing: calculated=6, max_allowed=10, queue=394, active_workers=16/19
2026-02-02 05:06:40,577 - Knowledge - INFO - [kw19] Queue=388, InProgress=0, PendingWorkers=16/19, Completed=12/484 (2.5%)
2026-02-02 05:06:40,675 - Knowledge - INFO - knowledge worker kw20 start
2026-02-02 05:06:40,971 - Knowledge - INFO - Worker kw13 processing /app/data/T0015/313297/b6440qg/NowINAndroid/feature/topic/api/src/main/res/values/strings.xml
2026-02-02 05:06:40,977 - Knowledge - INFO - Fast-tracked /app/data/T0015/313297/b6440qg/NowINAndroid/app-nia-catalog/dependencies/releaseRuntimeClasspath.txt (ext=.txt, size=6674)
2026-02-02 05:06:41,067 - Knowledge - INFO - process ingested knowledge for /app/data/T0015/313297/b6440qg/NowINAndroid/feature/foryou/api/src/main/res/values/strings.xml
2026-02-02 05:06:41,263 - Knowledge - INFO - process ingested knowledge for /app/data/T0015/313297/b6440qg/NowINAndroid/feature/search/impl/README.md
2026-02-02 05:06:41,367 - Knowledge - INFO - Fast-tracked /app/data/T0015/313297/b6440qg/NowINAndroid/feature/interests/api/build.gradle.kts (ext=.kts, size=775)
2026-02-02 05:06:41,660 - Knowledge - INFO - Fast-tracked /app/data/T0015/313297/b6440qg/NowINAndroid/feature/bookmarks/api/src/main/res/drawable/feature_bookmarks_api_mg_empty_bookmarks.xml (ext=.xml, size=2328)
2026-02-02 05:06:41,823 - Knowledge - INFO - Worker kw12 processing /app/data/T0015/313297/b6440qg/NowINAndroid/feature/topic/impl/src/main/kotlin/com/google/samples/apps/nowinandroid/feature/topic/impl/TopicViewModel.kt
2026-02-02 05:06:41,974 - Knowledge - INFO - Worker kw17 processing /app/data/T0015/313297/b6440qg/NowINAndroid/benchmarks/src/main/kotlin/com/google/samples/apps/nowinandroid/baselineprofile/InterestsBaselineProfile.kt
2026-02-02 05:06:42,076 - Knowledge - INFO - Worker kw14 processing /app/data/T0015/313297/b6440qg/NowINAndroid/app-nia-catalog/src/main/res/values/themes.xml
2026-02-02 05:06:42,313 - Knowledge - INFO - Worker kw18 processing /app/data/T0015/313297/b6440qg/NowINAndroid/benchmarks/src/main/kotlin/com/google/samples/apps/nowinandroid/Utils.kt
2026-02-02 05:06:42,320 - Knowledge - INFO - Worker kw15 processing /app/data/T0015/313297/b6440qg/NowINAndroid/app-nia-catalog/src/main/kotlin/com/google/samples/apps/niacatalog/NiaCatalogActivity.kt
2026-02-02 05:06:42,417 - Knowledge - INFO - Batch sizing: calculated=6, max_allowed=10, queue=388, active_workers=18/20
2026-02-02 05:06:42,613 - Knowledge - INFO - [kw20] Queue=376, InProgress=0, PendingWorkers=18/20, Completed=12/484 (2.5%)
2026-02-02 05:06:42,725 - Knowledge - INFO - Fast-tracked /app/data/T0015/313297/b6440qg/NowINAndroid/feature/topic/api/src/main/res/values/strings.xml (ext=.xml, size=764)
2026-02-02 05:06:42,818 - Knowledge - INFO - Worker kw16 processing /app/data/T0015/313297/b6440qg/NowINAndroid/settings.gradle.kts
2026-02-02 05:06:42,952 - Knowledge - INFO - process ingested knowledge for /app/data/T0015/313297/b6440qg/NowINAndroid/feature/foryou/api/src/main/res/drawable/feature_foryou_api_ic_icon_placeholder.xml
2026-02-02 05:06:43,137 - Knowledge - INFO - process ingested knowledge for /app/data/T0015/313297/b6440qg/NowINAndroid/feature/search/api/src/main/res/values/strings.xml
2026-02-02 05:06:43,301 - Knowledge - INFO - Worker kw9 processing /app/data/T0015/313297/b6440qg/NowINAndroid/feature/interests/api/README.md
2026-02-02 05:06:43,414 - Knowledge - INFO - Worker kw11 processing /app/data/T0015/313297/b6440qg/NowINAndroid/feature/bookmarks/api/src/main/kotlin/com/google/samples/apps/nowinandroid/feature/bookmarks/api/navigation/BookmarksNavKey.kt
2026-02-02 05:06:43,582 - Knowledge - INFO - Worker kw12 processing /app/data/T0015/313297/b6440qg/NowINAndroid/feature/topic/impl/src/main/kotlin/com/google/samples/apps/nowinandroid/feature/topic/impl/TopicScreen.kt
2026-02-02 05:06:43,771 - Knowledge - INFO - Fast-tracked /app/data/T0015/313297/b6440qg/NowINAndroid/benchmarks/src/main/kotlin/com/google/samples/apps/nowinandroid/baselineprofile/InterestsBaselineProfile.kt (ext=.kt, size=1490)
2026-02-02 05:06:43,962 - Knowledge - INFO - Fast-tracked /app/data/T0015/313297/b6440qg/NowINAndroid/app-nia-catalog/src/main/res/values/themes.xml (ext=.xml, size=783)
2026-02-02 05:06:44,094 - Knowledge - INFO - Fast-tracked /app/data/T0015/313297/b6440qg/NowINAndroid/feature/interests/impl/src/main/kotlin/com/google/samples/apps/nowinandroid/feature/interests/impl/navigation/InterestsEntryProvider.kt (small file (2479 bytes))
2026-02-02 05:06:44,116 - Knowledge - INFO - Worker kw18 processing /app/data/T0015/313297/b6440qg/NowINAndroid/benchmarks/src/main/kotlin/com/google/samples/apps/nowinandroid/interests/ScrollTopicListBenchmark.kt
2026-02-02 05:06:44,232 - Knowledge - INFO - Fast-tracked /app/data/T0015/313297/b6440qg/NowINAndroid/app-nia-catalog/src/main/kotlin/com/google/samples/apps/niacatalog/NiaCatalogActivity.kt (ext=.kt, size=1126)
2026-02-02 05:06:44,380 - Knowledge - INFO - Worker kw19 processing /app/data/T0015/313297/b6440qg/NowINAndroid/benchmarks/src/main/kotlin/com/google/samples/apps/nowinandroid/startup/StartupBenchmark.kt
2026-02-02 05:06:44,509 - Knowledge - INFO - Batch sizing: calculated=6, max_allowed=10, queue=376, active_workers=19/20
2026-02-02 05:06:44,629 - Knowledge - INFO - Worker kw13 processing /app/data/T0015/313297/b6440qg/NowINAndroid/feature/topic/api/src/main/kotlin/com/google/samples/apps/nowinandroid/feature/topic/api/navigation/TopicNavKey.kt
2026-02-02 05:06:44,804 - Knowledge - INFO - Worker kw16 processing /app/data/T0015/313297/b6440qg/NowINAndroid/AGENT.md
2026-02-02 05:06:44,888 - Knowledge - INFO - process ingested knowledge for /app/data/T0015/313297/b6440qg/NowINAndroid/feature/foryou/api/src/main/kotlin/com/google/samples/apps/nowinandroid/feature/foryou/api/navigation/ForYouNavKey.kt
2026-02-02 05:06:44,972 - Knowledge - INFO - process ingested knowledge for /app/data/T0015/313297/b6440qg/NowINAndroid/feature/search/api/src/main/kotlin/com/google/samples/apps/nowinandroid/feature/search/api/navigation/SearchNavKey.kt
2026-02-02 05:06:45,128 - Knowledge - INFO - Fast-tracked /app/data/T0015/313297/b6440qg/NowINAndroid/feature/interests/api/README.md (ext=.md, size=1686)
2026-02-02 05:06:45,331 - Knowledge - INFO - Fast-tracked /app/data/T0015/313297/b6440qg/NowINAndroid/feature/bookmarks/api/src/main/kotlin/com/google/samples/apps/nowinandroid/feature/bookmarks/api/navigation/BookmarksNavKey.kt (ext=.kt, size=828)
2026-02-02 05:06:45,447 - Knowledge - INFO - Worker kw17 processing /app/data/T0015/313297/b6440qg/NowINAndroid/benchmarks/src/main/kotlin/com/google/samples/apps/nowinandroid/baselineprofile/BookmarksBaselineProfile.kt
2026-02-02 05:06:45,545 - Knowledge - INFO - Fast-tracked /app/data/T0015/313297/b6440qg/NowINAndroid/feature/bookmarks/impl/src/main/kotlin/com/google/samples/apps/nowinandroid/feature/bookmarks/impl/navigation/BookmarksEntryProvider.kt (small file (2054 bytes))
2026-02-02 05:06:45,674 - Knowledge - INFO - Worker kw14 processing /app/data/T0015/313297/b6440qg/NowINAndroid/app-nia-catalog/src/main/res/drawable/ic_launcher_foreground.xml
2026-02-02 05:06:45,938 - Knowledge - INFO - [LLM_CALL] Completed: ForYouViewModel.kt:chunk1, Duration: 16461ms, PromptTokens: 3244, CompletionTokens: 746, Cost: $0.00062
2026-02-02 05:06:45,982 - Knowledge - INFO - Worker kw18 processing /app/data/T0015/313297/b6440qg/NowINAndroid/benchmarks/src/main/kotlin/com/google/samples/apps/nowinandroid/interests/ScrollTopicListPowerMetricsBenchmark.kt
2026-02-02 05:06:46,133 - Knowledge - INFO - Worker kw15 processing /app/data/T0015/313297/b6440qg/NowINAndroid/app-nia-catalog/src/main/AndroidManifest.xml
2026-02-02 05:06:46,360 - Knowledge - INFO - Worker kw19 processing /app/data/T0015/313297/b6440qg/NowINAndroid/benchmarks/src/main/AndroidManifest.xml
2026-02-02 05:06:46,606 - Knowledge - INFO - Fast-tracked /app/data/T0015/313297/b6440qg/NowINAndroid/feature/topic/api/src/main/kotlin/com/google/samples/apps/nowinandroid/feature/topic/api/navigation/TopicNavKey.kt (ext=.kt, size=1004)
2026-02-02 05:06:46,853 - Knowledge - INFO - Fast-tracked /app/data/T0015/313297/b6440qg/NowINAndroid/AGENT.md (ext=.md, size=3058)
2026-02-02 05:06:47,221 - Knowledge - INFO - Worker kw11 processing /app/data/T0015/313297/b6440qg/NowINAndroid/feature/bookmarks/api/build.gradle.kts
2026-02-02 05:06:47,360 - Knowledge - INFO - Fast-tracked /app/data/T0015/313297/b6440qg/NowINAndroid/benchmarks/src/main/kotlin/com/google/samples/apps/nowinandroid/baselineprofile/BookmarksBaselineProfile.kt (ext=.kt, size=1362)
2026-02-02 05:06:47,787 - Knowledge - INFO - Fast-tracked /app/data/T0015/313297/b6440qg/NowINAndroid/app-nia-catalog/src/main/res/drawable/ic_launcher_foreground.xml (ext=.xml, size=2676)
2026-02-02 05:06:47,908 - Knowledge - INFO - done ingest for /app/data/T0015/313297/b6440qg/NowINAndroid/feature/foryou/impl/src/main/kotlin/com/google/samples/apps/nowinandroid/feature/foryou/impl/ForYouViewModel.kt
2026-02-02 05:06:47,932 - Knowledge - INFO - Worker kw20 processing /app/data/T0015/313297/b6440qg/NowINAndroid/app/src/androidTest/kotlin/com/google/samples/apps/nowinandroid/ui/NavigationTest.kt
2026-02-02 05:06:47,934 - Knowledge - INFO - process ingested knowledge for /app/data/T0015/313297/b6440qg/NowINAndroid/feature/search/api/src/main/AndroidManifest.xml
2026-02-02 05:06:47,990 - Knowledge - INFO - Processing batch of 6 files
2026-02-02 05:06:48,043 - Knowledge - INFO - Worker kw18 processing /app/data/T0015/313297/b6440qg/NowINAndroid/benchmarks/src/main/kotlin/com/google/samples/apps/nowinandroid/interests/TopicsScreenRecompositionBenchmark.kt
2026-02-02 05:06:48,143 - Knowledge - INFO - Fast-tracked /app/data/T0015/313297/b6440qg/NowINAndroid/app-nia-catalog/src/main/AndroidManifest.xml (ext=.xml, size=1504)
2026-02-02 05:06:48,262 - Knowledge - INFO - Fast-tracked /app/data/T0015/313297/b6440qg/NowINAndroid/benchmarks/src/main/AndroidManifest.xml (ext=.xml, size=683)
2026-02-02 05:06:48,442 - Knowledge - INFO - Worker kw13 processing /app/data/T0015/313297/b6440qg/NowINAndroid/feature/topic/api/src/main/AndroidManifest.xml
2026-02-02 05:06:48,591 - Knowledge - INFO - Worker kw16 processing /app/data/T0015/313297/b6440qg/NowINAndroid/benchmarks/src/main/kotlin/androidx/test/uiautomator/UiAutomatorHelpers.kt
2026-02-02 05:06:48,828 - Knowledge - INFO - [LLM_CALL] Completed: SearchScreenTest.kt:chunk1, Duration: 13035ms, PromptTokens: 4168, CompletionTokens: 855, Cost: $0.00076
2026-02-02 05:06:48,838 - Knowledge - INFO - Fast-tracked /app/data/T0015/313297/b6440qg/NowINAndroid/feature/bookmarks/api/build.gradle.kts (ext=.kts, size=775)
2026-02-02 05:06:48,855 - Knowledge - INFO - Fast-tracked /app/data/T0015/313297/b6440qg/NowINAndroid/feature/interests/impl/build.gradle.kts (small file (2020 bytes))
2026-02-02 05:06:48,933 - Knowledge - INFO - Worker kw17 processing /app/data/T0015/313297/b6440qg/NowINAndroid/benchmarks/src/main/kotlin/com/google/samples/apps/nowinandroid/baselineprofile/ForYouBaselineProfile.kt
2026-02-02 05:06:49,002 - Knowledge - INFO - Fast-tracked /app/data/T0015/313297/b6440qg/NowINAndroid/feature/topic/impl/src/main/kotlin/com/google/samples/apps/nowinandroid/feature/topic/impl/navigation/TopicEntryProvider.kt (small file (2073 bytes))
2026-02-02 05:06:49,017 - Knowledge - INFO - Worker kw14 processing /app/data/T0015/313297/b6440qg/NowINAndroid/app-nia-catalog/src/main/res/drawable/ic_launcher_background.xml
2026-02-02 05:06:49,371 - Knowledge - INFO - Worker kw20 processing /app/data/T0015/313297/b6440qg/NowINAndroid/app/src/androidTest/kotlin/com/google/samples/apps/nowinandroid/ui/UiTestExtensions.kt
2026-02-02 05:06:49,517 - Knowledge - INFO - process ingested knowledge for /app/data/T0015/313297/b6440qg/NowINAndroid/feature/search/api/build.gradle.kts
2026-02-02 05:06:49,626 - Knowledge - INFO - process ingested knowledge for /app/data/T0015/313297/b6440qg/NowINAndroid/feature/interests/api/src/main/res/values/strings.xml
2026-02-02 05:06:49,874 - Knowledge - INFO - Worker kw18 processing /app/data/T0015/313297/b6440qg/NowINAndroid/benchmarks/src/main/kotlin/com/google/samples/apps/nowinandroid/interests/InterestsActions.kt
2026-02-02 05:06:49,918 - Knowledge - INFO - Worker kw15 processing /app/data/T0015/313297/b6440qg/NowINAndroid/app-nia-catalog/build.gradle.kts
2026-02-02 05:06:50,128 - Knowledge - INFO - Worker kw19 processing /app/data/T0015/313297/b6440qg/NowINAndroid/benchmarks/build.gradle.kts
2026-02-02 05:06:50,196 - Knowledge - INFO - Fast-tracked /app/data/T0015/313297/b6440qg/NowINAndroid/feature/topic/api/src/main/AndroidManifest.xml (ext=.xml, size=684)
2026-02-02 05:06:50,680 - Knowledge - INFO - Fast-tracked /app/data/T0015/313297/b6440qg/NowINAndroid/benchmarks/src/main/kotlin/androidx/test/uiautomator/UiAutomatorHelpers.kt (ext=.kt, size=1519)
2026-02-02 05:06:50,693 - Knowledge - INFO - done ingest for /app/data/T0015/313297/b6440qg/NowINAndroid/feature/search/impl/src/androidTest/kotlin/com/google/samples/apps/nowinandroid/feature/search/impl/SearchScreenTest.kt
2026-02-02 05:06:50,962 - Knowledge - INFO - Processing batch of 6 files
2026-02-02 05:06:51,230 - Knowledge - INFO - Fast-tracked /app/data/T0015/313297/b6440qg/NowINAndroid/benchmarks/src/main/kotlin/com/google/samples/apps/nowinandroid/baselineprofile/ForYouBaselineProfile.kt (ext=.kt, size=1587)
2026-02-02 05:06:51,613 - Knowledge - INFO - Fast-tracked /app/data/T0015/313297/b6440qg/NowINAndroid/app-nia-catalog/src/main/res/drawable/ic_launcher_background.xml (ext=.xml, size=955)
2026-02-02 05:06:51,762 - Knowledge - INFO - [LLM_CALL] Completed: SearchViewModel.kt:chunk1, Duration: 16470ms, PromptTokens: 3328, CompletionTokens: 795, Cost: $0.00065
2026-02-02 05:06:51,807 - Knowledge - INFO - Fast-tracked /app/data/T0015/313297/b6440qg/NowINAndroid/app/src/androidTest/kotlin/com/google/samples/apps/nowinandroid/ui/UiTestExtensions.kt (ext=.kt, size=978)
2026-02-02 05:06:52,137 - Knowledge - INFO - Fast-tracked /app/data/T0015/313297/b6440qg/NowINAndroid/benchmarks/src/main/kotlin/com/google/samples/apps/nowinandroid/interests/InterestsActions.kt (ext=.kt, size=1881)
2026-02-02 05:06:52,157 - Knowledge - INFO - process ingested knowledge for /app/data/T0015/313297/b6440qg/NowINAndroid/feature/search/api/README.md
2026-02-02 05:06:52,167 - Knowledge - INFO - process ingested knowledge for /app/data/T0015/313297/b6440qg/NowINAndroid/feature/interests/api/src/main/res/drawable/feature_interests_api_ic_detail_placeholder.xml
2026-02-02 05:06:52,246 - Knowledge - INFO - Worker kw15 processing /app/data/T0015/313297/b6440qg/NowINAndroid/app-nia-catalog/README.md
2026-02-02 05:06:52,346 - Knowledge - INFO - Worker kw19 processing /app/data/T0015/313297/b6440qg/NowINAndroid/benchmarks/README.md
2026-02-02 05:06:52,377 - Knowledge - INFO - Worker kw13 processing /app/data/T0015/313297/b6440qg/NowINAndroid/feature/topic/api/build.gradle.kts
2026-02-02 05:06:52,490 - Knowledge - INFO - Worker kw16 processing /app/data/T0015/313297/b6440qg/NowINAndroid/benchmarks/src/main/kotlin/com/google/samples/apps/nowinandroid/BaselineProfileMetrics.kt
2026-02-02 05:06:52,709 - Knowledge - INFO - process ingested knowledge for /app/data/T0015/313297/b6440qg/NowINAndroid/feature/bookmarks/impl/build.gradle.kts
2026-02-02 05:06:52,840 - Knowledge - INFO - Worker kw17 processing /app/data/T0015/313297/b6440qg/NowINAndroid/benchmarks/src/main/kotlin/com/google/samples/apps/nowinandroid/foryou/ForYouActions.kt
2026-02-02 05:06:52,969 - Knowledge - INFO - Worker kw14 processing /app/data/T0015/313297/b6440qg/NowINAndroid/app-nia-catalog/src/main/res/mipmap-anydpi-v26/ic_launcher.xml
2026-02-02 05:06:53,229 - Knowledge - INFO - done ingest for /app/data/T0015/313297/b6440qg/NowINAndroid/feature/search/impl/src/main/kotlin/com/google/samples/apps/nowinandroid/feature/search/impl/SearchViewModel.kt
2026-02-02 05:06:53,312 - Knowledge - INFO - Worker kw20 processing /app/data/T0015/313297/b6440qg/NowINAndroid/app/src/testDemo/kotlin/com/google/samples/apps/nowinandroid/ui/SnackbarInsetsScreenshotTests.kt
2026-02-02 05:06:53,446 - Knowledge - INFO - Worker kw18 processing /app/data/T0015/313297/b6440qg/NowINAndroid/benchmarks/src/main/kotlin/com/google/samples/apps/nowinandroid/bookmarks/BookmarksActions.kt
2026-02-02 05:06:54,710 - Knowledge - INFO - Worker kw17 processing /app/data/T0015/313297/b6440qg/NowINAndroid/benchmarks/src/main/kotlin/com/google/samples/apps/nowinandroid/foryou/ScrollForYouFeedBenchmark.kt
2026-02-02 05:06:53,878 - Knowledge - INFO - Fast-tracked /app/data/T0015/313297/b6440qg/NowINAndroid/app-nia-catalog/README.md (ext=.md, size=1831)
2026-02-02 05:06:54,027 - Knowledge - INFO - Fast-tracked /app/data/T0015/313297/b6440qg/NowINAndroid/benchmarks/README.md (ext=.md, size=6146)
2026-02-02 05:06:54,299 - Knowledge - INFO - Fast-tracked /app/data/T0015/313297/b6440qg/NowINAndroid/feature/topic/api/build.gradle.kts (ext=.kts, size=890)
2026-02-02 05:06:54,410 - Knowledge - INFO - Fast-tracked /app/data/T0015/313297/b6440qg/NowINAndroid/benchmarks/src/main/kotlin/com/google/samples/apps/nowinandroid/BaselineProfileMetrics.kt (ext=.kt, size=1876)
2026-02-02 05:06:53,784 - Knowledge - INFO - Processing batch of 6 files
2026-02-02 05:06:54,887 - Knowledge - INFO - Fast-tracked /app/data/T0015/313297/b6440qg/NowINAndroid/app-nia-catalog/src/main/res/mipmap-anydpi-v26/ic_launcher.xml (ext=.xml, size=973)
2026-02-02 05:06:54,963 - Knowledge - INFO - process ingested knowledge for /app/data/T0015/313297/b6440qg/NowINAndroid/feature/interests/api/src/main/kotlin/com/google/samples/apps/nowinandroid/feature/interests/api/navigation/InterestsNavKey.kt
2026-02-02 05:06:54,963 - Knowledge - INFO - process ingested knowledge for /app/data/T0015/313297/b6440qg/NowINAndroid/feature/bookmarks/impl/README.md
2026-02-02 05:06:55,169 - Knowledge - INFO - Worker kw20 processing /app/data/T0015/313297/b6440qg/NowINAndroid/app/src/testDemo/kotlin/com/google/samples/apps/nowinandroid/ui/NiaAppScreenSizesScreenshotTests.kt
2026-02-02 05:06:55,332 - Knowledge - INFO - Fast-tracked /app/data/T0015/313297/b6440qg/NowINAndroid/benchmarks/src/main/kotlin/com/google/samples/apps/nowinandroid/bookmarks/BookmarksActions.kt (ext=.kt, size=1120)
2026-02-02 05:06:55,522 - Knowledge - INFO - Worker kw17 processing /app/data/T0015/313297/b6440qg/NowINAndroid/benchmarks/src/main/kotlin/com/google/samples/apps/nowinandroid/GeneralActions.kt
2026-02-02 05:06:55,752 - Knowledge - INFO - Worker kw19 processing /app/data/T0015/313297/b6440qg/NowINAndroid/tools/nowinandroid-codestyle.xml
2026-02-02 05:06:55,903 - Knowledge - INFO - [LLM_CALL] Completed: InterestsScreenTest.kt:chunk1, Duration: 16382ms, PromptTokens: 2604, CompletionTokens: 529, Cost: $0.00047
2026-02-02 05:06:56,094 - Knowledge - INFO - Worker kw16 processing /app/data/T0015/313297/b6440qg/NowINAndroid/benchmarks/src/main/kotlin/com/google/samples/apps/nowinandroid/baselineprofile/StartupBaselineProfile.kt
2026-02-02 05:06:56,228 - Knowledge - INFO - process ingested knowledge for /app/data/T0015/313297/b6440qg/NowINAndroid/feature/foryou/api/src/main/AndroidManifest.xml
2026-02-02 05:06:57,011 - Knowledge - INFO - Worker kw20 processing /app/data/T0015/313297/b6440qg/NowINAndroid/app/src/testDemo/kotlin/com/google/samples/apps/nowinandroid/ui/DeviceConfigurationOverrideWindowInsets.kt
2026-02-02 05:06:57,278 - Knowledge - INFO - Fast-tracked /app/data/T0015/313297/b6440qg/NowINAndroid/benchmarks/src/main/kotlin/com/google/samples/apps/nowinandroid/Utils.kt (small file (2127 bytes))
2026-02-02 05:06:57,279 - Knowledge - INFO - process ingested knowledge for /app/data/T0015/313297/b6440qg/NowINAndroid/feature/interests/api/src/main/AndroidManifest.xml
2026-02-02 05:06:57,308 - Knowledge - INFO - process ingested knowledge for /app/data/T0015/313297/b6440qg/NowINAndroid/feature/bookmarks/api/src/main/res/values/strings.xml
2026-02-02 05:06:57,622 - Knowledge - INFO - Fast-tracked /app/data/T0015/313297/b6440qg/NowINAndroid/tools/nowinandroid-codestyle.xml (ext=.xml, size=14326)
2026-02-02 05:06:57,775 - Knowledge - INFO - done ingest for /app/data/T0015/313297/b6440qg/NowINAndroid/feature/interests/impl/src/androidTest/kotlin/com/google/samples/apps/nowinandroid/feature/interests/impl/InterestsScreenTest.kt
2026-02-02 05:06:57,894 - Knowledge - INFO - Processing batch of 6 files
2026-02-02 05:06:57,907 - Knowledge - INFO - Processing batch of 6 files
2026-02-02 05:06:58,985 - Knowledge - INFO - Fast-tracked /app/data/T0015/313297/b6440qg/NowINAndroid/benchmarks/src/main/kotlin/com/google/samples/apps/nowinandroid/interests/ScrollTopicListBenchmark.kt (small file (2198 bytes))
2026-02-02 05:06:58,377 - Knowledge - INFO - Worker kw20 processing /app/data/T0015/313297/b6440qg/NowINAndroid/app/src/testDemo/kotlin/com/google/samples/apps/nowinandroid/ui/SnackbarScreenshotTests.kt
2026-02-02 05:06:58,959 - Knowledge - INFO - [WEBSOCKET] Sent: Type=progress_update, Size: 291, Duration: 0ms
2026-02-02 05:06:58,978 - Knowledge - INFO - process ingested knowledge for /app/data/T0015/313297/b6440qg/NowINAndroid/feature/foryou/api/build.gradle.kts
2026-02-02 05:06:57,999 - Knowledge - INFO - Fast-tracked /app/data/T0015/313297/b6440qg/NowINAndroid/benchmarks/src/main/kotlin/com/google/samples/apps/nowinandroid/baselineprofile/StartupBaselineProfile.kt (ext=.kt, size=1518)
2026-02-02 05:06:58,987 - Knowledge - INFO - process ingested knowledge for /app/data/T0015/313297/b6440qg/NowINAndroid/feature/interests/api/build.gradle.kts
2026-02-02 05:06:59,001 - Knowledge - INFO - Worker kw19 processing /app/data/T0015/313297/b6440qg/NowINAndroid/tools/setup.sh
2026-02-02 05:06:59,060 - Knowledge - INFO - process ingested knowledge for /app/data/T0015/313297/b6440qg/NowINAndroid/feature/bookmarks/api/src/main/res/drawable/feature_bookmarks_api_mg_empty_bookmarks.xml
2026-02-02 05:06:59,423 - Knowledge - INFO - process ingested knowledge for /app/data/T0015/313297/b6440qg/NowINAndroid/feature/topic/impl/build.gradle.kts
2026-02-02 05:06:59,583 - Knowledge - INFO - process ingested knowledge for /app/data/T0015/313297/b6440qg/NowINAndroid/feature/topic/api/README.md
2026-02-02 05:07:00,307 - Knowledge - INFO - [WEBSOCKET] Sent: Type=unknown, Size: ?, Duration: 1348ms
2026-02-02 05:07:00,606 - Knowledge - INFO - process ingested knowledge for /app/data/T0015/313297/b6440qg/NowINAndroid/feature/foryou/api/README.md
2026-02-02 05:07:00,770 - Knowledge - INFO - Fast-tracked /app/data/T0015/313297/b6440qg/NowINAndroid/settings.gradle.kts (small file (2724 bytes))
2026-02-02 05:07:00,853 - Knowledge - INFO - process ingested knowledge for /app/data/T0015/313297/b6440qg/NowINAndroid/feature/interests/api/README.md
2026-02-02 05:07:01,155 - Knowledge - INFO - Fast-tracked /app/data/T0015/313297/b6440qg/NowINAndroid/tools/setup.sh (ext=.sh, size=1470)
2026-02-02 05:07:01,704 - Knowledge - INFO - Progress: 8.7% | Files: 48/484 | Rate: 0.63 files/sec | Queue: 364
2026-02-02 05:07:01,743 - Knowledge - INFO - Processing batch of 6 files
2026-02-02 05:07:01,755 - Knowledge - INFO - Fast-tracked /app/data/T0015/313297/b6440qg/NowINAndroid/benchmarks/src/main/kotlin/com/google/samples/apps/nowinandroid/foryou/ScrollForYouFeedBenchmark.kt (small file (2084 bytes))
2026-02-02 05:07:02,195 - Knowledge - INFO - process ingested knowledge for /app/data/T0015/313297/b6440qg/NowINAndroid/feature/bookmarks/api/src/main/kotlin/com/google/samples/apps/nowinandroid/feature/bookmarks/api/navigation/BookmarksNavKey.kt
2026-02-02 05:07:02,230 - Knowledge - INFO - process ingested knowledge for /app/data/T0015/313297/b6440qg/NowINAndroid/feature/topic/impl/README.md
2026-02-02 05:07:02,317 - Knowledge - INFO - process ingested knowledge for /app/data/T0015/313297/b6440qg/NowINAndroid/feature/search/impl/src/test/kotlin/com/google/samples/apps/nowinandroid/feature/search/impl/SearchViewModelTest.kt
2026-02-02 05:07:02,317 - Knowledge - INFO - process ingested knowledge for /app/data/T0015/313297/b6440qg/NowINAndroid/app-nia-catalog/src/main/res/values/strings.xml
2026-02-02 05:07:02,317 - Knowledge - INFO - Processing batch of 6 files
2026-02-02 05:07:02,333 - Knowledge - INFO - [LLM_CALL] Completed: ForYouScreen.kt:chunk1, Duration: 33712ms, PromptTokens: 10580, CompletionTokens: 1561, Cost: $0.00168
2026-02-02 05:07:02,654 - Knowledge - INFO - Fast-tracked /app/data/T0015/313297/b6440qg/NowINAndroid/app-nia-catalog/build.gradle.kts (small file (2752 bytes))
2026-02-02 05:07:02,692 - Knowledge - INFO - Fast-tracked /app/data/T0015/313297/b6440qg/NowINAndroid/benchmarks/src/main/kotlin/com/google/samples/apps/nowinandroid/startup/StartupBenchmark.kt (small file (2886 bytes))
2026-02-02 05:07:02,793 - Knowledge - INFO - process ingested knowledge for /app/data/T0015/313297/b6440qg/NowINAndroid/feature/settings/impl/build.gradle.kts
2026-02-02 05:07:03,173 - Knowledge - INFO - Fast-tracked /app/data/T0015/313297/b6440qg/NowINAndroid/benchmarks/src/main/kotlin/com/google/samples/apps/nowinandroid/GeneralActions.kt (small file (2392 bytes))
2026-02-02 05:07:03,854 - Knowledge - INFO - process ingested knowledge for /app/data/T0015/313297/b6440qg/NowINAndroid/app-nia-catalog/dependencies/releaseRuntimeClasspath.txt
2026-02-02 05:07:04,135 - Knowledge - INFO - done ingest for /app/data/T0015/313297/b6440qg/NowINAndroid/feature/foryou/impl/src/main/kotlin/com/google/samples/apps/nowinandroid/feature/foryou/impl/ForYouScreen.kt
2026-02-02 05:07:04,337 - Knowledge - INFO - [LLM_CALL] Completed: SettingsViewModel.kt:chunk1, Duration: 25675ms, PromptTokens: 2062, CompletionTokens: 517, Cost: $0.00041
2026-02-02 05:07:04,425 - Knowledge - INFO - Fast-tracked /app/data/T0015/313297/b6440qg/NowINAndroid/benchmarks/build.gradle.kts (small file (2508 bytes))
2026-02-02 05:07:04,957 - Knowledge - INFO - [kw2] Queue=364, InProgress=0, PendingWorkers=20/20, Completed=54/484 (11.2%)
2026-02-02 05:07:04,970 - Knowledge - INFO - done ingest for /app/data/T0015/313297/b6440qg/NowINAndroid/feature/settings/impl/src/main/kotlin/com/google/samples/apps/nowinandroid/feature/settings/impl/SettingsViewModel.kt
2026-02-02 05:07:04,992 - Knowledge - INFO - process ingested knowledge for /app/data/T0015/313297/b6440qg/NowINAndroid/feature/topic/api/src/main/res/values/strings.xml
2026-02-02 05:07:05,004 - Knowledge - INFO - Fast-tracked /app/data/T0015/313297/b6440qg/NowINAndroid/benchmarks/src/main/kotlin/com/google/samples/apps/nowinandroid/interests/TopicsScreenRecompositionBenchmark.kt (small file (2206 bytes))
2026-02-02 05:07:05,004 - Knowledge - INFO - process ingested knowledge for /app/data/T0015/313297/b6440qg/NowINAndroid/feature/search/impl/src/androidTest/kotlin/com/google/samples/apps/nowinandroid/feature/search/impl/SearchScreenTest.kt
2026-02-02 05:07:05,216 - Knowledge - INFO - Batch sizing: calculated=6, max_allowed=10, queue=364, active_workers=20/20
2026-02-02 05:07:06,074 - Knowledge - INFO - process ingested knowledge for /app/data/T0015/313297/b6440qg/NowINAndroid/settings.gradle.kts
2026-02-02 05:07:06,074 - Knowledge - INFO - Processing batch of 6 files
2026-02-02 05:07:06,103 - Knowledge - INFO - process ingested knowledge for /app/data/T0015/313297/b6440qg/NowINAndroid/feature/bookmarks/api/build.gradle.kts
2026-02-02 05:07:06,184 - Knowledge - INFO - process ingested knowledge for /app/data/T0015/313297/b6440qg/NowINAndroid/app-nia-catalog/src/main/res/values/themes.xml
2026-02-02 05:07:06,247 - Knowledge - INFO - process ingested knowledge for /app/data/T0015/313297/b6440qg/NowINAndroid/feature/settings/impl/README.md
2026-02-02 05:07:06,269 - Knowledge - INFO - process ingested knowledge for /app/data/T0015/313297/b6440qg/NowINAndroid/feature/search/impl/src/main/kotlin/com/google/samples/apps/nowinandroid/feature/search/impl/navigation/SearchEntryProvider.kt
2026-02-02 05:07:06,278 - Knowledge - INFO - Processing batch of 6 files
2026-02-02 05:07:06,279 - Knowledge - INFO - [WEBSOCKET] Sent: Type=progress_update, Size: 292, Duration: 0ms
2026-02-02 05:07:06,279 - Knowledge - INFO - process ingested knowledge for /app/data/T0015/313297/b6440qg/NowINAndroid/feature/topic/api/src/main/kotlin/com/google/samples/apps/nowinandroid/feature/topic/api/navigation/TopicNavKey.kt
2026-02-02 05:07:06,696 - Knowledge - INFO - process ingested knowledge for /app/data/T0015/313297/b6440qg/NowINAndroid/feature/foryou/impl/src/test/kotlin/com/google/samples/apps/nowinandroid/feature/foryou/impl/ForYouScreenScreenshotTests.kt
2026-02-02 05:07:07,638 - Knowledge - INFO - process ingested knowledge for /app/data/T0015/313297/b6440qg/NowINAndroid/AGENT.md
2026-02-02 05:07:07,713 - Knowledge - INFO - process ingested knowledge for /app/data/T0015/313297/b6440qg/NowINAndroid/benchmarks/src/main/kotlin/com/google/samples/apps/nowinandroid/startup/StartupBenchmark.kt
2026-02-02 05:07:07,722 - Knowledge - INFO - process ingested knowledge for /app/data/T0015/313297/b6440qg/NowINAndroid/feature/interests/impl/src/test/kotlin/com/google/samples/apps/nowinandroid/interests/impl/InterestsViewModelTest.kt
2026-02-02 05:07:07,722 - Knowledge - INFO - process ingested knowledge for /app/data/T0015/313297/b6440qg/NowINAndroid/app-nia-catalog/src/main/res/drawable/ic_launcher_foreground.xml
2026-02-02 05:07:07,846 - Knowledge - INFO - [WEBSOCKET] Sent: Type=unknown, Size: ?, Duration: 1569ms
2026-02-02 05:07:09,641 - Knowledge - INFO - Progress: 13.6% | Files: 66/484 | Rate: 0.79 files/sec | Queue: 358
2026-02-02 05:07:09,649 - Knowledge - INFO - [LLM_CALL] Completed: TabContent.kt:chunk1, Duration: 24450ms, PromptTokens: 2502, CompletionTokens: 365, Cost: $0.00040
2026-02-02 05:07:10,239 - Knowledge - INFO - done ingest for /app/data/T0015/313297/b6440qg/NowINAndroid/feature/interests/impl/src/main/kotlin/com/google/samples/apps/nowinandroid/feature/interests/impl/TabContent.kt
2026-02-02 05:07:10,270 - Knowledge - INFO - Async storing batch of 6 embeddings
2026-02-02 05:07:10,681 - Knowledge - INFO - process ingested knowledge for /app/data/T0015/313297/b6440qg/NowINAndroid/feature/topic/api/src/main/AndroidManifest.xml
2026-02-02 05:07:10,895 - Knowledge - INFO - Worker kw2 processing /app/data/T0015/313297/b6440qg/NowINAndroid/app/src/testDemo/kotlin/com/google/samples/apps/nowinandroid/ui/NiaAppStateTest.kt
2026-02-02 05:07:11,806 - Knowledge - INFO - Worker kw2 processing /app/data/T0015/313297/b6440qg/NowINAndroid/app/src/main/res/values/colors.xml
2026-02-02 05:07:12,384 - Knowledge - INFO - Fast-tracked /app/data/T0015/313297/b6440qg/NowINAndroid/app/src/testDemo/kotlin/com/google/samples/apps/nowinandroid/ui/DeviceConfigurationOverrideWindowInsets.kt (small file (2685 bytes))
2026-02-02 05:07:12,471 - Knowledge - INFO - Fast-tracked /app/data/T0015/313297/b6440qg/NowINAndroid/app/src/main/res/values/colors.xml (ext=.xml, size=820)
2026-02-02 05:07:12,551 - Knowledge - INFO - process ingested knowledge for /app/data/T0015/313297/b6440qg/NowINAndroid/benchmarks/src/main/kotlin/androidx/test/uiautomator/UiAutomatorHelpers.kt
2026-02-02 05:07:12,575 - Knowledge - INFO - process ingested knowledge for /app/data/T0015/313297/b6440qg/NowINAndroid/feature/interests/impl/src/test/kotlin/com/google/samples/apps/nowinandroid/interests/impl/InterestsListDetailScreenTest.kt
2026-02-02 05:07:12,639 - Knowledge - INFO - process ingested knowledge for /app/data/T0015/313297/b6440qg/NowINAndroid/app-nia-catalog/src/main/res/drawable/ic_launcher_background.xml
2026-02-02 05:07:12,660 - Knowledge - INFO - [kw5] Queue=358, InProgress=0, PendingWorkers=20/20, Completed=66/484 (13.6%)
2026-02-02 05:07:12,678 - Knowledge - INFO - process ingested knowledge for /app/data/T0015/313297/b6440qg/NowINAndroid/feature/topic/api/build.gradle.kts
2026-02-02 05:07:13,111 - Knowledge - INFO - Worker kw2 processing /app/data/T0015/313297/b6440qg/NowINAndroid/app/src/main/res/values/strings.xml
2026-02-02 05:07:13,735 - Knowledge - INFO - Batch sizing: calculated=6, max_allowed=10, queue=358, active_workers=20/20
2026-02-02 05:07:14,186 - Knowledge - INFO - Fast-tracked /app/data/T0015/313297/b6440qg/NowINAndroid/app/src/main/res/values/strings.xml (ext=.xml, size=836)
2026-02-02 05:07:14,531 - Knowledge - INFO - Worker kw2 processing /app/data/T0015/313297/b6440qg/NowINAndroid/app/src/main/res/values/themes.xml
2026-02-02 05:07:14,897 - Knowledge - INFO - process ingested knowledge for /app/data/T0015/313297/b6440qg/NowINAndroid/feature/foryou/impl/src/test/kotlin/com/google/samples/apps/nowinandroid/feature/foryou/impl/ForYouViewModelTest.kt
2026-02-02 05:07:15,059 - Knowledge - INFO - Fast-tracked /app/data/T0015/313297/b6440qg/NowINAndroid/app/src/main/res/values/themes.xml (ext=.xml, size=1620)
2026-02-02 05:07:15,564 - Knowledge - INFO - Worker kw2 processing /app/data/T0015/313297/b6440qg/NowINAndroid/app/src/main/res/drawable/ic_launcher_foreground.xml
2026-02-02 05:07:16,209 - Knowledge - INFO - Fast-tracked /app/data/T0015/313297/b6440qg/NowINAndroid/app/src/main/res/drawable/ic_launcher_foreground.xml (ext=.xml, size=2183)
2026-02-02 05:07:16,717 - Knowledge - INFO - Worker kw2 processing /app/data/T0015/313297/b6440qg/NowINAndroid/app/src/main/res/drawable/ic_splash.xml
2026-02-02 05:07:17,235 - Knowledge - INFO - Fast-tracked /app/data/T0015/313297/b6440qg/NowINAndroid/app/src/main/res/drawable/ic_splash.xml (ext=.xml, size=2320)
2026-02-02 05:07:17,672 - Knowledge - INFO - Async storage completed for 6 embeddings
2026-02-02 05:07:18,171 - Knowledge - INFO - process ingested knowledge for /app/data/T0015/313297/b6440qg/NowINAndroid/feature/interests/impl/src/androidTest/kotlin/com/google/samples/apps/nowinandroid/feature/interests/impl/InterestsScreenTest.kt
2026-02-02 05:07:18,254 - Knowledge - INFO - process ingested knowledge for /app/data/T0015/313297/b6440qg/NowINAndroid/app-nia-catalog/src/main/res/mipmap-anydpi-v26/ic_launcher.xml
2026-02-02 05:07:18,305 - Knowledge - INFO - process ingested knowledge for /app/data/T0015/313297/b6440qg/NowINAndroid/benchmarks/src/main/AndroidManifest.xml
2026-02-02 05:07:18,305 - Knowledge - INFO - process ingested knowledge for /app/data/T0015/313297/b6440qg/NowINAndroid/feature/foryou/impl/src/androidTest/kotlin/com/google/samples/apps/nowinandroid/feature/foryou/impl/ForYouScreenTest.kt
2026-02-02 05:07:20,307 - Knowledge - INFO - Async storing batch of 6 embeddings
2026-02-02 05:07:20,362 - Knowledge - INFO - process ingested knowledge for /app/data/T0015/313297/b6440qg/NowINAndroid/benchmarks/src/main/kotlin/com/google/samples/apps/nowinandroid/BaselineProfileMetrics.kt
2026-02-02 05:07:20,405 - Knowledge - INFO - process ingested knowledge for /app/data/T0015/313297/b6440qg/NowINAndroid/feature/interests/impl/src/main/kotlin/com/google/samples/apps/nowinandroid/feature/interests/impl/navigation/InterestsEntryProvider.kt
2026-02-02 05:07:20,830 - Knowledge - INFO - Worker kw5 processing /app/data/T0015/313297/b6440qg/NowINAndroid/app/src/main/res/drawable/ic_launcher_background.xml
2026-02-02 05:07:21,756 - Knowledge - INFO - Fast-tracked /app/data/T0015/313297/b6440qg/NowINAndroid/app/src/main/res/drawable/ic_launcher_background.xml (ext=.xml, size=982)
2026-02-02 05:07:22,180 - Knowledge - INFO - Worker kw5 processing /app/data/T0015/313297/b6440qg/NowINAndroid/app/src/main/res/mipmap-anydpi-v26/ic_launcher.xml
2026-02-02 05:07:22,540 - Knowledge - INFO - process ingested knowledge for /app/data/T0015/313297/b6440qg/NowINAndroid/feature/foryou/impl/src/main/kotlin/com/google/samples/apps/nowinandroid/feature/foryou/impl/navigation/ForYouEntryProvider.kt
2026-02-02 05:07:22,696 - Knowledge - INFO - Fast-tracked /app/data/T0015/313297/b6440qg/NowINAndroid/app/src/main/res/mipmap-anydpi-v26/ic_launcher.xml (ext=.xml, size=973)
2026-02-02 05:07:22,769 - Knowledge - INFO - [LLM_CALL] Completed: ForYouActions.kt:chunk1, Duration: 24827ms, PromptTokens: 2594, CompletionTokens: 515, Cost: $0.00047
2026-02-02 05:07:22,982 - Knowledge - INFO - Worker kw5 processing /app/data/T0015/313297/b6440qg/NowINAndroid/app/src/main/res/mipmap-anydpi-v26/ic_launcher_round.xml
2026-02-02 05:07:23,154 - Knowledge - INFO - done ingest for /app/data/T0015/313297/b6440qg/NowINAndroid/benchmarks/src/main/kotlin/com/google/samples/apps/nowinandroid/foryou/ForYouActions.kt
2026-02-02 05:07:23,469 - Knowledge - INFO - Fast-tracked /app/data/T0015/313297/b6440qg/NowINAndroid/app/src/main/res/mipmap-anydpi-v26/ic_launcher_round.xml (ext=.xml, size=973)
2026-02-02 05:07:24,018 - Knowledge - INFO - Worker kw5 processing /app/data/T0015/313297/b6440qg/NowINAndroid/app/src/main/res/values-night/colors.xml
2026-02-02 05:07:24,804 - Knowledge - INFO - Fast-tracked /app/data/T0015/313297/b6440qg/NowINAndroid/app/src/main/res/values-night/colors.xml (ext=.xml, size=820)
2026-02-02 05:07:25,189 - Knowledge - INFO - Worker kw5 processing /app/data/T0015/313297/b6440qg/NowINAndroid/app/src/main/res/values-night/themes.xml
2026-02-02 05:07:25,569 - Knowledge - INFO - Fast-tracked /app/data/T0015/313297/b6440qg/NowINAndroid/app/src/main/res/values-night/themes.xml (ext=.xml, size=1094)
2026-02-02 05:07:26,067 - Knowledge - INFO - Worker kw5 processing /app/data/T0015/313297/b6440qg/NowINAndroid/app/src/main/kotlin/com/google/samples/apps/nowinandroid/navigation/TopLevelNavItem.kt
2026-02-02 05:07:26,510 - Knowledge - INFO - Async storage completed for 6 embeddings
2026-02-02 05:07:27,786 - Knowledge - INFO - Fast-tracked /app/data/T0015/313297/b6440qg/NowINAndroid/app/src/main/kotlin/com/google/samples/apps/nowinandroid/navigation/TopLevelNavItem.kt (small file (2948 bytes))
2026-02-02 05:07:28,386 - Knowledge - INFO - process ingested knowledge for /app/data/T0015/313297/b6440qg/NowINAndroid/feature/foryou/impl/src/main/kotlin/com/google/samples/apps/nowinandroid/feature/foryou/impl/ForYouScreen.kt
2026-02-02 05:07:28,414 - Knowledge - INFO - process ingested knowledge for /app/data/T0015/313297/b6440qg/NowINAndroid/benchmarks/src/main/kotlin/com/google/samples/apps/nowinandroid/baselineprofile/StartupBaselineProfile.kt
2026-02-02 05:07:29,275 - Knowledge - INFO - [LLM_CALL] Completed: ScrollTopicListPowerMetricsBenchmark.kt:chunk1, Duration: 29028ms, PromptTokens: 2128, CompletionTokens: 665, Cost: $0.00048
2026-02-02 05:07:29,555 - Knowledge - INFO - done ingest for /app/data/T0015/313297/b6440qg/NowINAndroid/benchmarks/src/main/kotlin/com/google/samples/apps/nowinandroid/interests/ScrollTopicListPowerMetricsBenchmark.kt
2026-02-02 05:07:29,560 - Knowledge - INFO - [LLM_CALL] Completed: Catalog.kt:chunk1, Duration: 31736ms, PromptTokens: 6048, CompletionTokens: 793, Cost: $0.00092
2026-02-02 05:07:29,981 - Knowledge - INFO - done ingest for /app/data/T0015/313297/b6440qg/NowINAndroid/app-nia-catalog/src/main/kotlin/com/google/samples/apps/niacatalog/ui/Catalog.kt
2026-02-02 05:07:30,240 - Knowledge - INFO - process ingested knowledge for /app/data/T0015/313297/b6440qg/NowINAndroid/benchmarks/build.gradle.kts
2026-02-02 05:07:32,048 - Knowledge - INFO - [LLM_CALL] Completed: InterestsScreen.kt:chunk1, Duration: 51048ms, PromptTokens: 2704, CompletionTokens: 596, Cost: $0.00051
2026-02-02 05:07:32,488 - Knowledge - INFO - done ingest for /app/data/T0015/313297/b6440qg/NowINAndroid/feature/interests/impl/src/main/kotlin/com/google/samples/apps/nowinandroid/feature/interests/impl/InterestsScreen.kt
2026-02-02 05:07:35,084 - Knowledge - INFO - process ingested knowledge for /app/data/T0015/313297/b6440qg/NowINAndroid/feature/foryou/impl/src/main/kotlin/com/google/samples/apps/nowinandroid/feature/foryou/impl/ForYouViewModel.kt
2026-02-02 05:07:35,321 - Knowledge - INFO - [LLM_CALL] Completed: SettingsDialog.kt:chunk1, Duration: 54038ms, PromptTokens: 5726, CompletionTokens: 1076, Cost: $0.00100
2026-02-02 05:07:35,683 - Knowledge - INFO - done ingest for /app/data/T0015/313297/b6440qg/NowINAndroid/feature/settings/impl/src/main/kotlin/com/google/samples/apps/nowinandroid/feature/settings/impl/SettingsDialog.kt
2026-02-02 05:07:36,493 - Knowledge - INFO - [LLM_CALL] Completed: InterestsViewModel.kt:chunk1, Duration: 58139ms, PromptTokens: 2318, CompletionTokens: 565, Cost: $0.00046
2026-02-02 05:07:36,525 - Knowledge - INFO - process ingested knowledge for /app/data/T0015/313297/b6440qg/NowINAndroid/benchmarks/README.md
2026-02-02 05:07:36,801 - Knowledge - INFO - done ingest for /app/data/T0015/313297/b6440qg/NowINAndroid/feature/interests/impl/src/main/kotlin/com/google/samples/apps/nowinandroid/feature/interests/impl/InterestsViewModel.kt
2026-02-02 05:07:37,037 - Knowledge - INFO - [LLM_CALL] Completed: BookmarksScreenTest.kt:chunk1, Duration: 55457ms, PromptTokens: 3408, CompletionTokens: 633, Cost: $0.00059
2026-02-02 05:07:37,405 - Knowledge - INFO - done ingest for /app/data/T0015/313297/b6440qg/NowINAndroid/feature/bookmarks/impl/src/androidTest/kotlin/com/google/samples/apps/nowinandroid/feature/bookmarks/impl/BookmarksScreenTest.kt
2026-02-02 05:07:39,986 - Knowledge - INFO - [LLM_CALL] Completed: SettingsDialogTest.kt:chunk1, Duration: 63807ms, PromptTokens: 3718, CompletionTokens: 662, Cost: $0.00064
2026-02-02 05:07:40,393 - Knowledge - INFO - done ingest for /app/data/T0015/313297/b6440qg/NowINAndroid/feature/settings/impl/src/androidTest/kotlin/com/google/samples/apps/nowinandroid/feature/settings/impl/SettingsDialogTest.kt
2026-02-02 05:07:43,429 - Knowledge - INFO - [LLM_CALL] Completed: NiaAppStateTest.kt:chunk1, Duration: 25012ms, PromptTokens: 3236, CompletionTokens: 780, Cost: $0.00064
2026-02-02 05:07:43,717 - Knowledge - INFO - done ingest for /app/data/T0015/313297/b6440qg/NowINAndroid/app/src/testDemo/kotlin/com/google/samples/apps/nowinandroid/ui/NiaAppStateTest.kt
2026-02-02 05:07:43,772 - Knowledge - INFO - [LLM_CALL] Completed: TopicScreenTest.kt:chunk1, Duration: 58098ms, PromptTokens: 2756, CompletionTokens: 539, Cost: $0.00049
2026-02-02 05:07:44,145 - Knowledge - INFO - done ingest for /app/data/T0015/313297/b6440qg/NowINAndroid/feature/topic/impl/src/androidTest/kotlin/com/google/samples/apps/nowinandroid/feature/topic/impl/TopicScreenTest.kt
2026-02-02 05:07:45,568 - Knowledge - INFO - [kw9] Queue=352, InProgress=0, PendingWorkers=20/20, Completed=78/484 (16.1%)
2026-02-02 05:07:45,819 - Knowledge - INFO - Batch sizing: calculated=6, max_allowed=10, queue=352, active_workers=20/20
2026-02-02 05:07:46,687 - Knowledge - INFO - Processing batch of 6 files
2026-02-02 05:07:46,690 - Knowledge - INFO - Processing batch of 6 files
2026-02-02 05:07:46,907 - Knowledge - INFO - process ingested knowledge for /app/data/T0015/313297/b6440qg/NowINAndroid/feature/settings/impl/src/test/kotlin/com/google/samples/apps/nowinandroid/feature/settings/impl/SettingsViewModelTest.kt
2026-02-02 05:07:47,105 - Knowledge - INFO - process ingested knowledge for /app/data/T0015/313297/b6440qg/NowINAndroid/benchmarks/src/main/kotlin/com/google/samples/apps/nowinandroid/Utils.kt
2026-02-02 05:07:48,230 - Knowledge - INFO - [LLM_CALL] Completed: BookmarksViewModel.kt:chunk1, Duration: 60270ms, PromptTokens: 2104, CompletionTokens: 533, Cost: $0.00042
2026-02-02 05:07:48,553 - Knowledge - INFO - done ingest for /app/data/T0015/313297/b6440qg/NowINAndroid/feature/bookmarks/impl/src/main/kotlin/com/google/samples/apps/nowinandroid/feature/bookmarks/impl/BookmarksViewModel.kt
2026-02-02 05:07:50,389 - Knowledge - INFO - Processing batch of 6 files
2026-02-02 05:07:50,398 - Knowledge - INFO - Async storing batch of 6 embeddings
2026-02-02 05:07:50,430 - Knowledge - INFO - [WEBSOCKET] Sent: Type=progress_update, Size: 292, Duration: 0ms
2026-02-02 05:07:50,598 - Knowledge - INFO - process ingested knowledge for /app/data/T0015/313297/b6440qg/NowINAndroid/app/src/main/res/drawable/ic_launcher_background.xml
2026-02-02 05:07:50,741 - Knowledge - INFO - Worker kw9 processing /app/data/T0015/313297/b6440qg/NowINAndroid/app/src/main/kotlin/com/google/samples/apps/nowinandroid/ui/NiaApp.kt
2026-02-02 05:07:50,950 - Knowledge - INFO - [WEBSOCKET] Sent: Type=unknown, Size: ?, Duration: 520ms
2026-02-02 05:07:51,342 - Knowledge - INFO - Worker kw9 processing /app/data/T0015/313297/b6440qg/NowINAndroid/app/src/main/kotlin/com/google/samples/apps/nowinandroid/ui/NiaAppState.kt
2026-02-02 05:07:51,464 - Knowledge - INFO - Progress: 18.6% | Files: 90/484 | Rate: 0.75 files/sec | Queue: 346
2026-02-02 05:07:51,730 - Knowledge - INFO - process ingested knowledge for /app/data/T0015/313297/b6440qg/NowINAndroid/tools/nowinandroid-codestyle.xml
2026-02-02 05:07:51,763 - Knowledge - INFO - Worker kw9 processing /app/data/T0015/313297/b6440qg/NowINAndroid/app/src/main/kotlin/com/google/samples/apps/nowinandroid/util/ProfileVerifierLogger.kt
2026-02-02 05:07:51,769 - Knowledge - INFO - process ingested knowledge for /app/data/T0015/313297/b6440qg/NowINAndroid/feature/settings/impl/src/androidTest/kotlin/com/google/samples/apps/nowinandroid/feature/settings/impl/SettingsDialogTest.kt
2026-02-02 05:07:51,806 - Knowledge - INFO - process ingested knowledge for /app/data/T0015/313297/b6440qg/NowINAndroid/benchmarks/src/main/kotlin/com/google/samples/apps/nowinandroid/interests/ScrollTopicListBenchmark.kt
2026-02-02 05:07:52,485 - Knowledge - INFO - Worker kw9 processing /app/data/T0015/313297/b6440qg/NowINAndroid/app/src/main/kotlin/com/google/samples/apps/nowinandroid/util/UiExtensions.kt
2026-02-02 05:07:52,932 - Knowledge - INFO - Fast-tracked /app/data/T0015/313297/b6440qg/NowINAndroid/app/src/main/kotlin/com/google/samples/apps/nowinandroid/util/UiExtensions.kt (ext=.kt, size=1753)
2026-02-02 05:07:52,992 - Knowledge - INFO - [LLM_CALL] Completed: TopicScreen.kt:chunk1, Duration: 58838ms, PromptTokens: 6096, CompletionTokens: 1108, Cost: $0.00105
2026-02-02 05:07:53,212 - Knowledge - INFO - Worker kw9 processing /app/data/T0015/313297/b6440qg/NowINAndroid/app/src/main/kotlin/com/google/samples/apps/nowinandroid/NiaApplication.kt
2026-02-02 05:07:53,405 - Knowledge - INFO - done ingest for /app/data/T0015/313297/b6440qg/NowINAndroid/feature/topic/impl/src/main/kotlin/com/google/samples/apps/nowinandroid/feature/topic/impl/TopicScreen.kt
2026-02-02 05:07:53,412 - Knowledge - INFO - Processing batch of 6 files
2026-02-02 05:07:53,660 - Knowledge - INFO - Worker kw9 processing /app/data/T0015/313297/b6440qg/NowINAndroid/app/src/main/kotlin/com/google/samples/apps/nowinandroid/di/JankStatsModule.kt
2026-02-02 05:07:53,910 - Knowledge - INFO - process ingested knowledge for /app/data/T0015/313297/b6440qg/NowINAndroid/benchmarks/src/main/kotlin/com/google/samples/apps/nowinandroid/baselineprofile/InterestsBaselineProfile.kt
2026-02-02 05:07:54,067 - Knowledge - INFO - Fast-tracked /app/data/T0015/313297/b6440qg/NowINAndroid/app/src/main/kotlin/com/google/samples/apps/nowinandroid/di/JankStatsModule.kt (ext=.kt, size=1642)
2026-02-02 05:07:54,322 - Knowledge - INFO - Async storage completed for 6 embeddings
2026-02-02 05:07:54,974 - Knowledge - INFO - [LLM_CALL] Completed: BookmarksScreen.kt:chunk1, Duration: 64247ms, PromptTokens: 5182, CompletionTokens: 1552, Cost: $0.00114
2026-02-02 05:07:55,219 - Knowledge - INFO - done ingest for /app/data/T0015/313297/b6440qg/NowINAndroid/feature/bookmarks/impl/src/main/kotlin/com/google/samples/apps/nowinandroid/feature/bookmarks/impl/BookmarksScreen.kt
2026-02-02 05:07:55,225 - Knowledge - INFO - [LLM_CALL] Completed: TopicViewModel.kt:chunk1, Duration: 63716ms, PromptTokens: 3346, CompletionTokens: 668, Cost: $0.00060
2026-02-02 05:07:55,581 - Knowledge - INFO - done ingest for /app/data/T0015/313297/b6440qg/NowINAndroid/feature/topic/impl/src/main/kotlin/com/google/samples/apps/nowinandroid/feature/topic/impl/TopicViewModel.kt
2026-02-02 05:07:57,490 - Knowledge - INFO - process ingested knowledge for /app/data/T0015/313297/b6440qg/NowINAndroid/app/src/main/res/mipmap-anydpi-v26/ic_launcher.xml
2026-02-02 05:07:58,428 - Knowledge - INFO - Fast-tracked /app/data/T0015/313297/b6440qg/NowINAndroid/app/src/main/kotlin/com/google/samples/apps/nowinandroid/util/ProfileVerifierLogger.kt (small file (2678 bytes))
2026-02-02 05:07:58,917 - Knowledge - INFO - Fast-tracked /app/data/T0015/313297/b6440qg/NowINAndroid/app/src/main/kotlin/com/google/samples/apps/nowinandroid/NiaApplication.kt (small file (2304 bytes))
2026-02-02 05:07:59,351 - Knowledge - INFO - [kw3] Queue=346, InProgress=0, PendingWorkers=20/20, Completed=97/484 (20.0%)
2026-02-02 05:07:59,374 - Knowledge - INFO - process ingested knowledge for /app/data/T0015/313297/b6440qg/NowINAndroid/benchmarks/src/main/kotlin/com/google/samples/apps/nowinandroid/interests/ScrollTopicListPowerMetricsBenchmark.kt
2026-02-02 05:07:59,418 - Knowledge - INFO - process ingested knowledge for /app/data/T0015/313297/b6440qg/NowINAndroid/benchmarks/src/main/kotlin/com/google/samples/apps/nowinandroid/baselineprofile/BookmarksBaselineProfile.kt
2026-02-02 05:07:59,418 - Knowledge - INFO - Processing batch of 6 files
2026-02-02 05:07:59,418 - Knowledge - INFO - process ingested knowledge for /app/data/T0015/313297/b6440qg/NowINAndroid/app/src/main/res/mipmap-anydpi-v26/ic_launcher_round.xml
2026-02-02 05:07:59,647 - Knowledge - INFO - Batch sizing: calculated=6, max_allowed=10, queue=346, active_workers=20/20
2026-02-02 05:07:59,897 - Knowledge - INFO - [LLM_CALL] Completed: SnackbarInsetsScreenshotTests.kt:chunk1, Duration: 54904ms, PromptTokens: 5338, CompletionTokens: 1010, Cost: $0.00094
2026-02-02 05:08:00,154 - Knowledge - INFO - process ingested knowledge for /app/data/T0015/313297/b6440qg/NowINAndroid/app-nia-catalog/src/main/res/mipmap-anydpi-v26/ic_launcher_round.xml
2026-02-02 05:08:00,497 - Knowledge - INFO - done ingest for /app/data/T0015/313297/b6440qg/NowINAndroid/app/src/testDemo/kotlin/com/google/samples/apps/nowinandroid/ui/SnackbarInsetsScreenshotTests.kt
2026-02-02 05:08:00,793 - Knowledge - INFO - process ingested knowledge for /app/data/T0015/313297/b6440qg/NowINAndroid/feature/settings/impl/src/main/res/values/strings.xml
2026-02-02 05:08:02,354 - Knowledge - INFO - Processing batch of 6 files
2026-02-02 05:08:02,358 - Knowledge - INFO - process ingested knowledge for /app/data/T0015/313297/b6440qg/NowINAndroid/tools/setup.sh
2026-02-02 05:08:02,598 - Knowledge - INFO - process ingested knowledge for /app/data/T0015/313297/b6440qg/NowINAndroid/app/src/testDemo/kotlin/com/google/samples/apps/nowinandroid/ui/NiaAppStateTest.kt
2026-02-02 05:08:04,337 - Knowledge - INFO - [LLM_CALL] Completed: SnackbarScreenshotTests.kt:chunk1, Duration: 51211ms, PromptTokens: 3972, CompletionTokens: 780, Cost: $0.00071
2026-02-02 05:08:04,559 - Knowledge - INFO - done ingest for /app/data/T0015/313297/b6440qg/NowINAndroid/app/src/testDemo/kotlin/com/google/samples/apps/nowinandroid/ui/SnackbarScreenshotTests.kt
2026-02-02 05:08:05,450 - Knowledge - INFO - process ingested knowledge for /app/data/T0015/313297/b6440qg/NowINAndroid/benchmarks/src/main/kotlin/com/google/samples/apps/nowinandroid/interests/TopicsScreenRecompositionBenchmark.kt
2026-02-02 05:08:05,451 - Knowledge - INFO - process ingested knowledge for /app/data/T0015/313297/b6440qg/NowINAndroid/app/src/main/res/values-night/colors.xml
2026-02-02 05:08:05,454 - Knowledge - INFO - [WEBSOCKET] Sent: Type=progress_update, Size: 291, Duration: 0ms
2026-02-02 05:08:05,455 - Knowledge - INFO - process ingested knowledge for /app/data/T0015/313297/b6440qg/NowINAndroid/app-nia-catalog/src/main/kotlin/com/google/samples/apps/niacatalog/ui/Catalog.kt
2026-02-02 05:08:05,504 - Knowledge - INFO - process ingested knowledge for /app/data/T0015/313297/b6440qg/NowINAndroid/app/src/main/res/values/colors.xml
2026-02-02 05:08:05,575 - Knowledge - INFO - process ingested knowledge for /app/data/T0015/313297/b6440qg/NowINAndroid/benchmarks/src/main/kotlin/com/google/samples/apps/nowinandroid/baselineprofile/ForYouBaselineProfile.kt
2026-02-02 05:08:05,996 - Knowledge - INFO - Processing batch of 6 files
2026-02-02 05:08:06,008 - Knowledge - INFO - [WEBSOCKET] Sent: Type=unknown, Size: ?, Duration: 554ms
2026-02-02 05:08:06,965 - Knowledge - INFO - process ingested knowledge for /app/data/T0015/313297/b6440qg/NowINAndroid/feature/interests/impl/src/main/kotlin/com/google/samples/apps/nowinandroid/feature/interests/impl/InterestsDetailPlaceholder.kt
2026-02-02 05:08:07,065 - Knowledge - INFO - process ingested knowledge for /app/data/T0015/313297/b6440qg/NowINAndroid/feature/settings/impl/src/main/kotlin/com/google/samples/apps/nowinandroid/feature/settings/impl/SettingsViewModel.kt
2026-02-02 05:08:07,140 - Knowledge - INFO - Progress: 22.1% | Files: 115/484 | Rate: 0.83 files/sec | Queue: 346
2026-02-02 05:08:09,272 - Knowledge - INFO - [LLM_CALL] Completed: NavigationTest.kt:chunk1, Duration: 67528ms, PromptTokens: 6366, CompletionTokens: 944, Cost: $0.00101
2026-02-02 05:08:09,577 - Knowledge - INFO - done ingest for /app/data/T0015/313297/b6440qg/NowINAndroid/app/src/androidTest/kotlin/com/google/samples/apps/nowinandroid/ui/NavigationTest.kt
2026-02-02 05:08:11,667 - Knowledge - INFO - Async storing batch of 6 embeddings
2026-02-02 05:08:11,679 - Knowledge - INFO - process ingested knowledge for /app/data/T0015/313297/b6440qg/NowINAndroid/benchmarks/src/main/kotlin/com/google/samples/apps/nowinandroid/interests/InterestsActions.kt
2026-02-02 05:08:11,701 - Knowledge - INFO - process ingested knowledge for /app/data/T0015/313297/b6440qg/NowINAndroid/app/src/main/res/values-night/themes.xml
2026-02-02 05:08:11,719 - Knowledge - INFO - process ingested knowledge for /app/data/T0015/313297/b6440qg/NowINAndroid/app-nia-catalog/src/main/kotlin/com/google/samples/apps/niacatalog/NiaCatalogActivity.kt
2026-02-02 05:08:11,725 - Knowledge - INFO - process ingested knowledge for /app/data/T0015/313297/b6440qg/NowINAndroid/benchmarks/src/main/kotlin/com/google/samples/apps/nowinandroid/foryou/ForYouActions.kt
2026-02-02 05:08:11,753 - Knowledge - INFO - process ingested knowledge for /app/data/T0015/313297/b6440qg/NowINAndroid/feature/interests/impl/src/main/kotlin/com/google/samples/apps/nowinandroid/feature/interests/impl/InterestsViewModel.kt
2026-02-02 05:08:11,763 - Knowledge - INFO - [kw11] Queue=340, InProgress=0, PendingWorkers=20/20, Completed=115/484 (23.8%)
2026-02-02 05:08:11,913 - Knowledge - INFO - Worker kw3 processing /app/data/T0015/313297/b6440qg/NowINAndroid/app/src/main/kotlin/com/google/samples/apps/nowinandroid/MainActivityViewModel.kt
2026-02-02 05:08:12,642 - Knowledge - INFO - [LLM_CALL] Completed: NiaAppState.kt:chunk1, Duration: 16050ms, PromptTokens: 2606, CompletionTokens: 551, Cost: $0.00048
2026-02-02 05:08:12,931 - Knowledge - INFO - Batch sizing: calculated=6, max_allowed=10, queue=340, active_workers=20/20
2026-02-02 05:08:13,298 - Knowledge - INFO - Worker kw3 processing /app/data/T0015/313297/b6440qg/NowINAndroid/app/src/main/kotlin/com/google/samples/apps/nowinandroid/MainActivity.kt
2026-02-02 05:08:13,299 - Knowledge - INFO - done ingest for /app/data/T0015/313297/b6440qg/NowINAndroid/app/src/main/kotlin/com/google/samples/apps/nowinandroid/ui/NiaAppState.kt
2026-02-02 05:08:13,613 - Knowledge - INFO - Worker kw3 processing /app/data/T0015/313297/b6440qg/NowINAndroid/app/src/main/AndroidManifest.xml
2026-02-02 05:08:13,909 - Knowledge - INFO - Fast-tracked /app/data/T0015/313297/b6440qg/NowINAndroid/app/src/main/AndroidManifest.xml (ext=.xml, size=3322)
2026-02-02 05:08:14,214 - Knowledge - INFO - Worker kw3 processing /app/data/T0015/313297/b6440qg/NowINAndroid/app/src/prod/AndroidManifest.xml
2026-02-02 05:08:14,586 - Knowledge - INFO - Fast-tracked /app/data/T0015/313297/b6440qg/NowINAndroid/app/src/prod/AndroidManifest.xml (ext=.xml, size=1068)
2026-02-02 05:08:14,680 - Knowledge - INFO - Processing batch of 6 files
2026-02-02 05:08:14,705 - Knowledge - INFO - process ingested knowledge for /app/data/T0015/313297/b6440qg/NowINAndroid/feature/settings/impl/src/main/kotlin/com/google/samples/apps/nowinandroid/feature/settings/impl/SettingsDialog.kt
2026-02-02 05:08:14,718 - Knowledge - INFO - [WEBSOCKET] Sent: Type=progress_update, Size: 289, Duration: 0ms
2026-02-02 05:08:14,819 - Knowledge - INFO - Worker kw3 processing /app/data/T0015/313297/b6440qg/NowINAndroid/app/src/benchmark/res/values/colors.xml
2026-02-02 05:08:14,972 - Knowledge - INFO - process ingested knowledge for /app/data/T0015/313297/b6440qg/NowINAndroid/feature/bookmarks/api/README.md
2026-02-02 05:08:15,144 - Knowledge - WARNING - Timeout processing /app/data/T0015/313297/b6440qg/NowINAndroid/feature/search/impl/src/main/kotlin/com/google/samples/apps/nowinandroid/feature/search/impl/SearchScreen.kt after 90s - using fallback metadata
2026-02-02 05:08:15,366 - Knowledge - INFO - [WEBSOCKET] Sent: Type=unknown, Size: ?, Duration: 648ms
2026-02-02 05:08:15,623 - Knowledge - INFO - Fast-tracked /app/data/T0015/313297/b6440qg/NowINAndroid/app/src/benchmark/res/values/colors.xml (ext=.xml, size=1009)
2026-02-02 05:08:15,905 - Knowledge - INFO - Progress: 24.6% | Files: 119/484 | Rate: 0.81 files/sec | Queue: 340
2026-02-02 05:08:16,021 - Knowledge - INFO - Worker kw3 processing /app/data/T0015/313297/b6440qg/NowINAndroid/app/src/benchmark/res/values-night/colors.xml
2026-02-02 05:08:16,525 - Knowledge - INFO - [LLM_CALL] Completed: NiaAppScreenSizesScreenshotTests.kt:chunk1, Duration: 66280ms, PromptTokens: 3970, CompletionTokens: 1257, Cost: $0.00090
2026-02-02 05:08:16,577 - Knowledge - INFO - Fast-tracked /app/data/T0015/313297/b6440qg/NowINAndroid/app/src/benchmark/res/values-night/colors.xml (ext=.xml, size=1009)
2026-02-02 05:08:16,662 - Knowledge - INFO - process ingested knowledge for /app/data/T0015/313297/b6440qg/NowINAndroid/benchmarks/src/main/kotlin/com/google/samples/apps/nowinandroid/bookmarks/BookmarksActions.kt
2026-02-02 05:08:16,662 - Knowledge - INFO - process ingested knowledge for /app/data/T0015/313297/b6440qg/NowINAndroid/app/src/main/kotlin/com/google/samples/apps/nowinandroid/navigation/TopLevelNavItem.kt
2026-02-02 05:08:16,690 - Knowledge - INFO - process ingested knowledge for /app/data/T0015/313297/b6440qg/NowINAndroid/benchmarks/src/main/kotlin/com/google/samples/apps/nowinandroid/foryou/ScrollForYouFeedBenchmark.kt
2026-02-02 05:08:16,691 - Knowledge - INFO - [kw7] Queue=334, InProgress=0, PendingWorkers=20/20, Completed=119/484 (24.6%)
2026-02-02 05:08:16,691 - Knowledge - INFO - process ingested knowledge for /app/data/T0015/313297/b6440qg/NowINAndroid/app/src/main/res/values/strings.xml
2026-02-02 05:08:16,773 - Knowledge - INFO - done ingest for /app/data/T0015/313297/b6440qg/NowINAndroid/app/src/testDemo/kotlin/com/google/samples/apps/nowinandroid/ui/NiaAppScreenSizesScreenshotTests.kt
2026-02-02 05:08:16,773 - Knowledge - INFO - Async storing batch of 6 embeddings
2026-02-02 05:08:17,519 - Knowledge - INFO - Batch sizing: calculated=6, max_allowed=10, queue=334, active_workers=20/20
2026-02-02 05:08:17,807 - Knowledge - INFO - process ingested knowledge for /app/data/T0015/313297/b6440qg/NowINAndroid/feature/topic/impl/src/test/kotlin/com/google/samples/apps/nowinandroid/feature/topic/impl/TopicViewModelTest.kt
2026-02-02 05:08:17,828 - Knowledge - INFO - Processing batch of 6 files
2026-02-02 05:08:17,842 - Knowledge - INFO - process ingested knowledge for /app/data/T0015/313297/b6440qg/NowINAndroid/feature/settings/impl/src/main/AndroidManifest.xml
2026-02-02 05:08:17,925 - Knowledge - INFO - Worker kw11 processing /app/data/T0015/313297/b6440qg/NowINAndroid/app/src/debug/res/values/colors.xml
2026-02-02 05:08:18,291 - Knowledge - INFO - process ingested knowledge for /app/data/T0015/313297/b6440qg/NowINAndroid/feature/search/impl/src/main/kotlin/com/google/samples/apps/nowinandroid/feature/search/impl/SearchUiStatePreviewParameterProvider.kt
2026-02-02 05:08:18,503 - Knowledge - INFO - [LLM_CALL] Completed: NiaApp.kt:chunk1, Duration: 23538ms, PromptTokens: 6274, CompletionTokens: 1489, Cost: $0.00122
2026-02-02 05:08:18,531 - Knowledge - INFO - Fast-tracked /app/data/T0015/313297/b6440qg/NowINAndroid/app/src/debug/res/values/colors.xml (ext=.xml, size=1005)
2026-02-02 05:08:18,715 - Knowledge - INFO - done ingest for /app/data/T0015/313297/b6440qg/NowINAndroid/app/src/main/kotlin/com/google/samples/apps/nowinandroid/ui/NiaApp.kt
2026-02-02 05:08:18,809 - Knowledge - INFO - Worker kw11 processing /app/data/T0015/313297/b6440qg/NowINAndroid/app/src/debug/res/values-night/colors.xml
2026-02-02 05:08:19,103 - Knowledge - INFO - Fast-tracked /app/data/T0015/313297/b6440qg/NowINAndroid/app/src/debug/res/values-night/colors.xml (ext=.xml, size=1005)
2026-02-02 05:08:19,306 - Knowledge - INFO - Worker kw11 processing /app/data/T0015/313297/b6440qg/NowINAndroid/app/benchmark-rules.pro
2026-02-02 05:08:19,359 - Knowledge - INFO - process ingested knowledge for /app/data/T0015/313297/b6440qg/NowINAndroid/app/src/main/res/values/themes.xml
2026-02-02 05:08:19,395 - Knowledge - INFO - Async storage completed for 6 embeddings
2026-02-02 05:08:19,535 - Knowledge - INFO - Fast-tracked /app/data/T0015/313297/b6440qg/NowINAndroid/app/benchmark-rules.pro (ext=.pro, size=896)
2026-02-02 05:08:19,821 - Knowledge - INFO - Worker kw11 processing /app/data/T0015/313297/b6440qg/NowINAndroid/app/google-services.json
2026-02-02 05:08:20,087 - Knowledge - INFO - Fast-tracked /app/data/T0015/313297/b6440qg/NowINAndroid/app/google-services.json (ext=.json, size=2917)
2026-02-02 05:08:20,271 - Knowledge - INFO - Worker kw11 processing /app/data/T0015/313297/b6440qg/NowINAndroid/app/build.gradle.kts
2026-02-02 05:08:20,566 - Knowledge - INFO - Worker kw11 processing /app/data/T0015/313297/b6440qg/NowINAndroid/app/prodRelease-badging.txt
2026-02-02 05:08:20,584 - Knowledge - INFO - Processing batch of 6 files
2026-02-02 05:08:20,587 - Knowledge - INFO - process ingested knowledge for /app/data/T0015/313297/b6440qg/NowINAndroid/feature/interests/impl/src/main/kotlin/com/google/samples/apps/nowinandroid/feature/interests/impl/InterestsScreen.kt
2026-02-02 05:08:20,589 - Knowledge - INFO - process ingested knowledge for /app/data/T0015/313297/b6440qg/NowINAndroid/app-nia-catalog/src/main/AndroidManifest.xml
2026-02-02 05:08:20,838 - Knowledge - INFO - Fast-tracked /app/data/T0015/313297/b6440qg/NowINAndroid/app/prodRelease-badging.txt (ext=.txt, size=5833)
2026-02-02 05:08:20,926 - Knowledge - INFO - process ingested knowledge for /app/data/T0015/313297/b6440qg/NowINAndroid/feature/bookmarks/impl/src/test/kotlin/com/google/samples/apps/nowinandroid/feature/bookmarks/impl/BookmarksViewModelTest.kt
2026-02-02 05:08:21,278 - Knowledge - INFO - Async storage completed for 6 embeddings
2026-02-02 05:08:22,286 - Knowledge - INFO - process ingested knowledge for /app/data/T0015/313297/b6440qg/NowINAndroid/feature/search/impl/src/main/kotlin/com/google/samples/apps/nowinandroid/feature/search/impl/RecentSearchQueriesUiState.kt
2026-02-02 05:08:23,792 - Knowledge - INFO - process ingested knowledge for /app/data/T0015/313297/b6440qg/NowINAndroid/app/src/main/res/drawable/ic_launcher_foreground.xml
2026-02-02 05:08:23,993 - Knowledge - INFO - [LLM_CALL] Completed: MainActivityViewModel.kt:chunk1, Duration: 6878ms, PromptTokens: 2118, CompletionTokens: 478, Cost: $0.00040
2026-02-02 05:08:24,214 - Knowledge - INFO - done ingest for /app/data/T0015/313297/b6440qg/NowINAndroid/app/src/main/kotlin/com/google/samples/apps/nowinandroid/MainActivityViewModel.kt
2026-02-02 05:08:24,606 - Knowledge - INFO - [LLM_CALL] Completed: MainActivity.kt:chunk1, Duration: 6109ms, PromptTokens: 3936, CompletionTokens: 560, Cost: $0.00062
2026-02-02 05:08:24,813 - Knowledge - INFO - done ingest for /app/data/T0015/313297/b6440qg/NowINAndroid/app/src/main/kotlin/com/google/samples/apps/nowinandroid/MainActivity.kt
2026-02-02 05:08:25,164 - Knowledge - INFO - process ingested knowledge for /app/data/T0015/313297/b6440qg/NowINAndroid/benchmarks/src/main/kotlin/com/google/samples/apps/nowinandroid/GeneralActions.kt
2026-02-02 05:08:25,167 - Knowledge - INFO - process ingested knowledge for /app/data/T0015/313297/b6440qg/NowINAndroid/feature/topic/impl/src/androidTest/kotlin/com/google/samples/apps/nowinandroid/feature/topic/impl/TopicScreenTest.kt
2026-02-02 05:08:25,167 - Knowledge - INFO - process ingested knowledge for /app/data/T0015/313297/b6440qg/NowINAndroid/feature/interests/impl/src/main/kotlin/com/google/samples/apps/nowinandroid/feature/interests/impl/TabContent.kt
2026-02-02 05:08:25,167 - Knowledge - INFO - process ingested knowledge for /app/data/T0015/313297/b6440qg/NowINAndroid/app-nia-catalog/build.gradle.kts
2026-02-02 05:08:25,167 - Knowledge - INFO - Processing batch of 6 files
2026-02-02 05:08:25,810 - Knowledge - INFO - process ingested knowledge for /app/data/T0015/313297/b6440qg/NowINAndroid/app/src/androidTest/kotlin/com/google/samples/apps/nowinandroid/ui/NavigationTest.kt
2026-02-02 05:08:26,370 - Knowledge - INFO - [kw13] Queue=334, InProgress=0, PendingWorkers=20/20, Completed=132/484 (27.3%)
2026-02-02 05:08:26,536 - Knowledge - INFO - Batch sizing: calculated=6, max_allowed=10, queue=334, active_workers=20/20
2026-02-02 05:08:27,986 - Knowledge - INFO - process ingested knowledge for /app/data/T0015/313297/b6440qg/NowINAndroid/feature/search/impl/src/main/kotlin/com/google/samples/apps/nowinandroid/feature/search/impl/SearchResultUiState.kt
2026-02-02 05:08:27,987 - Knowledge - INFO - [WEBSOCKET] Sent: Type=progress_update, Size: 289, Duration: 0ms
2026-02-02 05:08:27,989 - Knowledge - INFO - process ingested knowledge for /app/data/T0015/313297/b6440qg/NowINAndroid/app/src/main/res/drawable/ic_splash.xml
2026-02-02 05:08:28,271 - Knowledge - INFO - [WEBSOCKET] Sent: Type=unknown, Size: ?, Duration: 284ms
2026-02-02 05:08:28,274 - Knowledge - INFO - Async storing batch of 6 embeddings
2026-02-02 05:08:28,534 - Knowledge - INFO - Progress: 27.3% | Files: 132/484 | Rate: 0.81 files/sec | Queue: 328
2026-02-02 05:08:28,659 - Knowledge - INFO - Worker kw7 processing /app/data/T0015/313297/b6440qg/NowINAndroid/app/README.md
2026-02-02 05:08:28,847 - Knowledge - INFO - Fast-tracked /app/data/T0015/313297/b6440qg/NowINAndroid/app/README.md (ext=.md, size=6139)
2026-02-02 05:08:29,039 - Knowledge - INFO - Worker kw7 processing /app/data/T0015/313297/b6440qg/NowINAndroid/app/proguard-rules.pro
2026-02-02 05:08:29,113 - Knowledge - INFO - process ingested knowledge for /app/data/T0015/313297/b6440qg/NowINAndroid/feature/bookmarks/impl/src/androidTest/kotlin/com/google/samples/apps/nowinandroid/feature/bookmarks/impl/BookmarksScreenTest.kt
2026-02-02 05:08:29,256 - Knowledge - INFO - Fast-tracked /app/data/T0015/313297/b6440qg/NowINAndroid/app/proguard-rules.pro (ext=.pro, size=98)
2026-02-02 05:08:29,465 - Knowledge - INFO - Worker kw7 processing /app/data/T0015/313297/b6440qg/NowINAndroid/app/dependencies/prodReleaseRuntimeClasspath.txt
2026-02-02 05:08:29,604 - Knowledge - INFO - [LLM_CALL] Completed: build.gradle.kts:chunk1, Duration: 7906ms, PromptTokens: 3272, CompletionTokens: 897, Cost: $0.00069
2026-02-02 05:08:29,748 - Knowledge - INFO - done ingest for /app/data/T0015/313297/b6440qg/NowINAndroid/app/build.gradle.kts
2026-02-02 05:08:29,776 - Knowledge - INFO - Fast-tracked /app/data/T0015/313297/b6440qg/NowINAndroid/app/dependencies/prodReleaseRuntimeClasspath.txt (ext=.txt, size=12375)
2026-02-02 05:08:30,013 - Knowledge - INFO - Worker kw7 processing /app/data/T0015/313297/b6440qg/NowINAndroid/AGENTS.md
2026-02-02 05:08:30,221 - Knowledge - INFO - Fast-tracked /app/data/T0015/313297/b6440qg/NowINAndroid/AGENTS.md (ext=.md, size=3058)
2026-02-02 05:08:30,373 - Knowledge - INFO - Worker kw7 processing /app/data/T0015/313297/b6440qg/NowINAndroid/build_android_release.sh
2026-02-02 05:08:30,636 - Knowledge - INFO - Fast-tracked /app/data/T0015/313297/b6440qg/NowINAndroid/build_android_release.sh (ext=.sh, size=1746)
2026-02-02 05:08:30,705 - Knowledge - INFO - process ingested knowledge for /app/data/T0015/313297/b6440qg/NowINAndroid/app-nia-catalog/README.md
2026-02-02 05:08:30,705 - Knowledge - INFO - Async storing batch of 6 embeddings
2026-02-02 05:08:30,847 - Knowledge - INFO - Worker kw7 processing /app/data/T0015/313297/b6440qg/NowINAndroid/core/navigation/src/test/kotlin/com/google/samples/apps/nowinandroid/core/navigation/NavigatorTest.kt
2026-02-02 05:08:31,016 - Knowledge - INFO - Worker kw13 processing /app/data/T0015/313297/b6440qg/NowINAndroid/core/navigation/src/main/kotlin/com/google/samples/apps/nowinandroid/core/navigation/Navigator.kt
2026-02-02 05:08:31,413 - Knowledge - INFO - Fast-tracked /app/data/T0015/313297/b6440qg/NowINAndroid/core/navigation/src/test/kotlin/com/google/samples/apps/nowinandroid/core/navigation/NavigatorTest.kt (ext=.kt, size=8023)
2026-02-02 05:08:31,418 - Knowledge - INFO - Worker kw13 processing /app/data/T0015/313297/b6440qg/NowINAndroid/core/navigation/src/main/kotlin/com/google/samples/apps/nowinandroid/core/navigation/NavigationState.kt
2026-02-02 05:08:31,576 - Knowledge - INFO - Async storage completed for 6 embeddings
2026-02-02 05:08:31,676 - Knowledge - INFO - Worker kw13 processing /app/data/T0015/313297/b6440qg/NowINAndroid/core/navigation/build.gradle.kts
2026-02-02 05:08:31,808 - Knowledge - INFO - process ingested knowledge for /app/data/T0015/313297/b6440qg/NowINAndroid/feature/search/impl/src/main/kotlin/com/google/samples/apps/nowinandroid/feature/search/impl/SearchScreen.kt
2026-02-02 05:08:31,809 - Knowledge - INFO - process ingested knowledge for /app/data/T0015/313297/b6440qg/NowINAndroid/feature/topic/impl/src/main/kotlin/com/google/samples/apps/nowinandroid/feature/topic/impl/navigation/TopicEntryProvider.kt
2026-02-02 05:08:31,848 - Knowledge - INFO - Fast-tracked /app/data/T0015/313297/b6440qg/NowINAndroid/core/navigation/build.gradle.kts (ext=.kts, size=1437)
2026-02-02 05:08:32,329 - Knowledge - INFO - Worker kw13 processing /app/data/T0015/313297/b6440qg/NowINAndroid/core/navigation/README.md
2026-02-02 05:08:32,520 - Knowledge - INFO - Fast-tracked /app/data/T0015/313297/b6440qg/NowINAndroid/core/navigation/README.md (ext=.md, size=122)
2026-02-02 05:08:32,676 - Knowledge - INFO - Worker kw13 processing /app/data/T0015/313297/b6440qg/NowINAndroid/core/datastore-proto/build.gradle.kts
2026-02-02 05:08:32,936 - Knowledge - INFO - process ingested knowledge for /app/data/T0015/313297/b6440qg/NowINAndroid/feature/bookmarks/impl/src/main/kotlin/com/google/samples/apps/nowinandroid/feature/bookmarks/impl/navigation/BookmarksEntryProvider.kt
2026-02-02 05:08:32,936 - Knowledge - INFO - [kw16] Queue=322, InProgress=0, PendingWorkers=20/20, Completed=135/484 (27.9%)
2026-02-02 05:08:32,937 - Knowledge - INFO - process ingested knowledge for /app/data/T0015/313297/b6440qg/NowINAndroid/app/src/androidTest/kotlin/com/google/samples/apps/nowinandroid/ui/UiTestExtensions.kt
2026-02-02 05:08:32,971 - Knowledge - INFO - Fast-tracked /app/data/T0015/313297/b6440qg/NowINAndroid/core/datastore-proto/build.gradle.kts (ext=.kts, size=1313)
2026-02-02 05:08:33,207 - Knowledge - INFO - Batch sizing: calculated=6, max_allowed=10, queue=322, active_workers=20/20
2026-02-02 05:08:33,456 - Knowledge - INFO - Worker kw13 processing /app/data/T0015/313297/b6440qg/NowINAndroid/core/datastore-proto/README.md
2026-02-02 05:08:33,740 - Knowledge - INFO - Fast-tracked /app/data/T0015/313297/b6440qg/NowINAndroid/core/datastore-proto/README.md (ext=.md, size=1494)
2026-02-02 05:08:33,954 - Knowledge - INFO - Async storage completed for 6 embeddings
2026-02-02 05:08:34,242 - Knowledge - INFO - Fast-tracked /app/data/T0015/313297/b6440qg/NowINAndroid/core/navigation/src/main/kotlin/com/google/samples/apps/nowinandroid/core/navigation/Navigator.kt (small file (2746 bytes))
2026-02-02 05:08:35,592 - Knowledge - INFO - [kw14] Queue=322, InProgress=0, PendingWorkers=20/20, Completed=137/484 (28.3%)
2026-02-02 05:08:35,802 - Knowledge - INFO - Batch sizing: calculated=6, max_allowed=10, queue=322, active_workers=20/20
2026-02-02 05:08:36,643 - Knowledge - INFO - process ingested knowledge for /app/data/T0015/313297/b6440qg/NowINAndroid/feature/interests/impl/build.gradle.kts
2026-02-02 05:08:37,749 - Knowledge - INFO - process ingested knowledge for /app/data/T0015/313297/b6440qg/NowINAndroid/feature/search/impl/src/main/kotlin/com/google/samples/apps/nowinandroid/feature/search/impl/SearchViewModel.kt
2026-02-02 05:08:39,337 - Knowledge - INFO - [LLM_CALL] Completed: NavigationState.kt:chunk1, Duration: 4794ms, PromptTokens: 2352, CompletionTokens: 488, Cost: $0.00043
2026-02-02 05:08:39,543 - Knowledge - INFO - done ingest for /app/data/T0015/313297/b6440qg/NowINAndroid/core/navigation/src/main/kotlin/com/google/samples/apps/nowinandroid/core/navigation/NavigationState.kt
2026-02-02 05:08:40,336 - Knowledge - INFO - process ingested knowledge for /app/data/T0015/313297/b6440qg/NowINAndroid/feature/bookmarks/impl/src/main/kotlin/com/google/samples/apps/nowinandroid/feature/bookmarks/impl/BookmarksViewModel.kt
2026-02-02 05:08:40,336 - Knowledge - INFO - process ingested knowledge for /app/data/T0015/313297/b6440qg/NowINAndroid/app/src/testDemo/kotlin/com/google/samples/apps/nowinandroid/ui/SnackbarInsetsScreenshotTests.kt
2026-02-02 05:08:42,484 - Knowledge - INFO - Async storing batch of 6 embeddings
2026-02-02 05:08:42,679 - Knowledge - INFO - Worker kw14 processing /app/data/T0015/313297/b6440qg/NowINAndroid/core/domain/src/test/kotlin/com/google/samples/apps/nowinandroid/core/domain/GetFollowableTopicsUseCaseTest.kt
2026-02-02 05:08:43,003 - Knowledge - INFO - Fast-tracked /app/data/T0015/313297/b6440qg/NowINAndroid/core/domain/src/test/kotlin/com/google/samples/apps/nowinandroid/core/domain/GetFollowableTopicsUseCaseTest.kt (ext=.kt, size=3256)
2026-02-02 05:08:43,185 - Knowledge - INFO - Worker kw14 processing /app/data/T0015/313297/b6440qg/NowINAndroid/core/domain/src/main/kotlin/com/google/samples/apps/nowinandroid/core/domain/GetSearchContentsUseCase.kt
2026-02-02 05:08:43,840 - Knowledge - INFO - Worker kw14 processing /app/data/T0015/313297/b6440qg/NowINAndroid/core/domain/src/main/kotlin/com/google/samples/apps/nowinandroid/core/domain/GetRecentSearchQueriesUseCase.kt
2026-02-02 05:08:44,044 - Knowledge - INFO - Fast-tracked /app/data/T0015/313297/b6440qg/NowINAndroid/core/domain/src/main/kotlin/com/google/samples/apps/nowinandroid/core/domain/GetRecentSearchQueriesUseCase.kt (ext=.kt, size=1230)
2026-02-02 05:08:44,330 - Knowledge - INFO - Worker kw14 processing /app/data/T0015/313297/b6440qg/NowINAndroid/core/domain/src/main/kotlin/com/google/samples/apps/nowinandroid/core/domain/GetFollowableTopicsUseCase.kt
2026-02-02 05:08:44,534 - Knowledge - INFO - Worker kw14 processing /app/data/T0015/313297/b6440qg/NowINAndroid/core/domain/src/main/AndroidManifest.xml
2026-02-02 05:08:44,759 - Knowledge - INFO - Fast-tracked /app/data/T0015/313297/b6440qg/NowINAndroid/core/domain/src/main/AndroidManifest.xml (ext=.xml, size=683)
2026-02-02 05:08:44,805 - Knowledge - INFO - process ingested knowledge for /app/data/T0015/313297/b6440qg/NowINAndroid/feature/interests/impl/README.md
2026-02-02 05:08:44,805 - Knowledge - INFO - process ingested knowledge for /app/data/T0015/313297/b6440qg/NowINAndroid/feature/topic/impl/src/main/kotlin/com/google/samples/apps/nowinandroid/feature/topic/impl/TopicViewModel.kt
2026-02-02 05:08:44,945 - Knowledge - INFO - Worker kw14 processing /app/data/T0015/313297/b6440qg/NowINAndroid/core/domain/build.gradle.kts
2026-02-02 05:08:45,377 - Knowledge - INFO - Fast-tracked /app/data/T0015/313297/b6440qg/NowINAndroid/core/domain/build.gradle.kts (ext=.kts, size=1015)
2026-02-02 05:08:45,555 - Knowledge - INFO - Async storage completed for 6 embeddings
2026-02-02 05:08:45,820 - Knowledge - INFO - Processing batch of 6 files
2026-02-02 05:08:45,892 - Knowledge - INFO - Fast-tracked /app/data/T0015/313297/b6440qg/NowINAndroid/core/domain/src/main/kotlin/com/google/samples/apps/nowinandroid/core/domain/GetSearchContentsUseCase.kt (small file (2462 bytes))
2026-02-02 05:08:45,963 - Knowledge - INFO - process ingested knowledge for /app/data/T0015/313297/b6440qg/NowINAndroid/app/src/debug/res/values/colors.xml
2026-02-02 05:08:46,103 - Knowledge - INFO - Fast-tracked /app/data/T0015/313297/b6440qg/NowINAndroid/core/domain/src/main/kotlin/com/google/samples/apps/nowinandroid/core/domain/GetFollowableTopicsUseCase.kt (small file (2218 bytes))
2026-02-02 05:08:46,866 - Knowledge - INFO - process ingested knowledge for /app/data/T0015/313297/b6440qg/NowINAndroid/app/src/testDemo/kotlin/com/google/samples/apps/nowinandroid/ui/NiaAppScreenSizesScreenshotTests.kt
2026-02-02 05:08:49,167 - Knowledge - INFO - process ingested knowledge for /app/data/T0015/313297/b6440qg/NowINAndroid/feature/search/impl/build.gradle.kts
2026-02-02 05:08:50,297 - Knowledge - INFO - Async storing batch of 6 embeddings
2026-02-02 05:08:50,494 - Knowledge - INFO - Worker kw16 processing /app/data/T0015/313297/b6440qg/NowINAndroid/core/domain/README.md
2026-02-02 05:08:50,792 - Knowledge - INFO - Fast-tracked /app/data/T0015/313297/b6440qg/NowINAndroid/core/domain/README.md (ext=.md, size=2440)
2026-02-02 05:08:50,972 - Knowledge - INFO - Worker kw16 processing /app/data/T0015/313297/b6440qg/NowINAndroid/core/analytics/src/main/kotlin/com/google/samples/apps/nowinandroid/core/analytics/UiHelpers.kt
2026-02-02 05:08:51,191 - Knowledge - INFO - Fast-tracked /app/data/T0015/313297/b6440qg/NowINAndroid/core/analytics/src/main/kotlin/com/google/samples/apps/nowinandroid/core/analytics/UiHelpers.kt (ext=.kt, size=1117)
2026-02-02 05:08:51,368 - Knowledge - INFO - Worker kw16 processing /app/data/T0015/313297/b6440qg/NowINAndroid/core/analytics/src/main/kotlin/com/google/samples/apps/nowinandroid/core/analytics/NoOpAnalyticsHelper.kt
2026-02-02 05:08:51,584 - Knowledge - INFO - Fast-tracked /app/data/T0015/313297/b6440qg/NowINAndroid/core/analytics/src/main/kotlin/com/google/samples/apps/nowinandroid/core/analytics/NoOpAnalyticsHelper.kt (ext=.kt, size=878)
2026-02-02 05:08:51,659 - Knowledge - INFO - Processing batch of 6 files
2026-02-02 05:08:51,659 - Knowledge - INFO - process ingested knowledge for /app/data/T0015/313297/b6440qg/NowINAndroid/feature/bookmarks/impl/src/main/kotlin/com/google/samples/apps/nowinandroid/feature/bookmarks/impl/BookmarksScreen.kt
2026-02-02 05:08:51,762 - Knowledge - INFO - Worker kw16 processing /app/data/T0015/313297/b6440qg/NowINAndroid/core/analytics/src/main/kotlin/com/google/samples/apps/nowinandroid/core/analytics/AnalyticsHelper.kt
2026-02-02 05:08:51,873 - Knowledge - INFO - process ingested knowledge for /app/data/T0015/313297/b6440qg/NowINAndroid/app/src/main/kotlin/com/google/samples/apps/nowinandroid/MainActivityViewModel.kt
2026-02-02 05:08:52,079 - Knowledge - INFO - Fast-tracked /app/data/T0015/313297/b6440qg/NowINAndroid/core/analytics/src/main/kotlin/com/google/samples/apps/nowinandroid/core/analytics/AnalyticsHelper.kt (ext=.kt, size=879)
2026-02-02 05:08:52,234 - Knowledge - INFO - Worker kw16 processing /app/data/T0015/313297/b6440qg/NowINAndroid/core/analytics/src/main/kotlin/com/google/samples/apps/nowinandroid/core/analytics/StubAnalyticsHelper.kt
2026-02-02 05:08:52,506 - Knowledge - INFO - Fast-tracked /app/data/T0015/313297/b6440qg/NowINAndroid/core/analytics/src/main/kotlin/com/google/samples/apps/nowinandroid/core/analytics/StubAnalyticsHelper.kt (ext=.kt, size=1164)
2026-02-02 05:08:52,633 - Knowledge - INFO - Processing batch of 6 files
2026-02-02 05:08:52,675 - Knowledge - INFO - Worker kw16 processing /app/data/T0015/313297/b6440qg/NowINAndroid/core/analytics/src/main/kotlin/com/google/samples/apps/nowinandroid/core/analytics/AnalyticsEvent.kt
2026-02-02 05:08:52,863 - Knowledge - INFO - process ingested knowledge for /app/data/T0015/313297/b6440qg/NowINAndroid/core/domain/src/test/kotlin/com/google/samples/apps/nowinandroid/core/domain/GetFollowableTopicsUseCaseTest.kt
2026-02-02 05:08:52,986 - Knowledge - INFO - Async storage completed for 6 embeddings
2026-02-02 05:08:53,309 - Knowledge - INFO - Fast-tracked /app/data/T0015/313297/b6440qg/NowINAndroid/core/analytics/src/main/kotlin/com/google/samples/apps/nowinandroid/core/analytics/AnalyticsEvent.kt (small file (2065 bytes))
2026-02-02 05:08:53,700 - Knowledge - INFO - process ingested knowledge for /app/data/T0015/313297/b6440qg/NowINAndroid/feature/topic/impl/src/main/kotlin/com/google/samples/apps/nowinandroid/feature/topic/impl/TopicScreen.kt
2026-02-02 05:08:57,375 - Knowledge - INFO - process ingested knowledge for /app/data/T0015/313297/b6440qg/NowINAndroid/app/src/debug/res/values-night/colors.xml
2026-02-02 05:08:58,500 - Knowledge - INFO - process ingested knowledge for /app/data/T0015/313297/b6440qg/NowINAndroid/app/src/main/kotlin/com/google/samples/apps/nowinandroid/MainActivity.kt
2026-02-02 05:08:58,500 - Knowledge - INFO - [WEBSOCKET] Sent: Type=progress_update, Size: 292, Duration: 0ms
2026-02-02 05:08:58,502 - Knowledge - INFO - [kw19] Queue=310, InProgress=0, PendingWorkers=20/20, Completed=160/484 (33.1%)
2026-02-02 05:08:58,502 - Knowledge - INFO - process ingested knowledge for /app/data/T0015/313297/b6440qg/NowINAndroid/core/domain/src/main/kotlin/com/google/samples/apps/nowinandroid/core/domain/GetSearchContentsUseCase.kt
2026-02-02 05:08:58,830 - Knowledge - INFO - [WEBSOCKET] Sent: Type=unknown, Size: ?, Duration: 330ms
2026-02-02 05:08:58,903 - Knowledge - INFO - Batch sizing: calculated=6, max_allowed=10, queue=310, active_workers=20/20
2026-02-02 05:08:59,094 - Knowledge - INFO - Progress: 33.1% | Files: 160/484 | Rate: 0.89 files/sec | Queue: 310
2026-02-02 05:08:59,640 - Knowledge - INFO - Processing batch of 6 files
2026-02-02 05:08:59,644 - Knowledge - INFO - process ingested knowledge for /app/data/T0015/313297/b6440qg/NowINAndroid/app/benchmark-rules.pro
2026-02-02 05:08:59,644 - Knowledge - INFO - process ingested knowledge for /app/data/T0015/313297/b6440qg/NowINAndroid/app/src/testDemo/kotlin/com/google/samples/apps/nowinandroid/ui/DeviceConfigurationOverrideWindowInsets.kt
2026-02-02 05:08:59,878 - Knowledge - INFO - process ingested knowledge for /app/data/T0015/313297/b6440qg/NowINAndroid/app/README.md
2026-02-02 05:09:00,484 - Knowledge - INFO - process ingested knowledge for /app/data/T0015/313297/b6440qg/NowINAndroid/app/src/main/AndroidManifest.xml
2026-02-02 05:09:00,485 - Knowledge - INFO - process ingested knowledge for /app/data/T0015/313297/b6440qg/NowINAndroid/core/domain/src/main/kotlin/com/google/samples/apps/nowinandroid/core/domain/GetRecentSearchQueriesUseCase.kt
2026-02-02 05:09:00,486 - Knowledge - INFO - [kw1] Queue=310, InProgress=0, PendingWorkers=20/20, Completed=166/484 (34.3%)
2026-02-02 05:09:00,487 - Knowledge - INFO - process ingested knowledge for /app/data/T0015/313297/b6440qg/NowINAndroid/feature/bookmarks/impl/src/main/AndroidManifest.xml
2026-02-02 05:09:00,890 - Knowledge - INFO - Batch sizing: calculated=6, max_allowed=10, queue=310, active_workers=20/20
2026-02-02 05:09:03,066 - Knowledge - INFO - Processing batch of 6 files
2026-02-02 05:09:03,225 - Knowledge - INFO - process ingested knowledge for /app/data/T0015/313297/b6440qg/NowINAndroid/app/src/main/kotlin/com/google/samples/apps/nowinandroid/ui/NiaApp.kt
2026-02-02 05:09:04,575 - Knowledge - INFO - process ingested knowledge for /app/data/T0015/313297/b6440qg/NowINAndroid/app/google-services.json
2026-02-02 05:09:04,575 - Knowledge - INFO - process ingested knowledge for /app/data/T0015/313297/b6440qg/NowINAndroid/app/src/testDemo/kotlin/com/google/samples/apps/nowinandroid/ui/SnackbarScreenshotTests.kt
2026-02-02 05:09:04,577 - Knowledge - INFO - [kw5] Queue=310, InProgress=0, PendingWorkers=20/20, Completed=168/484 (34.7%)
2026-02-02 05:09:04,577 - Knowledge - INFO - Processing batch of 6 files
2026-02-02 05:09:05,015 - Knowledge - INFO - Batch sizing: calculated=6, max_allowed=10, queue=310, active_workers=20/20
2026-02-02 05:09:05,088 - Knowledge - INFO - process ingested knowledge for /app/data/T0015/313297/b6440qg/NowINAndroid/core/navigation/src/main/kotlin/com/google/samples/apps/nowinandroid/core/navigation/Navigator.kt
2026-02-02 05:09:06,075 - Knowledge - INFO - process ingested knowledge for /app/data/T0015/313297/b6440qg/NowINAndroid/app/src/prod/AndroidManifest.xml
2026-02-02 05:09:06,075 - Knowledge - INFO - process ingested knowledge for /app/data/T0015/313297/b6440qg/NowINAndroid/core/domain/src/main/kotlin/com/google/samples/apps/nowinandroid/core/domain/GetFollowableTopicsUseCase.kt
2026-02-02 05:09:07,576 - Knowledge - INFO - process ingested knowledge for /app/data/T0015/313297/b6440qg/NowINAndroid/app/src/main/kotlin/com/google/samples/apps/nowinandroid/ui/NiaAppState.kt
2026-02-02 05:09:07,581 - Knowledge - INFO - process ingested knowledge for /app/data/T0015/313297/b6440qg/NowINAndroid/app/proguard-rules.pro
2026-02-02 05:09:10,821 - Knowledge - INFO - process ingested knowledge for /app/data/T0015/313297/b6440qg/NowINAndroid/app/build.gradle.kts
2026-02-02 05:09:10,825 - Knowledge - INFO - Async storing batch of 6 embeddings
2026-02-02 05:09:11,118 - Knowledge - INFO - Worker kw5 processing /app/data/T0015/313297/b6440qg/NowINAndroid/core/analytics/src/main/AndroidManifest.xml
2026-02-02 05:09:11,474 - Knowledge - INFO - Fast-tracked /app/data/T0015/313297/b6440qg/NowINAndroid/core/analytics/src/main/AndroidManifest.xml (ext=.xml, size=683)
2026-02-02 05:09:11,674 - Knowledge - INFO - Worker kw5 processing /app/data/T0015/313297/b6440qg/NowINAndroid/core/analytics/src/prod/kotlin/com/google/samples/apps/nowinandroid/core/analytics/FirebaseAnalyticsHelper.kt
2026-02-02 05:09:12,039 - Knowledge - INFO - Fast-tracked /app/data/T0015/313297/b6440qg/NowINAndroid/core/analytics/src/prod/kotlin/com/google/samples/apps/nowinandroid/core/analytics/FirebaseAnalyticsHelper.kt (ext=.kt, size=1443)
2026-02-02 05:09:12,229 - Knowledge - INFO - Worker kw5 processing /app/data/T0015/313297/b6440qg/NowINAndroid/core/analytics/src/prod/kotlin/com/google/samples/apps/nowinandroid/core/analytics/AnalyticsModule.kt
2026-02-02 05:09:12,397 - Knowledge - INFO - Async storing batch of 6 embeddings
2026-02-02 05:09:12,478 - Knowledge - INFO - Fast-tracked /app/data/T0015/313297/b6440qg/NowINAndroid/core/analytics/src/prod/kotlin/com/google/samples/apps/nowinandroid/core/analytics/AnalyticsModule.kt (ext=.kt, size=1337)
2026-02-02 05:09:12,558 - Knowledge - INFO - Worker kw1 processing /app/data/T0015/313297/b6440qg/NowINAndroid/core/datastore-test/src/main/kotlin/com/google/samples/apps/nowinandroid/core/datastore/test/InMemoryDataStore.kt
2026-02-02 05:09:12,672 - Knowledge - INFO - Worker kw5 processing /app/data/T0015/313297/b6440qg/NowINAndroid/core/analytics/src/demo/kotlin/com/google/samples/apps/nowinandroid/core/analytics/AnalyticsModule.kt
2026-02-02 05:09:12,866 - Knowledge - INFO - Fast-tracked /app/data/T0015/313297/b6440qg/NowINAndroid/core/datastore-test/src/main/kotlin/com/google/samples/apps/nowinandroid/core/datastore/test/InMemoryDataStore.kt (ext=.kt, size=1057)
2026-02-02 05:09:13,069 - Knowledge - INFO - Worker kw1 processing /app/data/T0015/313297/b6440qg/NowINAndroid/core/datastore-test/src/main/kotlin/com/google/samples/apps/nowinandroid/core/datastore/test/TestDataStoreModule.kt
2026-02-02 05:09:13,264 - Knowledge - INFO - Fast-tracked /app/data/T0015/313297/b6440qg/NowINAndroid/core/analytics/src/demo/kotlin/com/google/samples/apps/nowinandroid/core/analytics/AnalyticsModule.kt (ext=.kt, size=996)
2026-02-02 05:09:13,319 - Knowledge - INFO - Fast-tracked /app/data/T0015/313297/b6440qg/NowINAndroid/core/datastore-test/src/main/kotlin/com/google/samples/apps/nowinandroid/core/datastore/test/TestDataStoreModule.kt (ext=.kt, size=1477)
2026-02-02 05:09:13,425 - Knowledge - INFO - Worker kw5 processing /app/data/T0015/313297/b6440qg/NowINAndroid/core/analytics/build.gradle.kts
2026-02-02 05:09:13,576 - Knowledge - INFO - Worker kw1 processing /app/data/T0015/313297/b6440qg/NowINAndroid/core/datastore-test/src/main/AndroidManifest.xml
2026-02-02 05:09:13,695 - Knowledge - INFO - [WEBSOCKET] Sent: Type=progress_update, Size: 292, Duration: 0ms
2026-02-02 05:09:13,864 - Knowledge - INFO - Fast-tracked /app/data/T0015/313297/b6440qg/NowINAndroid/core/analytics/build.gradle.kts (ext=.kts, size=1036)
2026-02-02 05:09:13,866 - Knowledge - INFO - Fast-tracked /app/data/T0015/313297/b6440qg/NowINAndroid/core/datastore-test/src/main/AndroidManifest.xml (ext=.xml, size=683)
2026-02-02 05:09:13,881 - Knowledge - INFO - [WEBSOCKET] Sent: Type=unknown, Size: ?, Duration: 186ms
2026-02-02 05:09:14,036 - Knowledge - INFO - Worker kw5 processing /app/data/T0015/313297/b6440qg/NowINAndroid/core/analytics/README.md
2026-02-02 05:09:14,149 - Knowledge - INFO - Worker kw1 processing /app/data/T0015/313297/b6440qg/NowINAndroid/core/datastore-test/build.gradle.kts
2026-02-02 05:09:14,245 - Knowledge - INFO - Progress: 35.1% | Files: 170/484 | Rate: 0.85 files/sec | Queue: 298
2026-02-02 05:09:14,350 - Knowledge - INFO - Fast-tracked /app/data/T0015/313297/b6440qg/NowINAndroid/core/analytics/README.md (ext=.md, size=1476)
2026-02-02 05:09:14,445 - Knowledge - INFO - process ingested knowledge for /app/data/T0015/313297/b6440qg/NowINAndroid/app/src/benchmark/res/values/colors.xml
2026-02-02 05:09:14,446 - Knowledge - INFO - process ingested knowledge for /app/data/T0015/313297/b6440qg/NowINAndroid/core/domain/src/main/AndroidManifest.xml
2026-02-02 05:09:14,483 - Knowledge - INFO - Fast-tracked /app/data/T0015/313297/b6440qg/NowINAndroid/core/datastore-test/build.gradle.kts (ext=.kts, size=960)
2026-02-02 05:09:14,632 - Knowledge - INFO - Async storage completed for 6 embeddings
2026-02-02 05:09:14,927 - Knowledge - INFO - Worker kw1 processing /app/data/T0015/313297/b6440qg/NowINAndroid/core/datastore-test/README.md
2026-02-02 05:09:15,115 - Knowledge - INFO - Fast-tracked /app/data/T0015/313297/b6440qg/NowINAndroid/core/datastore-test/README.md (ext=.md, size=1877)
2026-02-02 05:09:15,331 - Knowledge - INFO - Worker kw1 processing /app/data/T0015/313297/b6440qg/NowINAndroid/core/network/src/test/kotlin/com/google/samples/apps/nowinandroid/core/network/demo/DemoNiaNetworkDataSourceTest.kt
2026-02-02 05:09:15,879 - Knowledge - INFO - Fast-tracked /app/data/T0015/313297/b6440qg/NowINAndroid/core/network/src/test/kotlin/com/google/samples/apps/nowinandroid/core/network/demo/DemoNiaNetworkDataSourceTest.kt (ext=.kt, size=3589)
2026-02-02 05:09:16,070 - Knowledge - INFO - Async storage completed for 6 embeddings
2026-02-02 05:09:18,449 - Knowledge - INFO - process ingested knowledge for /app/data/T0015/313297/b6440qg/NowINAndroid/app/prodRelease-badging.txt
2026-02-02 05:09:21,010 - Knowledge - INFO - [kw17] Queue=298, InProgress=0, PendingWorkers=20/20, Completed=173/484 (35.7%)
2026-02-02 05:09:21,012 - Knowledge - INFO - Async storing batch of 6 embeddings
2026-02-02 05:09:21,013 - Knowledge - INFO - process ingested knowledge for /app/data/T0015/313297/b6440qg/NowINAndroid/app/dependencies/prodReleaseRuntimeClasspath.txt
2026-02-02 05:09:21,013 - Knowledge - INFO - process ingested knowledge for /app/data/T0015/313297/b6440qg/NowINAndroid/app/src/main/kotlin/com/google/samples/apps/nowinandroid/util/ProfileVerifierLogger.kt
2026-02-02 05:09:21,014 - Knowledge - INFO - [kw18] Queue=292, InProgress=0, PendingWorkers=20/20, Completed=173/484 (35.7%)
2026-02-02 05:09:21,014 - Knowledge - INFO - process ingested knowledge for /app/data/T0015/313297/b6440qg/NowINAndroid/app/src/benchmark/res/values-night/colors.xml
2026-02-02 05:09:21,015 - Knowledge - INFO - process ingested knowledge for /app/data/T0015/313297/b6440qg/NowINAndroid/core/navigation/src/main/kotlin/com/google/samples/apps/nowinandroid/core/navigation/NavigationState.kt
2026-02-02 05:09:21,016 - Knowledge - INFO - process ingested knowledge for /app/data/T0015/313297/b6440qg/NowINAndroid/core/domain/build.gradle.kts
2026-02-02 05:09:21,215 - Knowledge - INFO - Batch sizing: calculated=6, max_allowed=10, queue=298, active_workers=20/20
2026-02-02 05:09:21,378 - Knowledge - INFO - Worker kw19 processing /app/data/T0015/313297/b6440qg/NowINAndroid/core/network/src/main/kotlin/JvmUnitTestDemoAssetManager.kt
2026-02-02 05:09:21,658 - Knowledge - INFO - Batch sizing: calculated=6, max_allowed=10, queue=292, active_workers=20/20
2026-02-02 05:09:22,250 - Knowledge - INFO - Fast-tracked /app/data/T0015/313297/b6440qg/NowINAndroid/core/network/src/main/kotlin/JvmUnitTestDemoAssetManager.kt (ext=.kt, size=1812)
2026-02-02 05:09:22,443 - Knowledge - INFO - Worker kw19 processing /app/data/T0015/313297/b6440qg/NowINAndroid/core/network/src/main/kotlin/com/google/samples/apps/nowinandroid/core/network/NiaNetworkDataSource.kt
2026-02-02 05:09:22,558 - Knowledge - INFO - Processing batch of 6 files
2026-02-02 05:09:22,559 - Knowledge - INFO - [kw2] Queue=292, InProgress=0, PendingWorkers=20/20, Completed=176/484 (36.4%)
2026-02-02 05:09:22,790 - Knowledge - INFO - Fast-tracked /app/data/T0015/313297/b6440qg/NowINAndroid/core/network/src/main/kotlin/com/google/samples/apps/nowinandroid/core/network/NiaNetworkDataSource.kt (ext=.kt, size=1349)
2026-02-02 05:09:22,820 - Knowledge - INFO - process ingested knowledge for /app/data/T0015/313297/b6440qg/NowINAndroid/core/domain/README.md
2026-02-02 05:09:22,895 - Knowledge - INFO - Batch sizing: calculated=6, max_allowed=10, queue=292, active_workers=20/20
2026-02-02 05:09:22,988 - Knowledge - INFO - Worker kw19 processing /app/data/T0015/313297/b6440qg/NowINAndroid/core/network/src/main/kotlin/com/google/samples/apps/nowinandroid/core/network/model/NetworkNewsResource.kt
2026-02-02 05:09:23,401 - Knowledge - INFO - Fast-tracked /app/data/T0015/313297/b6440qg/NowINAndroid/core/network/src/main/kotlin/com/google/samples/apps/nowinandroid/core/network/model/NetworkNewsResource.kt (ext=.kt, size=1258)
2026-02-02 05:09:23,626 - Knowledge - INFO - Worker kw19 processing /app/data/T0015/313297/b6440qg/NowINAndroid/core/network/src/main/kotlin/com/google/samples/apps/nowinandroid/core/network/model/NetworkTopic.kt
2026-02-02 05:09:23,943 - Knowledge - INFO - Fast-tracked /app/data/T0015/313297/b6440qg/NowINAndroid/core/network/src/main/kotlin/com/google/samples/apps/nowinandroid/core/network/model/NetworkTopic.kt (ext=.kt, size=1329)
2026-02-02 05:09:24,185 - Knowledge - INFO - Worker kw19 processing /app/data/T0015/313297/b6440qg/NowINAndroid/core/network/src/main/kotlin/com/google/samples/apps/nowinandroid/core/network/model/NetworkChangeList.kt
2026-02-02 05:09:24,387 - Knowledge - INFO - Fast-tracked /app/data/T0015/313297/b6440qg/NowINAndroid/core/network/src/main/kotlin/com/google/samples/apps/nowinandroid/core/network/model/NetworkChangeList.kt (ext=.kt, size=1475)
2026-02-02 05:09:24,574 - Knowledge - INFO - Worker kw19 processing /app/data/T0015/313297/b6440qg/NowINAndroid/core/network/src/main/kotlin/com/google/samples/apps/nowinandroid/core/network/demo/DemoAssetManager.kt
2026-02-02 05:09:24,919 - Knowledge - INFO - Fast-tracked /app/data/T0015/313297/b6440qg/NowINAndroid/core/network/src/main/kotlin/com/google/samples/apps/nowinandroid/core/network/demo/DemoAssetManager.kt (ext=.kt, size=788)
2026-02-02 05:09:25,113 - Knowledge - INFO - Async storage completed for 6 embeddings
2026-02-02 05:09:29,446 - Knowledge - INFO - process ingested knowledge for /app/data/T0015/313297/b6440qg/NowINAndroid/AGENTS.md
2026-02-02 05:09:29,446 - Knowledge - INFO - process ingested knowledge for /app/data/T0015/313297/b6440qg/NowINAndroid/app/src/main/kotlin/com/google/samples/apps/nowinandroid/util/UiExtensions.kt
2026-02-02 05:09:29,449 - Knowledge - INFO - Async storing batch of 6 embeddings
2026-02-02 05:09:29,825 - Knowledge - INFO - Worker kw18 processing /app/data/T0015/313297/b6440qg/NowINAndroid/core/network/src/main/kotlin/com/google/samples/apps/nowinandroid/core/network/demo/DemoNiaNetworkDataSource.kt
2026-02-02 05:09:30,044 - Knowledge - INFO - Worker kw18 processing /app/data/T0015/313297/b6440qg/NowINAndroid/core/network/src/main/kotlin/com/google/samples/apps/nowinandroid/core/network/di/NetworkModule.kt
2026-02-02 05:09:30,258 - Knowledge - INFO - Worker kw18 processing /app/data/T0015/313297/b6440qg/NowINAndroid/core/network/src/main/kotlin/com/google/samples/apps/nowinandroid/core/network/retrofit/RetrofitNiaNetwork.kt
2026-02-02 05:09:30,615 - Knowledge - INFO - Worker kw18 processing /app/data/T0015/313297/b6440qg/NowINAndroid/core/network/src/main/assets/topics.json
2026-02-02 05:09:30,677 - Knowledge - INFO - Async storing batch of 6 embeddings
2026-02-02 05:09:30,848 - Knowledge - INFO - Fast-tracked /app/data/T0015/313297/b6440qg/NowINAndroid/core/network/src/main/assets/topics.json (ext=.json, size=7483)
2026-02-02 05:09:30,941 - Knowledge - INFO - Worker kw2 processing /app/data/T0015/313297/b6440qg/NowINAndroid/core/network/src/prod/kotlin/com/google/samples/apps/nowinandroid/core/network/di/FlavoredNetworkModule.kt
2026-02-02 05:09:31,053 - Knowledge - INFO - Worker kw18 processing /app/data/T0015/313297/b6440qg/NowINAndroid/core/network/src/main/assets/news.json
2026-02-02 05:09:31,368 - Knowledge - INFO - Fast-tracked /app/data/T0015/313297/b6440qg/NowINAndroid/core/network/src/main/assets/news.json (ext=.json, size=231321)
2026-02-02 05:09:31,557 - Knowledge - INFO - Worker kw18 processing /app/data/T0015/313297/b6440qg/NowINAndroid/core/network/src/main/AndroidManifest.xml
2026-02-02 05:09:31,754 - Knowledge - INFO - Fast-tracked /app/data/T0015/313297/b6440qg/NowINAndroid/core/network/src/prod/kotlin/com/google/samples/apps/nowinandroid/core/network/di/FlavoredNetworkModule.kt (ext=.kt, size=1127)
2026-02-02 05:09:31,795 - Knowledge - INFO - Fast-tracked /app/data/T0015/313297/b6440qg/NowINAndroid/core/network/src/main/AndroidManifest.xml (ext=.xml, size=820)
2026-02-02 05:09:31,933 - Knowledge - INFO - Worker kw2 processing /app/data/T0015/313297/b6440qg/NowINAndroid/core/network/src/demo/kotlin/com/google/samples/apps/nowinandroid/core/network/di/FlavoredNetworkModule.kt
2026-02-02 05:09:32,266 - Knowledge - INFO - Fast-tracked /app/data/T0015/313297/b6440qg/NowINAndroid/core/network/src/demo/kotlin/com/google/samples/apps/nowinandroid/core/network/di/FlavoredNetworkModule.kt (ext=.kt, size=1135)
2026-02-02 05:09:32,442 - Knowledge - INFO - Worker kw2 processing /app/data/T0015/313297/b6440qg/NowINAndroid/core/network/lint.xml
2026-02-02 05:09:32,683 - Knowledge - INFO - Fast-tracked /app/data/T0015/313297/b6440qg/NowINAndroid/core/network/lint.xml (ext=.xml, size=1031)
2026-02-02 05:09:32,848 - Knowledge - INFO - Worker kw2 processing /app/data/T0015/313297/b6440qg/NowINAndroid/core/network/build.gradle.kts
2026-02-02 05:09:33,104 - Knowledge - INFO - Worker kw2 processing /app/data/T0015/313297/b6440qg/NowINAndroid/core/network/README.md
2026-02-02 05:09:33,325 - Knowledge - INFO - Fast-tracked /app/data/T0015/313297/b6440qg/NowINAndroid/core/network/README.md (ext=.md, size=1612)
2026-02-02 05:09:33,508 - Knowledge - INFO - Worker kw2 processing /app/data/T0015/313297/b6440qg/NowINAndroid/core/notifications/src/main/res/values/strings.xml
2026-02-02 05:09:33,822 - Knowledge - INFO - Fast-tracked /app/data/T0015/313297/b6440qg/NowINAndroid/core/notifications/src/main/res/values/strings.xml (ext=.xml, size=1014)
2026-02-02 05:09:34,141 - Knowledge - INFO - process ingested knowledge for /app/data/T0015/313297/b6440qg/NowINAndroid/core/navigation/build.gradle.kts
2026-02-02 05:09:34,143 - Knowledge - INFO - Async storing batch of 6 embeddings
2026-02-02 05:09:34,172 - Knowledge - INFO - Fast-tracked /app/data/T0015/313297/b6440qg/NowINAndroid/core/network/build.gradle.kts (small file (2025 bytes))
2026-02-02 05:09:34,415 - Knowledge - INFO - Worker kw17 processing /app/data/T0015/313297/b6440qg/NowINAndroid/core/notifications/src/main/res/drawable-anydpi-v24/core_notifications_ic_nia_notification.xml
2026-02-02 05:09:34,597 - Knowledge - INFO - Async storage completed for 6 embeddings
2026-02-02 05:09:34,800 - Knowledge - INFO - Fast-tracked /app/data/T0015/313297/b6440qg/NowINAndroid/core/notifications/src/main/res/drawable-anydpi-v24/core_notifications_ic_nia_notification.xml (ext=.xml, size=1418)
2026-02-02 05:09:34,952 - Knowledge - INFO - Worker kw17 processing /app/data/T0015/313297/b6440qg/NowINAndroid/core/notifications/src/main/kotlin/com/google/samples/apps/nowinandroid/core/notifications/SystemTrayNotifier.kt
2026-02-02 05:09:35,373 - Knowledge - INFO - Async storage completed for 6 embeddings
2026-02-02 05:09:35,462 - Knowledge - INFO - Worker kw17 processing /app/data/T0015/313297/b6440qg/NowINAndroid/core/notifications/src/main/kotlin/com/google/samples/apps/nowinandroid/core/notifications/NoOpNotifier.kt
2026-02-02 05:09:35,819 - Knowledge - INFO - Fast-tracked /app/data/T0015/313297/b6440qg/NowINAndroid/core/notifications/src/main/kotlin/com/google/samples/apps/nowinandroid/core/notifications/NoOpNotifier.kt (ext=.kt, size=1020)
2026-02-02 05:09:36,011 - Knowledge - INFO - Worker kw17 processing /app/data/T0015/313297/b6440qg/NowINAndroid/core/notifications/src/main/kotlin/com/google/samples/apps/nowinandroid/core/notifications/Notifier.kt
2026-02-02 05:09:36,197 - Knowledge - INFO - Fast-tracked /app/data/T0015/313297/b6440qg/NowINAndroid/core/notifications/src/main/kotlin/com/google/samples/apps/nowinandroid/core/notifications/Notifier.kt (ext=.kt, size=903)
2026-02-02 05:09:36,410 - Knowledge - INFO - Worker kw17 processing /app/data/T0015/313297/b6440qg/NowINAndroid/core/notifications/src/main/AndroidManifest.xml
2026-02-02 05:09:36,670 - Knowledge - INFO - Fast-tracked /app/data/T0015/313297/b6440qg/NowINAndroid/core/notifications/src/main/AndroidManifest.xml (ext=.xml, size=829)
2026-02-02 05:09:36,923 - Knowledge - INFO - Worker kw17 processing /app/data/T0015/313297/b6440qg/NowINAndroid/core/notifications/src/prod/kotlin/com/google/samples/apps/nowinandroid/core/notifications/NotificationsModule.kt
2026-02-02 05:09:37,137 - Knowledge - INFO - process ingested knowledge for /app/data/T0015/313297/b6440qg/NowINAndroid/build_android_release.sh
2026-02-02 05:09:37,138 - Knowledge - INFO - process ingested knowledge for /app/data/T0015/313297/b6440qg/NowINAndroid/app/src/main/kotlin/com/google/samples/apps/nowinandroid/NiaApplication.kt
2026-02-02 05:09:37,139 - Knowledge - INFO - process ingested knowledge for /app/data/T0015/313297/b6440qg/NowINAndroid/core/analytics/src/main/kotlin/com/google/samples/apps/nowinandroid/core/analytics/UiHelpers.kt
2026-02-02 05:09:37,663 - Knowledge - INFO - Fast-tracked /app/data/T0015/313297/b6440qg/NowINAndroid/core/notifications/src/prod/kotlin/com/google/samples/apps/nowinandroid/core/notifications/NotificationsModule.kt (ext=.kt, size=992)
2026-02-02 05:09:38,572 - Knowledge - INFO - [WEBSOCKET] Sent: Type=progress_update, Size: 292, Duration: 0ms
2026-02-02 05:09:38,759 - Knowledge - INFO - [WEBSOCKET] Sent: Type=unknown, Size: ?, Duration: 187ms
2026-02-02 05:09:38,937 - Knowledge - INFO - Progress: 38.0% | Files: 185/484 | Rate: 0.82 files/sec | Queue: 274
2026-02-02 05:09:39,058 - Knowledge - INFO - Async storage completed for 6 embeddings
2026-02-02 05:09:41,153 - Knowledge - INFO - [LLM_CALL] Completed: NetworkModule.kt:chunk1, Duration: 7772ms, PromptTokens: 2152, CompletionTokens: 598, Cost: $0.00045
2026-02-02 05:09:41,371 - Knowledge - INFO - done ingest for /app/data/T0015/313297/b6440qg/NowINAndroid/core/network/src/main/kotlin/com/google/samples/apps/nowinandroid/core/network/di/NetworkModule.kt
2026-02-02 05:09:42,831 - Knowledge - INFO - [LLM_CALL] Completed: DemoNiaNetworkDataSource.kt:chunk1, Duration: 10579ms, PromptTokens: 2454, CompletionTokens: 632, Cost: $0.00050
2026-02-02 05:09:43,012 - Knowledge - INFO - done ingest for /app/data/T0015/313297/b6440qg/NowINAndroid/core/network/src/main/kotlin/com/google/samples/apps/nowinandroid/core/network/demo/DemoNiaNetworkDataSource.kt
2026-02-02 05:09:43,785 - Knowledge - INFO - [LLM_CALL] Completed: RetrofitNiaNetwork.kt:chunk1, Duration: 9315ms, PromptTokens: 2416, CompletionTokens: 682, Cost: $0.00051
2026-02-02 05:09:43,993 - Knowledge - INFO - done ingest for /app/data/T0015/313297/b6440qg/NowINAndroid/core/network/src/main/kotlin/com/google/samples/apps/nowinandroid/core/network/retrofit/RetrofitNiaNetwork.kt
2026-02-02 05:09:45,205 - Knowledge - INFO - process ingested knowledge for /app/data/T0015/313297/b6440qg/NowINAndroid/core/navigation/README.md
2026-02-02 05:09:45,222 - Knowledge - INFO - Processing batch of 6 files
2026-02-02 05:09:45,230 - Knowledge - INFO - Processing batch of 6 files
2026-02-02 05:09:45,231 - Knowledge - INFO - process ingested knowledge for /app/data/T0015/313297/b6440qg/NowINAndroid/core/navigation/src/test/kotlin/com/google/samples/apps/nowinandroid/core/navigation/NavigatorTest.kt
2026-02-02 05:09:45,233 - Knowledge - INFO - process ingested knowledge for /app/data/T0015/313297/b6440qg/NowINAndroid/core/analytics/src/main/kotlin/com/google/samples/apps/nowinandroid/core/analytics/NoOpAnalyticsHelper.kt
2026-02-02 05:09:45,340 - Knowledge - INFO - [LLM_CALL] Completed: SystemTrayNotifier.kt:chunk1, Duration: 7384ms, PromptTokens: 3242, CompletionTokens: 770, Cost: $0.00063
2026-02-02 05:09:45,522 - Knowledge - INFO - process ingested knowledge for /app/data/T0015/313297/b6440qg/NowINAndroid/core/analytics/src/main/AndroidManifest.xml
2026-02-02 05:09:45,601 - Knowledge - INFO - process ingested knowledge for /app/data/T0015/313297/b6440qg/NowINAndroid/core/datastore-test/src/main/kotlin/com/google/samples/apps/nowinandroid/core/datastore/test/InMemoryDataStore.kt
2026-02-02 05:09:45,925 - Knowledge - INFO - done ingest for /app/data/T0015/313297/b6440qg/NowINAndroid/core/notifications/src/main/kotlin/com/google/samples/apps/nowinandroid/core/notifications/SystemTrayNotifier.kt
2026-02-02 05:09:46,435 - Knowledge - INFO - [kw6] Queue=274, InProgress=0, PendingWorkers=20/20, Completed=189/484 (39.0%)
2026-02-02 05:09:46,587 - Knowledge - INFO - Batch sizing: calculated=6, max_allowed=10, queue=274, active_workers=20/20
2026-02-02 05:09:54,322 - Knowledge - INFO - process ingested knowledge for /app/data/T0015/313297/b6440qg/NowINAndroid/app/src/main/kotlin/com/google/samples/apps/nowinandroid/di/JankStatsModule.kt
2026-02-02 05:09:54,325 - Knowledge - INFO - process ingested knowledge for /app/data/T0015/313297/b6440qg/NowINAndroid/core/datastore-proto/build.gradle.kts
2026-02-02 05:09:54,325 - Knowledge - INFO - process ingested knowledge for /app/data/T0015/313297/b6440qg/NowINAndroid/core/analytics/src/prod/kotlin/com/google/samples/apps/nowinandroid/core/analytics/FirebaseAnalyticsHelper.kt
2026-02-02 05:09:56,796 - Knowledge - INFO - Async storing batch of 6 embeddings
2026-02-02 05:09:56,952 - Knowledge - INFO - Worker kw6 processing /app/data/T0015/313297/b6440qg/NowINAndroid/core/notifications/src/demo/kotlin/com/google/samples/apps/nowinandroid/core/notifications/NotificationsModule.kt
2026-02-02 05:09:57,377 - Knowledge - INFO - Fast-tracked /app/data/T0015/313297/b6440qg/NowINAndroid/core/notifications/src/demo/kotlin/com/google/samples/apps/nowinandroid/core/notifications/NotificationsModule.kt (ext=.kt, size=986)
2026-02-02 05:09:57,535 - Knowledge - INFO - Worker kw6 processing /app/data/T0015/313297/b6440qg/NowINAndroid/core/notifications/build.gradle.kts
2026-02-02 05:09:57,846 - Knowledge - INFO - Fast-tracked /app/data/T0015/313297/b6440qg/NowINAndroid/core/notifications/build.gradle.kts (ext=.kts, size=953)
2026-02-02 05:09:58,152 - Knowledge - INFO - Worker kw6 processing /app/data/T0015/313297/b6440qg/NowINAndroid/core/notifications/README.md
2026-02-02 05:09:58,366 - Knowledge - INFO - Fast-tracked /app/data/T0015/313297/b6440qg/NowINAndroid/core/notifications/README.md (ext=.md, size=1643)
2026-02-02 05:09:58,527 - Knowledge - INFO - Worker kw6 processing /app/data/T0015/313297/b6440qg/NowINAndroid/core/data/src/test/kotlin/com/google/samples/apps/nowinandroid/core/data/repository/OfflineFirstTopicsRepositoryTest.kt
2026-02-02 05:09:58,885 - Knowledge - INFO - Fast-tracked /app/data/T0015/313297/b6440qg/NowINAndroid/core/data/src/test/kotlin/com/google/samples/apps/nowinandroid/core/data/repository/OfflineFirstTopicsRepositoryTest.kt (ext=.kt, size=6211)
2026-02-02 05:09:59,061 - Knowledge - INFO - Worker kw6 processing /app/data/T0015/313297/b6440qg/NowINAndroid/core/data/src/test/kotlin/com/google/samples/apps/nowinandroid/core/data/repository/OfflineFirstUserDataRepositoryTest.kt
2026-02-02 05:09:59,314 - Knowledge - INFO - Processing batch of 6 files
2026-02-02 05:09:59,346 - Knowledge - INFO - Fast-tracked /app/data/T0015/313297/b6440qg/NowINAndroid/core/data/src/test/kotlin/com/google/samples/apps/nowinandroid/core/data/repository/OfflineFirstUserDataRepositoryTest.kt (ext=.kt, size=8640)
2026-02-02 05:09:59,558 - Knowledge - INFO - process ingested knowledge for /app/data/T0015/313297/b6440qg/NowINAndroid/core/network/src/prod/kotlin/com/google/samples/apps/nowinandroid/core/network/di/FlavoredNetworkModule.kt
2026-02-02 05:09:59,648 - Knowledge - INFO - Worker kw6 processing /app/data/T0015/313297/b6440qg/NowINAndroid/core/data/src/test/kotlin/com/google/samples/apps/nowinandroid/core/data/repository/OfflineFirstNewsRepositoryTest.kt
2026-02-02 05:09:59,895 - Knowledge - INFO - Fast-tracked /app/data/T0015/313297/b6440qg/NowINAndroid/core/data/src/test/kotlin/com/google/samples/apps/nowinandroid/core/data/repository/OfflineFirstNewsRepositoryTest.kt (ext=.kt, size=14583)
2026-02-02 05:10:00,120 - Knowledge - INFO - Async storage completed for 6 embeddings
2026-02-02 05:10:02,386 - Knowledge - INFO - process ingested knowledge for /app/data/T0015/313297/b6440qg/NowINAndroid/core/datastore-proto/README.md
2026-02-02 05:10:04,535 - Knowledge - INFO - [kw12] Queue=268, InProgress=0, PendingWorkers=20/20, Completed=202/484 (41.7%)
2026-02-02 05:10:04,740 - Knowledge - INFO - Batch sizing: calculated=6, max_allowed=10, queue=268, active_workers=20/20
2026-02-02 05:10:07,304 - Knowledge - INFO - process ingested knowledge for /app/data/T0015/313297/b6440qg/NowINAndroid/core/analytics/src/main/kotlin/com/google/samples/apps/nowinandroid/core/analytics/AnalyticsHelper.kt
2026-02-02 05:10:10,376 - Knowledge - INFO - process ingested knowledge for /app/data/T0015/313297/b6440qg/NowINAndroid/core/network/src/demo/kotlin/com/google/samples/apps/nowinandroid/core/network/di/FlavoredNetworkModule.kt
2026-02-02 05:10:12,243 - Knowledge - INFO - Processing batch of 6 files
2026-02-02 05:10:12,246 - Knowledge - INFO - process ingested knowledge for /app/data/T0015/313297/b6440qg/NowINAndroid/core/datastore-test/src/main/kotlin/com/google/samples/apps/nowinandroid/core/datastore/test/TestDataStoreModule.kt
2026-02-02 05:10:12,246 - Knowledge - INFO - process ingested knowledge for /app/data/T0015/313297/b6440qg/NowINAndroid/core/analytics/src/prod/kotlin/com/google/samples/apps/nowinandroid/core/analytics/AnalyticsModule.kt
2026-02-02 05:10:12,459 - Knowledge - INFO - process ingested knowledge for /app/data/T0015/313297/b6440qg/NowINAndroid/core/notifications/src/main/res/drawable-anydpi-v24/core_notifications_ic_nia_notification.xml
2026-02-02 05:10:15,322 - Knowledge - INFO - Async storing batch of 6 embeddings
2026-02-02 05:10:15,323 - Knowledge - INFO - [WEBSOCKET] Sent: Type=progress_update, Size: 291, Duration: 0ms
2026-02-02 05:10:15,499 - Knowledge - INFO - Worker kw12 processing /app/data/T0015/313297/b6440qg/NowINAndroid/core/data/src/test/kotlin/com/google/samples/apps/nowinandroid/core/data/repository/TestSynchronizer.kt
2026-02-02 05:10:15,597 - Knowledge - INFO - Processing batch of 6 files
2026-02-02 05:10:15,599 - Knowledge - INFO - [WEBSOCKET] Sent: Type=unknown, Size: ?, Duration: 276ms
2026-02-02 05:10:15,710 - Knowledge - INFO - Fast-tracked /app/data/T0015/313297/b6440qg/NowINAndroid/core/data/src/test/kotlin/com/google/samples/apps/nowinandroid/core/data/repository/TestSynchronizer.kt (ext=.kt, size=1377)
2026-02-02 05:10:15,773 - Knowledge - INFO - process ingested knowledge for /app/data/T0015/313297/b6440qg/NowINAndroid/core/network/src/main/kotlin/JvmUnitTestDemoAssetManager.kt
2026-02-02 05:10:15,908 - Knowledge - INFO - Progress: 42.4% | Files: 211/484 | Rate: 0.80 files/sec | Queue: 262
2026-02-02 05:10:16,016 - Knowledge - INFO - Worker kw12 processing /app/data/T0015/313297/b6440qg/NowINAndroid/core/data/src/test/kotlin/com/google/samples/apps/nowinandroid/core/data/CompositeUserNewsResourceRepositoryTest.kt
2026-02-02 05:10:16,611 - Knowledge - INFO - Fast-tracked /app/data/T0015/313297/b6440qg/NowINAndroid/core/data/src/test/kotlin/com/google/samples/apps/nowinandroid/core/data/CompositeUserNewsResourceRepositoryTest.kt (ext=.kt, size=7657)
2026-02-02 05:10:16,777 - Knowledge - INFO - Worker kw12 processing /app/data/T0015/313297/b6440qg/NowINAndroid/core/data/src/test/kotlin/com/google/samples/apps/nowinandroid/core/data/testdoubles/TestTopicDao.kt
2026-02-02 05:10:17,090 - Knowledge - INFO - Fast-tracked /app/data/T0015/313297/b6440qg/NowINAndroid/core/data/src/test/kotlin/com/google/samples/apps/nowinandroid/core/data/testdoubles/TestTopicDao.kt (ext=.kt, size=2320)
2026-02-02 05:10:17,248 - Knowledge - INFO - Worker kw12 processing /app/data/T0015/313297/b6440qg/NowINAndroid/core/data/src/test/kotlin/com/google/samples/apps/nowinandroid/core/data/testdoubles/TestNiaNetworkDataSource.kt
2026-02-02 05:10:17,480 - Knowledge - INFO - Fast-tracked /app/data/T0015/313297/b6440qg/NowINAndroid/core/data/src/test/kotlin/com/google/samples/apps/nowinandroid/core/data/testdoubles/TestNiaNetworkDataSource.kt (ext=.kt, size=4471)
2026-02-02 05:10:17,676 - Knowledge - INFO - Worker kw12 processing /app/data/T0015/313297/b6440qg/NowINAndroid/core/data/src/test/kotlin/com/google/samples/apps/nowinandroid/core/data/testdoubles/TestNewsResourceDao.kt
2026-02-02 05:10:17,873 - Knowledge - INFO - Fast-tracked /app/data/T0015/313297/b6440qg/NowINAndroid/core/data/src/test/kotlin/com/google/samples/apps/nowinandroid/core/data/testdoubles/TestNewsResourceDao.kt (ext=.kt, size=5142)
2026-02-02 05:10:18,049 - Knowledge - INFO - Worker kw12 processing /app/data/T0015/313297/b6440qg/NowINAndroid/core/data/src/test/kotlin/com/google/samples/apps/nowinandroid/core/data/UserNewsResourceTest.kt
2026-02-02 05:10:18,271 - Knowledge - INFO - Fast-tracked /app/data/T0015/313297/b6440qg/NowINAndroid/core/data/src/test/kotlin/com/google/samples/apps/nowinandroid/core/data/UserNewsResourceTest.kt (ext=.kt, size=4287)
2026-02-02 05:10:18,290 - Knowledge - INFO - process ingested knowledge for /app/data/T0015/313297/b6440qg/NowINAndroid/core/analytics/src/demo/kotlin/com/google/samples/apps/nowinandroid/core/analytics/AnalyticsModule.kt
2026-02-02 05:10:18,498 - Knowledge - INFO - Async storage completed for 6 embeddings
2026-02-02 05:10:19,758 - Knowledge - INFO - [kw4] Queue=262, InProgress=0, PendingWorkers=20/20, Completed=211/484 (43.6%)
2026-02-02 05:10:19,760 - Knowledge - INFO - process ingested knowledge for /app/data/T0015/313297/b6440qg/NowINAndroid/core/analytics/src/main/kotlin/com/google/samples/apps/nowinandroid/core/analytics/StubAnalyticsHelper.kt
2026-02-02 05:10:20,004 - Knowledge - INFO - Batch sizing: calculated=6, max_allowed=10, queue=262, active_workers=20/20
2026-02-02 05:10:21,464 - Knowledge - INFO - Processing batch of 6 files
2026-02-02 05:10:21,464 - Knowledge - INFO - process ingested knowledge for /app/data/T0015/313297/b6440qg/NowINAndroid/core/network/lint.xml
2026-02-02 05:10:21,465 - Knowledge - INFO - process ingested knowledge for /app/data/T0015/313297/b6440qg/NowINAndroid/core/network/src/main/kotlin/com/google/samples/apps/nowinandroid/core/network/NiaNetworkDataSource.kt
2026-02-02 05:10:21,465 - Knowledge - INFO - [kw15] Queue=262, InProgress=0, PendingWorkers=20/20, Completed=214/484 (44.2%)
2026-02-02 05:10:21,622 - Knowledge - INFO - process ingested knowledge for /app/data/T0015/313297/b6440qg/NowINAndroid/core/notifications/src/demo/kotlin/com/google/samples/apps/nowinandroid/core/notifications/NotificationsModule.kt
2026-02-02 05:10:21,981 - Knowledge - INFO - Batch sizing: calculated=6, max_allowed=10, queue=262, active_workers=20/20
2026-02-02 05:10:23,318 - Knowledge - INFO - process ingested knowledge for /app/data/T0015/313297/b6440qg/NowINAndroid/core/notifications/src/main/kotlin/com/google/samples/apps/nowinandroid/core/notifications/SystemTrayNotifier.kt
2026-02-02 05:10:23,324 - Knowledge - INFO - process ingested knowledge for /app/data/T0015/313297/b6440qg/NowINAndroid/core/analytics/build.gradle.kts
2026-02-02 05:10:23,324 - Knowledge - INFO - Processing batch of 6 files
2026-02-02 05:10:23,324 - Knowledge - INFO - [kw11] Queue=262, InProgress=0, PendingWorkers=20/20, Completed=216/484 (44.6%)
2026-02-02 05:10:23,798 - Knowledge - INFO - process ingested knowledge for /app/data/T0015/313297/b6440qg/NowINAndroid/core/network/src/main/kotlin/com/google/samples/apps/nowinandroid/core/network/demo/DemoNiaNetworkDataSource.kt
2026-02-02 05:10:23,894 - Knowledge - INFO - Batch sizing: calculated=6, max_allowed=10, queue=262, active_workers=20/20
2026-02-02 05:10:24,436 - Knowledge - INFO - Async storing batch of 6 embeddings
2026-02-02 05:10:24,738 - Knowledge - INFO - Worker kw4 processing /app/data/T0015/313297/b6440qg/NowINAndroid/core/data/src/test/kotlin/com/google/samples/apps/nowinandroid/core/data/model/NetworkEntityTest.kt
2026-02-02 05:10:25,071 - Knowledge - INFO - Fast-tracked /app/data/T0015/313297/b6440qg/NowINAndroid/core/data/src/test/kotlin/com/google/samples/apps/nowinandroid/core/data/model/NetworkEntityTest.kt (ext=.kt, size=4800)
2026-02-02 05:10:25,233 - Knowledge - INFO - Worker kw4 processing /app/data/T0015/313297/b6440qg/NowINAndroid/core/data/src/test/kotlin/com/google/samples/apps/nowinandroid/core/database/model/PopulatedNewsResourceKtTest.kt
2026-02-02 05:10:25,457 - Knowledge - INFO - Fast-tracked /app/data/T0015/313297/b6440qg/NowINAndroid/core/data/src/test/kotlin/com/google/samples/apps/nowinandroid/core/database/model/PopulatedNewsResourceKtTest.kt (ext=.kt, size=2606)
2026-02-02 05:10:25,646 - Knowledge - INFO - Worker kw4 processing /app/data/T0015/313297/b6440qg/NowINAndroid/core/data/src/main/kotlin/com/google/samples/apps/nowinandroid/core/data/repository/CompositeUserNewsResourceRepository.kt
2026-02-02 05:10:25,869 - Knowledge - INFO - process ingested knowledge for /app/data/T0015/313297/b6440qg/NowINAndroid/core/datastore-test/src/main/AndroidManifest.xml
2026-02-02 05:10:25,871 - Knowledge - INFO - process ingested knowledge for /app/data/T0015/313297/b6440qg/NowINAndroid/core/network/build.gradle.kts
2026-02-02 05:10:25,872 - Knowledge - INFO - process ingested knowledge for /app/data/T0015/313297/b6440qg/NowINAndroid/core/network/src/main/kotlin/com/google/samples/apps/nowinandroid/core/network/model/NetworkNewsResource.kt
2026-02-02 05:10:25,873 - Knowledge - INFO - Async storing batch of 6 embeddings
2026-02-02 05:10:26,333 - Knowledge - INFO - Worker kw4 processing /app/data/T0015/313297/b6440qg/NowINAndroid/core/data/src/main/kotlin/com/google/samples/apps/nowinandroid/core/data/repository/RecentSearchRepository.kt
2026-02-02 05:10:26,358 - Knowledge - INFO - Worker kw15 processing /app/data/T0015/313297/b6440qg/NowINAndroid/core/data/src/main/kotlin/com/google/samples/apps/nowinandroid/core/data/repository/UserDataRepository.kt
2026-02-02 05:10:26,575 - Knowledge - INFO - Fast-tracked /app/data/T0015/313297/b6440qg/NowINAndroid/core/data/src/main/kotlin/com/google/samples/apps/nowinandroid/core/data/repository/RecentSearchRepository.kt (ext=.kt, size=1317)
2026-02-02 05:10:26,697 - Knowledge - INFO - Worker kw15 processing /app/data/T0015/313297/b6440qg/NowINAndroid/core/data/src/main/kotlin/com/google/samples/apps/nowinandroid/core/data/repository/DefaultSearchContentsRepository.kt
2026-02-02 05:10:26,789 - Knowledge - INFO - Worker kw4 processing /app/data/T0015/313297/b6440qg/NowINAndroid/core/data/src/main/kotlin/com/google/samples/apps/nowinandroid/core/data/repository/NewsRepository.kt
2026-02-02 05:10:26,965 - Knowledge - INFO - Worker kw15 processing /app/data/T0015/313297/b6440qg/NowINAndroid/core/data/src/main/kotlin/com/google/samples/apps/nowinandroid/core/data/repository/SearchContentsRepository.kt
2026-02-02 05:10:27,126 - Knowledge - INFO - Fast-tracked /app/data/T0015/313297/b6440qg/NowINAndroid/core/data/src/main/kotlin/com/google/samples/apps/nowinandroid/core/data/repository/NewsRepository.kt (ext=.kt, size=1594)
2026-02-02 05:10:27,156 - Knowledge - INFO - Fast-tracked /app/data/T0015/313297/b6440qg/NowINAndroid/core/data/src/main/kotlin/com/google/samples/apps/nowinandroid/core/data/repository/SearchContentsRepository.kt (ext=.kt, size=1224)
2026-02-02 05:10:27,307 - Knowledge - INFO - Worker kw4 processing /app/data/T0015/313297/b6440qg/NowINAndroid/core/data/src/main/kotlin/com/google/samples/apps/nowinandroid/core/data/repository/OfflineFirstTopicsRepository.kt
2026-02-02 05:10:27,409 - Knowledge - INFO - Worker kw15 processing /app/data/T0015/313297/b6440qg/NowINAndroid/core/data/src/main/kotlin/com/google/samples/apps/nowinandroid/core/data/repository/OfflineFirstUserDataRepository.kt
2026-02-02 05:10:27,667 - Knowledge - INFO - Worker kw15 processing /app/data/T0015/313297/b6440qg/NowINAndroid/core/data/src/main/kotlin/com/google/samples/apps/nowinandroid/core/data/repository/UserNewsResourceRepository.kt
2026-02-02 05:10:27,719 - Knowledge - INFO - Fast-tracked /app/data/T0015/313297/b6440qg/NowINAndroid/core/data/src/main/kotlin/com/google/samples/apps/nowinandroid/core/data/repository/CompositeUserNewsResourceRepository.kt (small file (2816 bytes))
2026-02-02 05:10:27,893 - Knowledge - INFO - Fast-tracked /app/data/T0015/313297/b6440qg/NowINAndroid/core/data/src/main/kotlin/com/google/samples/apps/nowinandroid/core/data/repository/UserNewsResourceRepository.kt (ext=.kt, size=1470)
2026-02-02 05:10:28,071 - Knowledge - INFO - Fast-tracked /app/data/T0015/313297/b6440qg/NowINAndroid/core/data/src/main/kotlin/com/google/samples/apps/nowinandroid/core/data/repository/OfflineFirstTopicsRepository.kt (small file (2837 bytes))
2026-02-02 05:10:28,125 - Knowledge - INFO - Worker kw15 processing /app/data/T0015/313297/b6440qg/NowINAndroid/core/data/src/main/kotlin/com/google/samples/apps/nowinandroid/core/data/repository/DefaultRecentSearchRepository.kt
2026-02-02 05:10:28,259 - Knowledge - INFO - Async storage completed for 6 embeddings
2026-02-02 05:10:28,381 - Knowledge - INFO - Fast-tracked /app/data/T0015/313297/b6440qg/NowINAndroid/core/data/src/main/kotlin/com/google/samples/apps/nowinandroid/core/data/repository/DefaultRecentSearchRepository.kt (ext=.kt, size=1926)
2026-02-02 05:10:28,664 - Knowledge - INFO - Fast-tracked /app/data/T0015/313297/b6440qg/NowINAndroid/core/data/src/main/kotlin/com/google/samples/apps/nowinandroid/core/data/repository/UserDataRepository.kt (small file (2167 bytes))
2026-02-02 05:10:29,162 - Knowledge - INFO - process ingested knowledge for /app/data/T0015/313297/b6440qg/NowINAndroid/core/notifications/src/main/kotlin/com/google/samples/apps/nowinandroid/core/notifications/NoOpNotifier.kt
2026-02-02 05:10:29,163 - Knowledge - INFO - process ingested knowledge for /app/data/T0015/313297/b6440qg/NowINAndroid/core/analytics/README.md
2026-02-02 05:10:29,164 - Knowledge - INFO - Async storing batch of 6 embeddings
2026-02-02 05:10:29,571 - Knowledge - INFO - Worker kw11 processing /app/data/T0015/313297/b6440qg/NowINAndroid/core/data/src/main/kotlin/com/google/samples/apps/nowinandroid/core/data/repository/AnalyticsExtensions.kt
2026-02-02 05:10:29,757 - Knowledge - INFO - Worker kw11 processing /app/data/T0015/313297/b6440qg/NowINAndroid/core/data/src/main/kotlin/com/google/samples/apps/nowinandroid/core/data/repository/OfflineFirstNewsRepository.kt
2026-02-02 05:10:29,994 - Knowledge - INFO - Worker kw11 processing /app/data/T0015/313297/b6440qg/NowINAndroid/core/data/src/main/kotlin/com/google/samples/apps/nowinandroid/core/data/repository/TopicsRepository.kt
2026-02-02 05:10:30,216 - Knowledge - INFO - Fast-tracked /app/data/T0015/313297/b6440qg/NowINAndroid/core/data/src/main/kotlin/com/google/samples/apps/nowinandroid/core/data/repository/TopicsRepository.kt (ext=.kt, size=1089)
2026-02-02 05:10:30,396 - Knowledge - INFO - Worker kw11 processing /app/data/T0015/313297/b6440qg/NowINAndroid/core/data/src/main/kotlin/com/google/samples/apps/nowinandroid/core/data/SyncUtilities.kt
2026-02-02 05:10:30,595 - Knowledge - INFO - Worker kw11 processing /app/data/T0015/313297/b6440qg/NowINAndroid/core/data/src/main/kotlin/com/google/samples/apps/nowinandroid/core/data/util/TimeZoneMonitor.kt
2026-02-02 05:10:30,846 - Knowledge - INFO - Worker kw11 processing /app/data/T0015/313297/b6440qg/NowINAndroid/core/data/src/main/kotlin/com/google/samples/apps/nowinandroid/core/data/util/ConnectivityManagerNetworkMonitor.kt
2026-02-02 05:10:30,915 - Knowledge - INFO - [kw20] Queue=244, InProgress=0, PendingWorkers=20/20, Completed=216/484 (44.6%)
2026-02-02 05:10:30,917 - Knowledge - INFO - [WEBSOCKET] Sent: Type=progress_update, Size: 293, Duration: 1ms
2026-02-02 05:10:30,918 - Knowledge - INFO - process ingested knowledge for /app/data/T0015/313297/b6440qg/NowINAndroid/core/notifications/build.gradle.kts
2026-02-02 05:10:30,918 - Knowledge - INFO - process ingested knowledge for /app/data/T0015/313297/b6440qg/NowINAndroid/core/datastore-test/build.gradle.kts
2026-02-02 05:10:30,918 - Knowledge - INFO - process ingested knowledge for /app/data/T0015/313297/b6440qg/NowINAndroid/core/network/src/main/kotlin/com/google/samples/apps/nowinandroid/core/network/model/NetworkTopic.kt
2026-02-02 05:10:30,919 - Knowledge - INFO - process ingested knowledge for /app/data/T0015/313297/b6440qg/NowINAndroid/core/network/src/main/kotlin/com/google/samples/apps/nowinandroid/core/network/di/NetworkModule.kt
2026-02-02 05:10:30,919 - Knowledge - INFO - process ingested knowledge for /app/data/T0015/313297/b6440qg/NowINAndroid/core/network/README.md
2026-02-02 05:10:31,106 - Knowledge - INFO - Fast-tracked /app/data/T0015/313297/b6440qg/NowINAndroid/core/data/src/main/kotlin/com/google/samples/apps/nowinandroid/core/data/repository/AnalyticsExtensions.kt (small file (3014 bytes))
2026-02-02 05:10:31,143 - Knowledge - INFO - Batch sizing: calculated=6, max_allowed=10, queue=244, active_workers=20/20
2026-02-02 05:10:31,152 - Knowledge - INFO - Async storage completed for 6 embeddings
2026-02-02 05:10:31,298 - Knowledge - INFO - [WEBSOCKET] Sent: Type=unknown, Size: ?, Duration: 382ms
2026-02-02 05:10:31,978 - Knowledge - INFO - [kw8] Queue=244, InProgress=0, PendingWorkers=20/20, Completed=219/484 (45.2%)
2026-02-02 05:10:31,979 - Knowledge - INFO - process ingested knowledge for /app/data/T0015/313297/b6440qg/NowINAndroid/core/notifications/src/main/kotlin/com/google/samples/apps/nowinandroid/core/notifications/Notifier.kt
2026-02-02 05:10:31,980 - Knowledge - INFO - process ingested knowledge for /app/data/T0015/313297/b6440qg/NowINAndroid/core/analytics/src/main/kotlin/com/google/samples/apps/nowinandroid/core/analytics/AnalyticsEvent.kt
2026-02-02 05:10:31,980 - Knowledge - INFO - [kw14] Queue=244, InProgress=0, PendingWorkers=20/20, Completed=219/484 (45.2%)
2026-02-02 05:10:32,205 - Knowledge - INFO - Progress: 44.6% | Files: 219/484 | Rate: 0.78 files/sec | Queue: 244
2026-02-02 05:10:32,333 - Knowledge - INFO - Batch sizing: calculated=6, max_allowed=10, queue=244, active_workers=20/20
2026-02-02 05:10:33,052 - Knowledge - INFO - Batch sizing: calculated=6, max_allowed=10, queue=244, active_workers=20/20
2026-02-02 05:10:35,664 - Knowledge - INFO - process ingested knowledge for /app/data/T0015/313297/b6440qg/NowINAndroid/core/datastore-test/README.md
2026-02-02 05:10:35,674 - Knowledge - INFO - process ingested knowledge for /app/data/T0015/313297/b6440qg/NowINAndroid/core/notifications/src/main/res/values/strings.xml
2026-02-02 05:10:37,535 - Knowledge - INFO - Async storing batch of 6 embeddings
2026-02-02 05:10:37,866 - Knowledge - INFO - Worker kw20 processing /app/data/T0015/313297/b6440qg/NowINAndroid/core/data/src/main/kotlin/com/google/samples/apps/nowinandroid/core/data/util/SyncManager.kt
2026-02-02 05:10:37,999 - Knowledge - INFO - [LLM_CALL] Completed: DefaultSearchContentsRepository.kt:chunk1, Duration: 8864ms, PromptTokens: 2436, CompletionTokens: 658, Cost: $0.00051
2026-02-02 05:10:38,115 - Knowledge - INFO - Fast-tracked /app/data/T0015/313297/b6440qg/NowINAndroid/core/data/src/main/kotlin/com/google/samples/apps/nowinandroid/core/data/util/SyncManager.kt (ext=.kt, size=852)
2026-02-02 05:10:38,178 - Knowledge - INFO - done ingest for /app/data/T0015/313297/b6440qg/NowINAndroid/core/data/src/main/kotlin/com/google/samples/apps/nowinandroid/core/data/repository/DefaultSearchContentsRepository.kt
2026-02-02 05:10:38,266 - Knowledge - INFO - Async storage completed for 6 embeddings
2026-02-02 05:10:38,279 - Knowledge - INFO - Worker kw20 processing /app/data/T0015/313297/b6440qg/NowINAndroid/core/data/src/main/kotlin/com/google/samples/apps/nowinandroid/core/data/util/NetworkMonitor.kt
2026-02-02 05:10:38,724 - Knowledge - INFO - Fast-tracked /app/data/T0015/313297/b6440qg/NowINAndroid/core/data/src/main/kotlin/com/google/samples/apps/nowinandroid/core/data/util/NetworkMonitor.kt (ext=.kt, size=833)
2026-02-02 05:10:38,916 - Knowledge - INFO - Worker kw20 processing /app/data/T0015/313297/b6440qg/NowINAndroid/core/data/src/main/kotlin/com/google/samples/apps/nowinandroid/core/data/model/Topic.kt
2026-02-02 05:10:38,999 - Knowledge - INFO - process ingested knowledge for /app/data/T0015/313297/b6440qg/NowINAndroid/core/notifications/src/main/AndroidManifest.xml
2026-02-02 05:10:39,008 - Knowledge - INFO - Async storing batch of 6 embeddings
2026-02-02 05:10:39,018 - Knowledge - INFO - Async storing batch of 6 embeddings
2026-02-02 05:10:39,191 - Knowledge - INFO - Fast-tracked /app/data/T0015/313297/b6440qg/NowINAndroid/core/data/src/main/kotlin/com/google/samples/apps/nowinandroid/core/data/model/Topic.kt (ext=.kt, size=1027)
2026-02-02 05:10:39,230 - Knowledge - INFO - [LLM_CALL] Completed: OfflineFirstUserDataRepository.kt:chunk1, Duration: 9079ms, PromptTokens: 2164, CompletionTokens: 827, Cost: $0.00055
2026-02-02 05:10:39,356 - Knowledge - INFO - Worker kw8 processing /app/data/T0015/313297/b6440qg/NowINAndroid/core/data/src/main/kotlin/com/google/samples/apps/nowinandroid/core/data/di/UserNewsResourceRepositoryModule.kt
2026-02-02 05:10:39,425 - Knowledge - INFO - Worker kw14 processing /app/data/T0015/313297/b6440qg/NowINAndroid/core/testing/src/main/kotlin/com/google/samples/apps/nowinandroid/core/testing/repository/TestUserDataRepository.kt
2026-02-02 05:10:39,525 - Knowledge - INFO - Worker kw20 processing /app/data/T0015/313297/b6440qg/NowINAndroid/core/data/src/main/kotlin/com/google/samples/apps/nowinandroid/core/data/model/NewsResource.kt
2026-02-02 05:10:39,622 - Knowledge - INFO - done ingest for /app/data/T0015/313297/b6440qg/NowINAndroid/core/data/src/main/kotlin/com/google/samples/apps/nowinandroid/core/data/repository/OfflineFirstUserDataRepository.kt
2026-02-02 05:10:39,827 - Knowledge - INFO - Fast-tracked /app/data/T0015/313297/b6440qg/NowINAndroid/core/data/src/main/kotlin/com/google/samples/apps/nowinandroid/core/data/di/UserNewsResourceRepositoryModule.kt (ext=.kt, size=1242)
2026-02-02 05:10:40,048 - Knowledge - INFO - Worker kw20 processing /app/data/T0015/313297/b6440qg/NowINAndroid/core/data/src/main/kotlin/com/google/samples/apps/nowinandroid/core/data/model/RecentSearchQuery.kt
2026-02-02 05:10:40,248 - Knowledge - INFO - Worker kw8 processing /app/data/T0015/313297/b6440qg/NowINAndroid/core/data/src/main/AndroidManifest.xml
2026-02-02 05:10:40,268 - Knowledge - INFO - Worker kw14 processing /app/data/T0015/313297/b6440qg/NowINAndroid/core/testing/src/main/kotlin/com/google/samples/apps/nowinandroid/core/testing/repository/TestSearchContentsRepository.kt
2026-02-02 05:10:40,433 - Knowledge - INFO - Fast-tracked /app/data/T0015/313297/b6440qg/NowINAndroid/core/data/src/main/kotlin/com/google/samples/apps/nowinandroid/core/data/model/RecentSearchQuery.kt (ext=.kt, size=1056)
2026-02-02 05:10:40,544 - Knowledge - INFO - Fast-tracked /app/data/T0015/313297/b6440qg/NowINAndroid/core/data/src/main/AndroidManifest.xml (ext=.xml, size=831)
2026-02-02 05:10:40,663 - Knowledge - INFO - Worker kw14 processing /app/data/T0015/313297/b6440qg/NowINAndroid/core/testing/src/main/kotlin/com/google/samples/apps/nowinandroid/core/testing/repository/TestTopicsRepository.kt
2026-02-02 05:10:40,739 - Knowledge - INFO - Worker kw20 processing /app/data/T0015/313297/b6440qg/NowINAndroid/core/data/src/main/kotlin/com/google/samples/apps/nowinandroid/core/data/di/DataModule.kt
2026-02-02 05:10:40,745 - Knowledge - INFO - process ingested knowledge for /app/data/T0015/313297/b6440qg/NowINAndroid/core/notifications/README.md
2026-02-02 05:10:40,745 - Knowledge - INFO - process ingested knowledge for /app/data/T0015/313297/b6440qg/NowINAndroid/core/network/src/main/kotlin/com/google/samples/apps/nowinandroid/core/network/retrofit/RetrofitNiaNetwork.kt
2026-02-02 05:10:40,747 - Knowledge - INFO - process ingested knowledge for /app/data/T0015/313297/b6440qg/NowINAndroid/core/network/src/main/kotlin/com/google/samples/apps/nowinandroid/core/network/model/NetworkChangeList.kt
2026-02-02 05:10:40,747 - Knowledge - INFO - process ingested knowledge for /app/data/T0015/313297/b6440qg/NowINAndroid/core/network/src/test/kotlin/com/google/samples/apps/nowinandroid/core/network/demo/DemoNiaNetworkDataSourceTest.kt
2026-02-02 05:10:40,833 - Knowledge - INFO - Worker kw8 processing /app/data/T0015/313297/b6440qg/NowINAndroid/core/data/build.gradle.kts
2026-02-02 05:10:41,153 - Knowledge - INFO - Fast-tracked /app/data/T0015/313297/b6440qg/NowINAndroid/core/testing/src/main/kotlin/com/google/samples/apps/nowinandroid/core/testing/repository/TestTopicsRepository.kt (ext=.kt, size=1781)
2026-02-02 05:10:41,434 - Knowledge - INFO - Fast-tracked /app/data/T0015/313297/b6440qg/NowINAndroid/core/data/src/main/kotlin/com/google/samples/apps/nowinandroid/core/data/model/NewsResource.kt (small file (2512 bytes))
2026-02-02 05:10:41,953 - Knowledge - INFO - Fast-tracked /app/data/T0015/313297/b6440qg/NowINAndroid/core/data/build.gradle.kts (ext=.kts, size=1397)
2026-02-02 05:10:41,957 - Knowledge - INFO - Worker kw14 processing /app/data/T0015/313297/b6440qg/NowINAndroid/core/testing/src/main/kotlin/com/google/samples/apps/nowinandroid/core/testing/notifications/TestNotifier.kt
2026-02-02 05:10:42,264 - Knowledge - INFO - Worker kw8 processing /app/data/T0015/313297/b6440qg/NowINAndroid/core/data/README.md
2026-02-02 05:10:42,468 - Knowledge - INFO - Fast-tracked /app/data/T0015/313297/b6440qg/NowINAndroid/core/testing/src/main/kotlin/com/google/samples/apps/nowinandroid/core/testing/notifications/TestNotifier.kt (ext=.kt, size=1240)
2026-02-02 05:10:42,567 - Knowledge - INFO - Fast-tracked /app/data/T0015/313297/b6440qg/NowINAndroid/core/data/README.md (ext=.md, size=2334)
2026-02-02 05:10:42,733 - Knowledge - INFO - process ingested knowledge for /app/data/T0015/313297/b6440qg/NowINAndroid/core/notifications/src/prod/kotlin/com/google/samples/apps/nowinandroid/core/notifications/NotificationsModule.kt
2026-02-02 05:10:42,733 - Knowledge - INFO - Worker kw14 processing /app/data/T0015/313297/b6440qg/NowINAndroid/core/testing/src/main/kotlin/com/google/samples/apps/nowinandroid/core/testing/data/UserNewsResourcesTestData.kt
2026-02-02 05:10:42,771 - Knowledge - INFO - Processing batch of 6 files
2026-02-02 05:10:42,895 - Knowledge - INFO - Worker kw8 processing /app/data/T0015/313297/b6440qg/NowINAndroid/core/testing/src/main/kotlin/com/google/samples/apps/nowinandroid/core/testing/repository/TestRecentSearchRepository.kt
2026-02-02 05:10:43,275 - Knowledge - INFO - Worker kw14 processing /app/data/T0015/313297/b6440qg/NowINAndroid/core/testing/src/main/kotlin/com/google/samples/apps/nowinandroid/core/testing/data/TopicsTestData.kt
2026-02-02 05:10:43,338 - Knowledge - INFO - process ingested knowledge for /app/data/T0015/313297/b6440qg/NowINAndroid/core/data/src/test/kotlin/com/google/samples/apps/nowinandroid/core/data/model/NetworkEntityTest.kt
2026-02-02 05:10:43,515 - Knowledge - INFO - Async storage completed for 6 embeddings
2026-02-02 05:10:43,554 - Knowledge - INFO - Fast-tracked /app/data/T0015/313297/b6440qg/NowINAndroid/core/testing/src/main/kotlin/com/google/samples/apps/nowinandroid/core/testing/repository/TestRecentSearchRepository.kt (ext=.kt, size=1478)
2026-02-02 05:10:43,976 - Knowledge - INFO - Worker kw8 processing /app/data/T0015/313297/b6440qg/NowINAndroid/core/testing/src/main/kotlin/com/google/samples/apps/nowinandroid/core/testing/repository/TestNewsRepository.kt
2026-02-02 05:10:44,384 - Knowledge - INFO - Fast-tracked /app/data/T0015/313297/b6440qg/NowINAndroid/core/testing/src/main/kotlin/com/google/samples/apps/nowinandroid/core/testing/repository/TestNewsRepository.kt (small file (2377 bytes))
2026-02-02 05:10:44,594 - Knowledge - INFO - Async storage completed for 6 embeddings
2026-02-02 05:10:44,887 - Knowledge - INFO - [LLM_CALL] Completed: ConnectivityManagerNetworkMonitor.kt:chunk1, Duration: 7738ms, PromptTokens: 2132, CompletionTokens: 480, Cost: $0.00041
2026-02-02 05:10:45,148 - Knowledge - INFO - done ingest for /app/data/T0015/313297/b6440qg/NowINAndroid/core/data/src/main/kotlin/com/google/samples/apps/nowinandroid/core/data/util/ConnectivityManagerNetworkMonitor.kt
2026-02-02 05:10:45,500 - Knowledge - INFO - Fast-tracked /app/data/T0015/313297/b6440qg/NowINAndroid/core/testing/src/main/kotlin/com/google/samples/apps/nowinandroid/core/testing/repository/TestSearchContentsRepository.kt (small file (2342 bytes))
2026-02-02 05:10:46,324 - Knowledge - INFO - [kw10] Queue=226, InProgress=0, PendingWorkers=20/20, Completed=226/484 (46.7%)
2026-02-02 05:10:46,649 - Knowledge - INFO - Batch sizing: calculated=6, max_allowed=10, queue=226, active_workers=20/20
2026-02-02 05:10:47,185 - Knowledge - INFO - [LLM_CALL] Completed: SyncUtilities.kt:chunk1, Duration: 13213ms, PromptTokens: 2594, CompletionTokens: 470, Cost: $0.00045
2026-02-02 05:10:47,418 - Knowledge - INFO - done ingest for /app/data/T0015/313297/b6440qg/NowINAndroid/core/data/src/main/kotlin/com/google/samples/apps/nowinandroid/core/data/SyncUtilities.kt
2026-02-02 05:10:47,448 - Knowledge - INFO - Fast-tracked /app/data/T0015/313297/b6440qg/NowINAndroid/core/testing/src/main/kotlin/com/google/samples/apps/nowinandroid/core/testing/data/TopicsTestData.kt (small file (2654 bytes))
2026-02-02 05:10:47,816 - Knowledge - INFO - Async storage completed for 6 embeddings
2026-02-02 05:10:49,302 - Knowledge - INFO - [LLM_CALL] Completed: TimeZoneMonitor.kt:chunk1, Duration: 13717ms, PromptTokens: 2518, CompletionTokens: 576, Cost: $0.00048
2026-02-02 05:10:49,552 - Knowledge - INFO - process ingested knowledge for /app/data/T0015/313297/b6440qg/NowINAndroid/core/data/src/test/kotlin/com/google/samples/apps/nowinandroid/core/data/repository/OfflineFirstTopicsRepositoryTest.kt
2026-02-02 05:10:49,557 - Knowledge - INFO - done ingest for /app/data/T0015/313297/b6440qg/NowINAndroid/core/data/src/main/kotlin/com/google/samples/apps/nowinandroid/core/data/util/TimeZoneMonitor.kt
2026-02-02 05:10:49,557 - Knowledge - INFO - process ingested knowledge for /app/data/T0015/313297/b6440qg/NowINAndroid/core/network/src/main/assets/topics.json
2026-02-02 05:10:50,168 - Knowledge - INFO - [LLM_CALL] Completed: DataModule.kt:chunk1, Duration: 7887ms, PromptTokens: 2016, CompletionTokens: 733, Cost: $0.00049
2026-02-02 05:10:50,429 - Knowledge - INFO - done ingest for /app/data/T0015/313297/b6440qg/NowINAndroid/core/data/src/main/kotlin/com/google/samples/apps/nowinandroid/core/data/di/DataModule.kt
2026-02-02 05:10:52,782 - Knowledge - INFO - [WEBSOCKET] Sent: Type=progress_update, Size: 292, Duration: 0ms
2026-02-02 05:10:53,062 - Knowledge - INFO - [LLM_CALL] Completed: OfflineFirstNewsRepository.kt:chunk1, Duration: 20857ms, PromptTokens: 3302, CompletionTokens: 926, Cost: $0.00070
2026-02-02 05:10:53,347 - Knowledge - INFO - done ingest for /app/data/T0015/313297/b6440qg/NowINAndroid/core/data/src/main/kotlin/com/google/samples/apps/nowinandroid/core/data/repository/OfflineFirstNewsRepository.kt
2026-02-02 05:10:53,348 - Knowledge - INFO - [WEBSOCKET] Sent: Type=unknown, Size: ?, Duration: 566ms
2026-02-02 05:10:53,728 - Knowledge - INFO - Progress: 46.7% | Files: 227/484 | Rate: 0.75 files/sec | Queue: 226
2026-02-02 05:10:53,730 - Knowledge - INFO - [LLM_CALL] Completed: UserNewsResourcesTestData.kt:chunk1, Duration: 7915ms, PromptTokens: 3096, CompletionTokens: 401, Cost: $0.00047
2026-02-02 05:10:53,973 - Knowledge - INFO - done ingest for /app/data/T0015/313297/b6440qg/NowINAndroid/core/testing/src/main/kotlin/com/google/samples/apps/nowinandroid/core/testing/data/UserNewsResourcesTestData.kt
2026-02-02 05:10:53,974 - Knowledge - INFO - Async storing batch of 6 embeddings
2026-02-02 05:10:54,477 - Knowledge - INFO - Worker kw10 processing /app/data/T0015/313297/b6440qg/NowINAndroid/core/testing/src/main/kotlin/com/google/samples/apps/nowinandroid/core/testing/data/FollowableTopicTestData.kt
2026-02-02 05:10:54,842 - Knowledge - INFO - Worker kw10 processing /app/data/T0015/313297/b6440qg/NowINAndroid/core/testing/src/main/kotlin/com/google/samples/apps/nowinandroid/core/testing/data/NewsResourcesTestData.kt
2026-02-02 05:10:55,185 - Knowledge - INFO - [LLM_CALL] Completed: TestUserDataRepository.kt:chunk1, Duration: 11228ms, PromptTokens: 2678, CompletionTokens: 663, Cost: $0.00053
2026-02-02 05:10:55,190 - Knowledge - INFO - Worker kw10 processing /app/data/T0015/313297/b6440qg/NowINAndroid/core/testing/src/main/kotlin/com/google/samples/apps/nowinandroid/core/testing/util/TestTimeZoneMonitor.kt
2026-02-02 05:10:55,343 - Knowledge - INFO - done ingest for /app/data/T0015/313297/b6440qg/NowINAndroid/core/testing/src/main/kotlin/com/google/samples/apps/nowinandroid/core/testing/repository/TestUserDataRepository.kt
2026-02-02 05:10:55,512 - Knowledge - INFO - Fast-tracked /app/data/T0015/313297/b6440qg/NowINAndroid/core/testing/src/main/kotlin/com/google/samples/apps/nowinandroid/core/testing/util/TestTimeZoneMonitor.kt (ext=.kt, size=1297)
2026-02-02 05:10:55,689 - Knowledge - INFO - Worker kw10 processing /app/data/T0015/313297/b6440qg/NowINAndroid/core/testing/src/main/kotlin/com/google/samples/apps/nowinandroid/core/testing/util/MainDispatcherRule.kt
2026-02-02 05:10:55,959 - Knowledge - INFO - Fast-tracked /app/data/T0015/313297/b6440qg/NowINAndroid/core/testing/src/main/kotlin/com/google/samples/apps/nowinandroid/core/testing/util/MainDispatcherRule.kt (ext=.kt, size=1412)
2026-02-02 05:10:56,203 - Knowledge - INFO - Worker kw10 processing /app/data/T0015/313297/b6440qg/NowINAndroid/core/testing/src/main/kotlin/com/google/samples/apps/nowinandroid/core/testing/util/TestAnalyticsHelper.kt
2026-02-02 05:10:56,466 - Knowledge - INFO - Fast-tracked /app/data/T0015/313297/b6440qg/NowINAndroid/core/testing/src/main/kotlin/com/google/samples/apps/nowinandroid/core/testing/util/TestAnalyticsHelper.kt (ext=.kt, size=1080)
2026-02-02 05:10:56,651 - Knowledge - INFO - Worker kw10 processing /app/data/T0015/313297/b6440qg/NowINAndroid/core/testing/src/main/kotlin/com/google/samples/apps/nowinandroid/core/testing/util/TestSyncManager.kt
2026-02-02 05:10:56,916 - Knowledge - INFO - Fast-tracked /app/data/T0015/313297/b6440qg/NowINAndroid/core/testing/src/main/kotlin/com/google/samples/apps/nowinandroid/core/testing/util/TestSyncManager.kt (ext=.kt, size=1226)
2026-02-02 05:10:57,119 - Knowledge - INFO - process ingested knowledge for /app/data/T0015/313297/b6440qg/NowINAndroid/core/network/src/main/kotlin/com/google/samples/apps/nowinandroid/core/network/demo/DemoAssetManager.kt
2026-02-02 05:10:57,121 - Knowledge - INFO - [kw3] Queue=220, InProgress=0, PendingWorkers=20/20, Completed=228/484 (47.1%)
2026-02-02 05:10:57,243 - Knowledge - INFO - Fast-tracked /app/data/T0015/313297/b6440qg/NowINAndroid/core/testing/src/main/kotlin/com/google/samples/apps/nowinandroid/core/testing/data/FollowableTopicTestData.kt (small file (3036 bytes))
2026-02-02 05:10:57,438 - Knowledge - INFO - Batch sizing: calculated=6, max_allowed=10, queue=220, active_workers=20/20
2026-02-02 05:10:58,355 - Knowledge - INFO - process ingested knowledge for /app/data/T0015/313297/b6440qg/NowINAndroid/core/data/src/test/kotlin/com/google/samples/apps/nowinandroid/core/data/repository/OfflineFirstUserDataRepositoryTest.kt
2026-02-02 05:10:58,355 - Knowledge - INFO - process ingested knowledge for /app/data/T0015/313297/b6440qg/NowINAndroid/core/network/src/main/assets/news.json
2026-02-02 05:10:58,357 - Knowledge - INFO - process ingested knowledge for /app/data/T0015/313297/b6440qg/NowINAndroid/core/data/src/test/kotlin/com/google/samples/apps/nowinandroid/core/database/model/PopulatedNewsResourceKtTest.kt
2026-02-02 05:10:58,695 - Knowledge - INFO - Async storage completed for 6 embeddings
2026-02-02 05:11:00,549 - Knowledge - INFO - [LLM_CALL] Completed: NewsResourcesTestData.kt:chunk1, Duration: 2759ms, PromptTokens: 2570, CompletionTokens: 148, Cost: $0.00032
2026-02-02 05:11:00,679 - Knowledge - INFO - [kw7] Queue=220, InProgress=0, PendingWorkers=20/20, Completed=230/484 (47.5%)
2026-02-02 05:11:00,734 - Knowledge - INFO - done ingest for /app/data/T0015/313297/b6440qg/NowINAndroid/core/testing/src/main/kotlin/com/google/samples/apps/nowinandroid/core/testing/data/NewsResourcesTestData.kt
2026-02-02 05:11:00,940 - Knowledge - INFO - Batch sizing: calculated=6, max_allowed=10, queue=220, active_workers=20/20
2026-02-02 05:11:02,792 - Knowledge - INFO - Async storing batch of 6 embeddings
2026-02-02 05:11:02,999 - Knowledge - INFO - Worker kw3 processing /app/data/T0015/313297/b6440qg/NowINAndroid/core/testing/src/main/kotlin/com/google/samples/apps/nowinandroid/core/testing/util/TestNetworkMonitor.kt
2026-02-02 05:11:03,199 - Knowledge - INFO - Fast-tracked /app/data/T0015/313297/b6440qg/NowINAndroid/core/testing/src/main/kotlin/com/google/samples/apps/nowinandroid/core/testing/util/TestNetworkMonitor.kt (ext=.kt, size=1184)
2026-02-02 05:11:03,400 - Knowledge - INFO - Worker kw3 processing /app/data/T0015/313297/b6440qg/NowINAndroid/core/testing/src/main/kotlin/com/google/samples/apps/nowinandroid/core/testing/di/TestDispatcherModule.kt
2026-02-02 05:11:03,617 - Knowledge - INFO - Fast-tracked /app/data/T0015/313297/b6440qg/NowINAndroid/core/testing/src/main/kotlin/com/google/samples/apps/nowinandroid/core/testing/di/TestDispatcherModule.kt (ext=.kt, size=1128)
2026-02-02 05:11:03,777 - Knowledge - INFO - Worker kw3 processing /app/data/T0015/313297/b6440qg/NowINAndroid/core/testing/src/main/kotlin/com/google/samples/apps/nowinandroid/core/testing/di/TestDispatchersModule.kt
2026-02-02 05:11:04,016 - Knowledge - INFO - Fast-tracked /app/data/T0015/313297/b6440qg/NowINAndroid/core/testing/src/main/kotlin/com/google/samples/apps/nowinandroid/core/testing/di/TestDispatchersModule.kt (ext=.kt, size=1656)
2026-02-02 05:11:04,223 - Knowledge - INFO - Worker kw3 processing /app/data/T0015/313297/b6440qg/NowINAndroid/core/testing/src/main/kotlin/com/google/samples/apps/nowinandroid/core/testing/NiaTestRunner.kt
2026-02-02 05:11:04,502 - Knowledge - INFO - Fast-tracked /app/data/T0015/313297/b6440qg/NowINAndroid/core/testing/src/main/kotlin/com/google/samples/apps/nowinandroid/core/testing/NiaTestRunner.kt (ext=.kt, size=1147)
2026-02-02 05:11:04,702 - Knowledge - INFO - Worker kw3 processing /app/data/T0015/313297/b6440qg/NowINAndroid/core/testing/src/main/kotlin/com/google/samples/apps/nowinandroid/core/rules/GrantPostNotificationsPermissionRule.kt
2026-02-02 05:11:05,124 - Knowledge - INFO - Fast-tracked /app/data/T0015/313297/b6440qg/NowINAndroid/core/testing/src/main/kotlin/com/google/samples/apps/nowinandroid/core/rules/GrantPostNotificationsPermissionRule.kt (ext=.kt, size=1137)
2026-02-02 05:11:05,292 - Knowledge - INFO - Worker kw3 processing /app/data/T0015/313297/b6440qg/NowINAndroid/core/testing/src/main/AndroidManifest.xml
2026-02-02 05:11:05,362 - Knowledge - INFO - process ingested knowledge for /app/data/T0015/313297/b6440qg/NowINAndroid/core/data/src/test/kotlin/com/google/samples/apps/nowinandroid/core/data/repository/OfflineFirstNewsRepositoryTest.kt
2026-02-02 05:11:05,505 - Knowledge - INFO - Fast-tracked /app/data/T0015/313297/b6440qg/NowINAndroid/core/testing/src/main/AndroidManifest.xml (ext=.xml, size=683)
2026-02-02 05:11:05,720 - Knowledge - INFO - Async storage completed for 6 embeddings
2026-02-02 05:11:06,526 - Knowledge - INFO - process ingested knowledge for /app/data/T0015/313297/b6440qg/NowINAndroid/core/data/src/main/kotlin/com/google/samples/apps/nowinandroid/core/data/repository/CompositeUserNewsResourceRepository.kt
2026-02-02 05:11:06,528 - Knowledge - INFO - Processing batch of 6 files
2026-02-02 05:11:06,529 - Knowledge - INFO - Processing batch of 6 files
2026-02-02 05:11:06,799 - Knowledge - INFO - process ingested knowledge for /app/data/T0015/313297/b6440qg/NowINAndroid/core/data/src/test/kotlin/com/google/samples/apps/nowinandroid/core/data/repository/TestSynchronizer.kt
2026-02-02 05:11:06,880 - Knowledge - INFO - process ingested knowledge for /app/data/T0015/313297/b6440qg/NowINAndroid/core/testing/src/main/kotlin/com/google/samples/apps/nowinandroid/core/testing/data/FollowableTopicTestData.kt
2026-02-02 05:11:07,702 - Knowledge - INFO - process ingested knowledge for /app/data/T0015/313297/b6440qg/NowINAndroid/core/network/src/main/AndroidManifest.xml
2026-02-02 05:11:08,999 - Knowledge - INFO - [WEBSOCKET] Sent: Type=progress_update, Size: 292, Duration: 0ms
2026-02-02 05:11:09,233 - Knowledge - INFO - [WEBSOCKET] Sent: Type=unknown, Size: ?, Duration: 235ms
2026-02-02 05:11:09,395 - Knowledge - INFO - Progress: 51.4% | Files: 250/484 | Rate: 0.80 files/sec | Queue: 214
2026-02-02 05:11:10,945 - Knowledge - INFO - Processing batch of 6 files
2026-02-02 05:11:11,118 - Knowledge - INFO - process ingested knowledge for /app/data/T0015/313297/b6440qg/NowINAndroid/core/testing/src/main/kotlin/com/google/samples/apps/nowinandroid/core/testing/repository/TestUserDataRepository.kt
2026-02-02 05:11:14,093 - Knowledge - INFO - process ingested knowledge for /app/data/T0015/313297/b6440qg/NowINAndroid/core/data/src/main/kotlin/com/google/samples/apps/nowinandroid/core/data/repository/RecentSearchRepository.kt
2026-02-02 05:11:14,098 - Knowledge - INFO - process ingested knowledge for /app/data/T0015/313297/b6440qg/NowINAndroid/core/data/src/test/kotlin/com/google/samples/apps/nowinandroid/core/data/CompositeUserNewsResourceRepositoryTest.kt
2026-02-02 05:11:14,098 - Knowledge - INFO - Processing batch of 6 files
2026-02-02 05:11:14,483 - Knowledge - INFO - process ingested knowledge for /app/data/T0015/313297/b6440qg/NowINAndroid/core/data/src/main/kotlin/com/google/samples/apps/nowinandroid/core/data/util/SyncManager.kt
2026-02-02 05:11:17,180 - Knowledge - INFO - [kw13] Queue=214, InProgress=0, PendingWorkers=20/20, Completed=258/484 (53.3%)
2026-02-02 05:11:17,363 - Knowledge - INFO - Batch sizing: calculated=6, max_allowed=10, queue=214, active_workers=20/20
2026-02-02 05:11:18,465 - Knowledge - INFO - Async storing batch of 6 embeddings
2026-02-02 05:11:18,694 - Knowledge - INFO - Worker kw7 processing /app/data/T0015/313297/b6440qg/NowINAndroid/core/testing/build.gradle.kts
2026-02-02 05:11:18,985 - Knowledge - INFO - Fast-tracked /app/data/T0015/313297/b6440qg/NowINAndroid/core/testing/build.gradle.kts (ext=.kts, size=1152)
2026-02-02 05:11:19,189 - Knowledge - INFO - Worker kw7 processing /app/data/T0015/313297/b6440qg/NowINAndroid/core/testing/README.md
2026-02-02 05:11:19,354 - Knowledge - INFO - Fast-tracked /app/data/T0015/313297/b6440qg/NowINAndroid/core/testing/README.md (ext=.md, size=2554)
2026-02-02 05:11:19,577 - Knowledge - INFO - Worker kw7 processing /app/data/T0015/313297/b6440qg/NowINAndroid/core/ui/src/androidTest/kotlin/com/google/samples/apps/nowinandroid/core/ui/NewsResourceCardTest.kt
2026-02-02 05:11:19,987 - Knowledge - INFO - Worker kw7 processing /app/data/T0015/313297/b6440qg/NowINAndroid/core/ui/src/main/res/values/strings.xml
2026-02-02 05:11:20,381 - Knowledge - INFO - Fast-tracked /app/data/T0015/313297/b6440qg/NowINAndroid/core/ui/src/main/res/values/strings.xml (ext=.xml, size=1605)
2026-02-02 05:11:20,607 - Knowledge - INFO - Worker kw7 processing /app/data/T0015/313297/b6440qg/NowINAndroid/core/ui/src/main/kotlin/com/google/samples/apps/nowinandroid/core/ui/JankStatsExtensions.kt
2026-02-02 05:11:20,772 - Knowledge - INFO - Worker kw7 processing /app/data/T0015/313297/b6440qg/NowINAndroid/core/ui/src/main/kotlin/com/google/samples/apps/nowinandroid/core/ui/NewsResourceCardList.kt
2026-02-02 05:11:21,259 - Knowledge - INFO - process ingested knowledge for /app/data/T0015/313297/b6440qg/NowINAndroid/core/testing/src/main/kotlin/com/google/samples/apps/nowinandroid/core/testing/repository/TestSearchContentsRepository.kt
2026-02-02 05:11:21,260 - Knowledge - INFO - process ingested knowledge for /app/data/T0015/313297/b6440qg/NowINAndroid/core/testing/src/main/kotlin/com/google/samples/apps/nowinandroid/core/testing/data/NewsResourcesTestData.kt
2026-02-02 05:11:22,473 - Knowledge - INFO - process ingested knowledge for /app/data/T0015/313297/b6440qg/NowINAndroid/core/data/src/main/kotlin/com/google/samples/apps/nowinandroid/core/data/util/NetworkMonitor.kt
2026-02-02 05:11:23,169 - Knowledge - INFO - Fast-tracked /app/data/T0015/313297/b6440qg/NowINAndroid/core/ui/src/main/kotlin/com/google/samples/apps/nowinandroid/core/ui/NewsResourceCardList.kt (small file (2697 bytes))
2026-02-02 05:11:23,351 - Knowledge - INFO - Async storage completed for 6 embeddings
2026-02-02 05:11:25,543 - Knowledge - INFO - Async storing batch of 6 embeddings
2026-02-02 05:11:25,759 - Knowledge - INFO - Worker kw13 processing /app/data/T0015/313297/b6440qg/NowINAndroid/core/ui/src/main/kotlin/com/google/samples/apps/nowinandroid/core/ui/NewsResourceCard.kt
2026-02-02 05:11:26,002 - Knowledge - INFO - Worker kw13 processing /app/data/T0015/313297/b6440qg/NowINAndroid/core/ui/src/main/kotlin/com/google/samples/apps/nowinandroid/core/ui/DevicePreviews.kt
2026-02-02 05:11:26,291 - Knowledge - INFO - Fast-tracked /app/data/T0015/313297/b6440qg/NowINAndroid/core/ui/src/main/kotlin/com/google/samples/apps/nowinandroid/core/ui/DevicePreviews.kt (ext=.kt, size=1245)
2026-02-02 05:11:26,458 - Knowledge - INFO - Worker kw13 processing /app/data/T0015/313297/b6440qg/NowINAndroid/core/ui/src/main/kotlin/com/google/samples/apps/nowinandroid/core/ui/NewsFeed.kt
2026-02-02 05:11:26,743 - Knowledge - INFO - Worker kw13 processing /app/data/T0015/313297/b6440qg/NowINAndroid/core/ui/src/main/kotlin/com/google/samples/apps/nowinandroid/core/ui/FollowableTopicPreviewParameterProvider.kt
2026-02-02 05:11:27,040 - Knowledge - INFO - Worker kw13 processing /app/data/T0015/313297/b6440qg/NowINAndroid/core/ui/src/main/kotlin/com/google/samples/apps/nowinandroid/core/ui/AnalyticsExtensions.kt
2026-02-02 05:11:27,395 - Knowledge - INFO - Worker kw13 processing /app/data/T0015/313297/b6440qg/NowINAndroid/core/ui/src/main/kotlin/com/google/samples/apps/nowinandroid/core/ui/InterestsItem.kt
2026-02-02 05:11:27,468 - Knowledge - INFO - [LLM_CALL] Completed: JankStatsExtensions.kt:chunk1, Duration: 5230ms, PromptTokens: 2136, CompletionTokens: 493, Cost: $0.00041
2026-02-02 05:11:27,653 - Knowledge - INFO - done ingest for /app/data/T0015/313297/b6440qg/NowINAndroid/core/ui/src/main/kotlin/com/google/samples/apps/nowinandroid/core/ui/JankStatsExtensions.kt
2026-02-02 05:11:29,210 - Knowledge - INFO - [LLM_CALL] Completed: NewsResourceCardTest.kt:chunk1, Duration: 7900ms, PromptTokens: 2776, CompletionTokens: 587, Cost: $0.00051
2026-02-02 05:11:29,389 - Knowledge - INFO - done ingest for /app/data/T0015/313297/b6440qg/NowINAndroid/core/ui/src/androidTest/kotlin/com/google/samples/apps/nowinandroid/core/ui/NewsResourceCardTest.kt
2026-02-02 05:11:29,981 - Knowledge - INFO - Processing batch of 6 files
2026-02-02 05:11:30,196 - Knowledge - INFO - process ingested knowledge for /app/data/T0015/313297/b6440qg/NowINAndroid/core/data/src/main/kotlin/com/google/samples/apps/nowinandroid/core/data/di/UserNewsResourceRepositoryModule.kt
2026-02-02 05:11:31,141 - Knowledge - INFO - Fast-tracked /app/data/T0015/313297/b6440qg/NowINAndroid/core/ui/src/main/kotlin/com/google/samples/apps/nowinandroid/core/ui/AnalyticsExtensions.kt (small file (2138 bytes))
2026-02-02 05:11:31,498 - Knowledge - INFO - process ingested knowledge for /app/data/T0015/313297/b6440qg/NowINAndroid/core/data/src/main/kotlin/com/google/samples/apps/nowinandroid/core/data/repository/NewsRepository.kt
2026-02-02 05:11:31,501 - Knowledge - INFO - process ingested knowledge for /app/data/T0015/313297/b6440qg/NowINAndroid/core/data/src/test/kotlin/com/google/samples/apps/nowinandroid/core/data/testdoubles/TestTopicDao.kt
2026-02-02 05:11:31,503 - Knowledge - INFO - Processing batch of 6 files
2026-02-02 05:11:31,503 - Knowledge - INFO - process ingested knowledge for /app/data/T0015/313297/b6440qg/NowINAndroid/core/testing/src/main/kotlin/com/google/samples/apps/nowinandroid/core/testing/util/TestTimeZoneMonitor.kt
2026-02-02 05:11:31,855 - Knowledge - INFO - process ingested knowledge for /app/data/T0015/313297/b6440qg/NowINAndroid/core/data/src/main/kotlin/com/google/samples/apps/nowinandroid/core/data/repository/AnalyticsExtensions.kt
2026-02-02 05:11:32,350 - Knowledge - INFO - Async storage completed for 6 embeddings
2026-02-02 05:11:33,052 - Knowledge - INFO - process ingested knowledge for /app/data/T0015/313297/b6440qg/NowINAndroid/core/data/src/main/kotlin/com/google/samples/apps/nowinandroid/core/data/model/Topic.kt
2026-02-02 05:11:35,054 - Knowledge - INFO - [LLM_CALL] Completed: FollowableTopicPreviewParameterProvider.kt:chunk1, Duration: 4923ms, PromptTokens: 2436, CompletionTokens: 268, Cost: $0.00035
2026-02-02 05:11:35,282 - Knowledge - INFO - done ingest for /app/data/T0015/313297/b6440qg/NowINAndroid/core/ui/src/main/kotlin/com/google/samples/apps/nowinandroid/core/ui/FollowableTopicPreviewParameterProvider.kt
2026-02-02 05:11:38,520 - Knowledge - INFO - [LLM_CALL] Completed: NewsResourceCard.kt:chunk1, Duration: 10819ms, PromptTokens: 5926, CompletionTokens: 625, Cost: $0.00084
2026-02-02 05:11:38,730 - Knowledge - INFO - done ingest for /app/data/T0015/313297/b6440qg/NowINAndroid/core/ui/src/main/kotlin/com/google/samples/apps/nowinandroid/core/ui/NewsResourceCard.kt
2026-02-02 05:11:39,350 - Knowledge - INFO - [LLM_CALL] Completed: NewsFeed.kt:chunk1, Duration: 10359ms, PromptTokens: 3072, CompletionTokens: 664, Cost: $0.00057
2026-02-02 05:11:39,531 - Knowledge - INFO - done ingest for /app/data/T0015/313297/b6440qg/NowINAndroid/core/ui/src/main/kotlin/com/google/samples/apps/nowinandroid/core/ui/NewsFeed.kt
2026-02-02 05:11:40,218 - Knowledge - INFO - process ingested knowledge for /app/data/T0015/313297/b6440qg/NowINAndroid/core/data/src/main/AndroidManifest.xml
2026-02-02 05:11:40,320 - Knowledge - INFO - [LLM_CALL] Completed: InterestsItem.kt:chunk1, Duration: 8839ms, PromptTokens: 3164, CompletionTokens: 714, Cost: $0.00060
2026-02-02 05:11:40,579 - Knowledge - INFO - done ingest for /app/data/T0015/313297/b6440qg/NowINAndroid/core/ui/src/main/kotlin/com/google/samples/apps/nowinandroid/core/ui/InterestsItem.kt
2026-02-02 05:11:41,963 - Knowledge - INFO - process ingested knowledge for /app/data/T0015/313297/b6440qg/NowINAndroid/core/data/src/main/kotlin/com/google/samples/apps/nowinandroid/core/data/repository/OfflineFirstTopicsRepository.kt
2026-02-02 05:11:41,964 - Knowledge - INFO - process ingested knowledge for /app/data/T0015/313297/b6440qg/NowINAndroid/core/testing/src/main/kotlin/com/google/samples/apps/nowinandroid/core/testing/util/MainDispatcherRule.kt
2026-02-02 05:11:41,966 - Knowledge - INFO - process ingested knowledge for /app/data/T0015/313297/b6440qg/NowINAndroid/core/data/src/main/kotlin/com/google/samples/apps/nowinandroid/core/data/repository/OfflineFirstNewsRepository.kt
2026-02-02 05:11:41,967 - Knowledge - INFO - [WEBSOCKET] Sent: Type=progress_update, Size: 292, Duration: 0ms
2026-02-02 05:11:42,459 - Knowledge - INFO - [WEBSOCKET] Sent: Type=unknown, Size: ?, Duration: 493ms
2026-02-02 05:11:42,663 - Knowledge - INFO - Progress: 55.4% | Files: 268/484 | Rate: 0.76 files/sec | Queue: 202
2026-02-02 05:11:45,042 - Knowledge - INFO - [kw2] Queue=202, InProgress=0, PendingWorkers=20/20, Completed=268/484 (55.4%)
2026-02-02 05:11:45,220 - Knowledge - INFO - Batch sizing: calculated=6, max_allowed=10, queue=202, active_workers=20/20
2026-02-02 05:11:46,505 - Knowledge - INFO - Processing batch of 6 files
2026-02-02 05:11:46,505 - Knowledge - INFO - process ingested knowledge for /app/data/T0015/313297/b6440qg/NowINAndroid/core/data/src/test/kotlin/com/google/samples/apps/nowinandroid/core/data/testdoubles/TestNiaNetworkDataSource.kt
2026-02-02 05:11:46,507 - Knowledge - INFO - process ingested knowledge for /app/data/T0015/313297/b6440qg/NowINAndroid/core/testing/src/main/kotlin/com/google/samples/apps/nowinandroid/core/testing/util/TestAnalyticsHelper.kt
2026-02-02 05:11:46,508 - Knowledge - INFO - process ingested knowledge for /app/data/T0015/313297/b6440qg/NowINAndroid/core/data/build.gradle.kts
2026-02-02 05:11:46,509 - Knowledge - INFO - Async storing batch of 6 embeddings
2026-02-02 05:11:46,693 - Knowledge - INFO - process ingested knowledge for /app/data/T0015/313297/b6440qg/NowINAndroid/core/data/src/main/kotlin/com/google/samples/apps/nowinandroid/core/data/repository/UserDataRepository.kt
2026-02-02 05:11:47,136 - Knowledge - INFO - Worker kw2 processing /app/data/T0015/313297/b6440qg/NowINAndroid/core/ui/src/main/kotlin/com/google/samples/apps/nowinandroid/core/ui/LocalTimeZone.kt
2026-02-02 05:11:47,307 - Knowledge - INFO - process ingested knowledge for /app/data/T0015/313297/b6440qg/NowINAndroid/core/data/src/main/kotlin/com/google/samples/apps/nowinandroid/core/data/model/NewsResource.kt
2026-02-02 05:11:47,309 - Knowledge - INFO - [kw16] Queue=196, InProgress=0, PendingWorkers=20/20, Completed=274/484 (56.6%)
2026-02-02 05:11:47,309 - Knowledge - INFO - process ingested knowledge for /app/data/T0015/313297/b6440qg/NowINAndroid/core/data/src/main/kotlin/com/google/samples/apps/nowinandroid/core/data/repository/TopicsRepository.kt
2026-02-02 05:11:47,361 - Knowledge - INFO - Fast-tracked /app/data/T0015/313297/b6440qg/NowINAndroid/core/ui/src/main/kotlin/com/google/samples/apps/nowinandroid/core/ui/LocalTimeZone.kt (ext=.kt, size=988)
2026-02-02 05:11:47,612 - Knowledge - INFO - Batch sizing: calculated=5, max_allowed=10, queue=196, active_workers=20/20
2026-02-02 05:11:47,720 - Knowledge - INFO - Processing batch of 6 files
2026-02-02 05:11:47,720 - Knowledge - INFO - [kw1] Queue=196, InProgress=0, PendingWorkers=20/20, Completed=275/484 (56.8%)
2026-02-02 05:11:47,722 - Knowledge - INFO - Processing batch of 6 files
2026-02-02 05:11:47,812 - Knowledge - INFO - Worker kw2 processing /app/data/T0015/313297/b6440qg/NowINAndroid/core/ui/src/main/kotlin/com/google/samples/apps/nowinandroid/core/ui/UserNewsResourcePreviewParameterProvider.kt
2026-02-02 05:11:48,010 - Knowledge - INFO - process ingested knowledge for /app/data/T0015/313297/b6440qg/NowINAndroid/core/testing/build.gradle.kts
2026-02-02 05:11:48,120 - Knowledge - INFO - Batch sizing: calculated=5, max_allowed=10, queue=196, active_workers=20/20
2026-02-02 05:11:48,201 - Knowledge - INFO - process ingested knowledge for /app/data/T0015/313297/b6440qg/NowINAndroid/core/data/src/test/kotlin/com/google/samples/apps/nowinandroid/core/data/testdoubles/TestNewsResourceDao.kt
2026-02-02 05:11:48,201 - Knowledge - INFO - process ingested knowledge for /app/data/T0015/313297/b6440qg/NowINAndroid/core/data/src/main/kotlin/com/google/samples/apps/nowinandroid/core/data/repository/DefaultSearchContentsRepository.kt
2026-02-02 05:11:48,241 - Knowledge - INFO - process ingested knowledge for /app/data/T0015/313297/b6440qg/NowINAndroid/core/testing/src/main/kotlin/com/google/samples/apps/nowinandroid/core/testing/util/TestNetworkMonitor.kt
2026-02-02 05:11:48,355 - Knowledge - INFO - Worker kw2 processing /app/data/T0015/313297/b6440qg/NowINAndroid/core/ui/src/main/AndroidManifest.xml
2026-02-02 05:11:48,896 - Knowledge - INFO - Fast-tracked /app/data/T0015/313297/b6440qg/NowINAndroid/core/ui/src/main/AndroidManifest.xml (ext=.xml, size=683)
2026-02-02 05:11:49,083 - Knowledge - INFO - Worker kw2 processing /app/data/T0015/313297/b6440qg/NowINAndroid/core/ui/build.gradle.kts
2026-02-02 05:11:49,304 - Knowledge - INFO - Fast-tracked /app/data/T0015/313297/b6440qg/NowINAndroid/core/ui/build.gradle.kts (ext=.kts, size=1265)
2026-02-02 05:11:49,498 - Knowledge - INFO - Worker kw2 processing /app/data/T0015/313297/b6440qg/NowINAndroid/core/ui/README.md
2026-02-02 05:11:49,754 - Knowledge - INFO - Fast-tracked /app/data/T0015/313297/b6440qg/NowINAndroid/core/ui/README.md (ext=.md, size=1689)
2026-02-02 05:11:49,923 - Knowledge - INFO - Worker kw2 processing /app/data/T0015/313297/b6440qg/NowINAndroid/core/model/src/main/kotlin/com/google/samples/apps/nowinandroid/core/model/data/DarkThemeConfig.kt
2026-02-02 05:11:50,010 - Knowledge - INFO - process ingested knowledge for /app/data/T0015/313297/b6440qg/NowINAndroid/core/data/src/main/kotlin/com/google/samples/apps/nowinandroid/core/data/model/RecentSearchQuery.kt
2026-02-02 05:11:50,010 - Knowledge - INFO - process ingested knowledge for /app/data/T0015/313297/b6440qg/NowINAndroid/core/data/src/main/kotlin/com/google/samples/apps/nowinandroid/core/data/SyncUtilities.kt
2026-02-02 05:11:50,011 - Knowledge - INFO - [kw5] Queue=196, InProgress=0, PendingWorkers=20/20, Completed=278/484 (57.4%)
2026-02-02 05:11:50,011 - Knowledge - INFO - [kw17] Queue=196, InProgress=0, PendingWorkers=20/20, Completed=278/484 (57.4%)
2026-02-02 05:11:50,012 - Knowledge - INFO - Async storing batch of 6 embeddings
2026-02-02 05:11:50,211 - Knowledge - INFO - Fast-tracked /app/data/T0015/313297/b6440qg/NowINAndroid/core/model/src/main/kotlin/com/google/samples/apps/nowinandroid/core/model/data/DarkThemeConfig.kt (ext=.kt, size=750)
2026-02-02 05:11:50,478 - Knowledge - INFO - Batch sizing: calculated=5, max_allowed=10, queue=196, active_workers=20/20
2026-02-02 05:11:50,590 - Knowledge - INFO - Batch sizing: calculated=5, max_allowed=10, queue=196, active_workers=20/20
2026-02-02 05:11:50,678 - Knowledge - INFO - Worker kw16 processing /app/data/T0015/313297/b6440qg/NowINAndroid/core/model/src/main/kotlin/com/google/samples/apps/nowinandroid/core/model/data/Topic.kt
2026-02-02 05:11:50,765 - Knowledge - INFO - process ingested knowledge for /app/data/T0015/313297/b6440qg/NowINAndroid/core/data/README.md
2026-02-02 05:11:50,768 - Knowledge - INFO - process ingested knowledge for /app/data/T0015/313297/b6440qg/NowINAndroid/core/testing/src/main/kotlin/com/google/samples/apps/nowinandroid/core/testing/util/TestSyncManager.kt
2026-02-02 05:11:51,094 - Knowledge - INFO - Fast-tracked /app/data/T0015/313297/b6440qg/NowINAndroid/core/model/src/main/kotlin/com/google/samples/apps/nowinandroid/core/model/data/Topic.kt (ext=.kt, size=916)
2026-02-02 05:11:51,298 - Knowledge - INFO - Worker kw16 processing /app/data/T0015/313297/b6440qg/NowINAndroid/core/model/src/main/kotlin/com/google/samples/apps/nowinandroid/core/model/data/SearchResult.kt
2026-02-02 05:11:51,556 - Knowledge - INFO - process ingested knowledge for /app/data/T0015/313297/b6440qg/NowINAndroid/core/testing/README.md
2026-02-02 05:11:51,556 - Knowledge - INFO - Fast-tracked /app/data/T0015/313297/b6440qg/NowINAndroid/core/model/src/main/kotlin/com/google/samples/apps/nowinandroid/core/model/data/SearchResult.kt (ext=.kt, size=852)
2026-02-02 05:11:51,558 - Knowledge - INFO - Async storing batch of 6 embeddings
2026-02-02 05:11:51,558 - Knowledge - INFO - process ingested knowledge for /app/data/T0015/313297/b6440qg/NowINAndroid/core/data/src/main/kotlin/com/google/samples/apps/nowinandroid/core/data/repository/SearchContentsRepository.kt
2026-02-02 05:11:51,559 - Knowledge - INFO - process ingested knowledge for /app/data/T0015/313297/b6440qg/NowINAndroid/core/testing/src/main/kotlin/com/google/samples/apps/nowinandroid/core/testing/di/TestDispatcherModule.kt
2026-02-02 05:11:51,559 - Knowledge - INFO - process ingested knowledge for /app/data/T0015/313297/b6440qg/NowINAndroid/core/testing/src/main/kotlin/com/google/samples/apps/nowinandroid/core/testing/repository/TestTopicsRepository.kt
2026-02-02 05:11:51,560 - Knowledge - INFO - [WEBSOCKET] Sent: Type=progress_update, Size: 290, Duration: 0ms
2026-02-02 05:11:51,560 - Knowledge - INFO - process ingested knowledge for /app/data/T0015/313297/b6440qg/NowINAndroid/core/data/src/main/kotlin/com/google/samples/apps/nowinandroid/core/data/di/DataModule.kt
2026-02-02 05:11:51,561 - Knowledge - INFO - process ingested knowledge for /app/data/T0015/313297/b6440qg/NowINAndroid/core/data/src/main/kotlin/com/google/samples/apps/nowinandroid/core/data/util/TimeZoneMonitor.kt
2026-02-02 05:11:51,591 - Knowledge - INFO - Async storage completed for 6 embeddings
2026-02-02 05:11:51,819 - Knowledge - INFO - Worker kw16 processing /app/data/T0015/313297/b6440qg/NowINAndroid/core/model/src/main/kotlin/com/google/samples/apps/nowinandroid/core/model/data/NewsResource.kt
2026-02-02 05:11:51,905 - Knowledge - INFO - Worker kw1 processing /app/data/T0015/313297/b6440qg/NowINAndroid/core/model/src/main/kotlin/com/google/samples/apps/nowinandroid/core/model/data/UserSearchResult.kt
2026-02-02 05:11:52,270 - Knowledge - INFO - Async storing batch of 6 embeddings
2026-02-02 05:11:52,270 - Knowledge - INFO - [WEBSOCKET] Sent: Type=unknown, Size: ?, Duration: 710ms
2026-02-02 05:11:52,552 - Knowledge - INFO - process ingested knowledge for /app/data/T0015/313297/b6440qg/NowINAndroid/core/testing/src/main/kotlin/com/google/samples/apps/nowinandroid/core/testing/repository/TestRecentSearchRepository.kt
2026-02-02 05:11:52,676 - Knowledge - INFO - Fast-tracked /app/data/T0015/313297/b6440qg/NowINAndroid/core/model/src/main/kotlin/com/google/samples/apps/nowinandroid/core/model/data/NewsResource.kt (ext=.kt, size=1027)
2026-02-02 05:11:52,769 - Knowledge - INFO - Fast-tracked /app/data/T0015/313297/b6440qg/NowINAndroid/core/model/src/main/kotlin/com/google/samples/apps/nowinandroid/core/model/data/UserSearchResult.kt (ext=.kt, size=946)
2026-02-02 05:11:52,879 - Knowledge - INFO - Worker kw5 processing /app/data/T0015/313297/b6440qg/NowINAndroid/core/screenshot-testing/src/main/kotlin/com/google/samples/apps/nowinandroid/core/testing/util/ScreenshotHelper.kt
2026-02-02 05:11:52,979 - Knowledge - INFO - Progress: 57.4% | Files: 278/484 | Rate: 0.75 files/sec | Queue: 181
2026-02-02 05:11:53,185 - Knowledge - INFO - Worker kw16 processing /app/data/T0015/313297/b6440qg/NowINAndroid/core/model/src/main/kotlin/com/google/samples/apps/nowinandroid/core/model/data/UserData.kt
2026-02-02 05:11:53,305 - Knowledge - INFO - Worker kw1 processing /app/data/T0015/313297/b6440qg/NowINAndroid/core/model/src/main/kotlin/com/google/samples/apps/nowinandroid/core/model/data/FollowableTopic.kt
2026-02-02 05:11:53,653 - Knowledge - INFO - [kw9] Queue=181, InProgress=0, PendingWorkers=20/20, Completed=278/484 (57.4%)
2026-02-02 05:11:53,656 - Knowledge - INFO - Async storing batch of 6 embeddings
2026-02-02 05:11:53,661 - Knowledge - INFO - Fast-tracked /app/data/T0015/313297/b6440qg/NowINAndroid/core/model/src/main/kotlin/com/google/samples/apps/nowinandroid/core/model/data/UserData.kt (ext=.kt, size=1022)
2026-02-02 05:11:53,696 - Knowledge - INFO - Fast-tracked /app/data/T0015/313297/b6440qg/NowINAndroid/core/model/src/main/kotlin/com/google/samples/apps/nowinandroid/core/model/data/FollowableTopic.kt (ext=.kt, size=902)
2026-02-02 05:11:53,725 - Knowledge - INFO - Worker kw5 processing /app/data/T0015/313297/b6440qg/NowINAndroid/core/screenshot-testing/src/main/AndroidManifest.xml
2026-02-02 05:11:53,863 - Knowledge - INFO - Batch sizing: calculated=5, max_allowed=10, queue=181, active_workers=20/20
2026-02-02 05:11:53,945 - Knowledge - INFO - Worker kw17 processing /app/data/T0015/313297/b6440qg/NowINAndroid/core/common/src/main/kotlin/com/google/samples/apps/nowinandroid/core/network/di/CoroutineScopesModule.kt
2026-02-02 05:11:54,098 - Knowledge - INFO - Worker kw16 processing /app/data/T0015/313297/b6440qg/NowINAndroid/core/model/src/main/kotlin/com/google/samples/apps/nowinandroid/core/model/data/UserNewsResource.kt
2026-02-02 05:11:54,195 - Knowledge - INFO - Worker kw1 processing /app/data/T0015/313297/b6440qg/NowINAndroid/core/model/src/main/kotlin/com/google/samples/apps/nowinandroid/core/model/data/ThemeBrand.kt
2026-02-02 05:11:54,334 - Knowledge - INFO - Fast-tracked /app/data/T0015/313297/b6440qg/NowINAndroid/core/screenshot-testing/src/main/AndroidManifest.xml (ext=.xml, size=1060)
2026-02-02 05:11:54,654 - Knowledge - INFO - process ingested knowledge for /app/data/T0015/313297/b6440qg/NowINAndroid/core/data/src/main/kotlin/com/google/samples/apps/nowinandroid/core/data/repository/OfflineFirstUserDataRepository.kt
2026-02-02 05:11:54,656 - Knowledge - INFO - process ingested knowledge for /app/data/T0015/313297/b6440qg/NowINAndroid/core/testing/src/main/kotlin/com/google/samples/apps/nowinandroid/core/testing/di/TestDispatchersModule.kt
2026-02-02 05:11:54,657 - Knowledge - INFO - process ingested knowledge for /app/data/T0015/313297/b6440qg/NowINAndroid/core/data/src/test/kotlin/com/google/samples/apps/nowinandroid/core/data/UserNewsResourceTest.kt
2026-02-02 05:11:54,672 - Knowledge - INFO - Fast-tracked /app/data/T0015/313297/b6440qg/NowINAndroid/core/model/src/main/kotlin/com/google/samples/apps/nowinandroid/core/model/data/ThemeBrand.kt (ext=.kt, size=731)
2026-02-02 05:11:54,674 - Knowledge - INFO - Fast-tracked /app/data/T0015/313297/b6440qg/NowINAndroid/core/model/src/main/kotlin/com/google/samples/apps/nowinandroid/core/model/data/UserNewsResource.kt (small file (2084 bytes))
2026-02-02 05:11:54,715 - Knowledge - INFO - Fast-tracked /app/data/T0015/313297/b6440qg/NowINAndroid/core/common/src/main/kotlin/com/google/samples/apps/nowinandroid/core/network/di/CoroutineScopesModule.kt (ext=.kt, size=1525)
2026-02-02 05:11:54,797 - Knowledge - INFO - Worker kw5 processing /app/data/T0015/313297/b6440qg/NowINAndroid/core/screenshot-testing/build.gradle.kts
2026-02-02 05:11:55,216 - Knowledge - INFO - Worker kw1 processing /app/data/T0015/313297/b6440qg/NowINAndroid/core/model/build.gradle.kts
2026-02-02 05:11:55,309 - Knowledge - INFO - Async storage completed for 6 embeddings
2026-02-02 05:11:55,436 - Knowledge - INFO - Worker kw17 processing /app/data/T0015/313297/b6440qg/NowINAndroid/core/common/src/main/kotlin/com/google/samples/apps/nowinandroid/core/network/di/DispatchersModule.kt
2026-02-02 05:11:55,568 - Knowledge - INFO - Fast-tracked /app/data/T0015/313297/b6440qg/NowINAndroid/core/screenshot-testing/build.gradle.kts (ext=.kts, size=1193)
2026-02-02 05:11:55,719 - Knowledge - INFO - Fast-tracked /app/data/T0015/313297/b6440qg/NowINAndroid/core/model/build.gradle.kts (ext=.kts, size=727)
2026-02-02 05:11:55,916 - Knowledge - INFO - Fast-tracked /app/data/T0015/313297/b6440qg/NowINAndroid/core/common/src/main/kotlin/com/google/samples/apps/nowinandroid/core/network/di/DispatchersModule.kt (ext=.kt, size=1406)
2026-02-02 05:11:55,963 - Knowledge - INFO - Worker kw5 processing /app/data/T0015/313297/b6440qg/NowINAndroid/core/screenshot-testing/README.md
2026-02-02 05:11:56,054 - Knowledge - INFO - Worker kw1 processing /app/data/T0015/313297/b6440qg/NowINAndroid/core/model/README.md
2026-02-02 05:11:56,153 - Knowledge - INFO - Worker kw17 processing /app/data/T0015/313297/b6440qg/NowINAndroid/core/common/src/main/kotlin/com/google/samples/apps/nowinandroid/core/network/NiaDispatchers.kt
2026-02-02 05:11:56,300 - Knowledge - INFO - Fast-tracked /app/data/T0015/313297/b6440qg/NowINAndroid/core/screenshot-testing/README.md (ext=.md, size=1610)
2026-02-02 05:11:56,302 - Knowledge - INFO - process ingested knowledge for /app/data/T0015/313297/b6440qg/NowINAndroid/core/testing/src/main/kotlin/com/google/samples/apps/nowinandroid/core/testing/repository/TestNewsRepository.kt
2026-02-02 05:11:56,303 - Knowledge - INFO - [kw19] Queue=176, InProgress=0, PendingWorkers=20/20, Completed=278/484 (57.4%)
2026-02-02 05:11:56,440 - Knowledge - INFO - Fast-tracked /app/data/T0015/313297/b6440qg/NowINAndroid/core/model/README.md (ext=.md, size=1460)
2026-02-02 05:11:56,448 - Knowledge - INFO - [LLM_CALL] Completed: UserNewsResourcePreviewParameterProvider.kt:chunk1, Duration: 5634ms, PromptTokens: 4036, CompletionTokens: 400, Cost: $0.00056
2026-02-02 05:11:56,559 - Knowledge - INFO - Fast-tracked /app/data/T0015/313297/b6440qg/NowINAndroid/core/common/src/main/kotlin/com/google/samples/apps/nowinandroid/core/network/NiaDispatchers.kt (ext=.kt, size=906)
2026-02-02 05:11:56,594 - Knowledge - INFO - Worker kw5 processing /app/data/T0015/313297/b6440qg/NowINAndroid/core/common/src/test/kotlin/com/google/samples/apps/nowinandroid/core/result/ResultKtTest.kt
2026-02-02 05:11:56,795 - Knowledge - INFO - Batch sizing: calculated=5, max_allowed=10, queue=176, active_workers=20/20
2026-02-02 05:11:56,903 - Knowledge - INFO - Async storage completed for 6 embeddings
2026-02-02 05:11:57,009 - Knowledge - INFO - done ingest for /app/data/T0015/313297/b6440qg/NowINAndroid/core/ui/src/main/kotlin/com/google/samples/apps/nowinandroid/core/ui/UserNewsResourcePreviewParameterProvider.kt
2026-02-02 05:11:57,083 - Knowledge - INFO - Worker kw17 processing /app/data/T0015/313297/b6440qg/NowINAndroid/core/common/src/main/kotlin/com/google/samples/apps/nowinandroid/core/result/Result.kt
2026-02-02 05:11:57,503 - Knowledge - INFO - Fast-tracked /app/data/T0015/313297/b6440qg/NowINAndroid/core/common/src/test/kotlin/com/google/samples/apps/nowinandroid/core/result/ResultKtTest.kt (ext=.kt, size=1676)
2026-02-02 05:11:57,640 - Knowledge - INFO - Fast-tracked /app/data/T0015/313297/b6440qg/NowINAndroid/core/common/src/main/kotlin/com/google/samples/apps/nowinandroid/core/result/Result.kt (ext=.kt, size=1180)
2026-02-02 05:11:57,809 - Knowledge - INFO - process ingested knowledge for /app/data/T0015/313297/b6440qg/NowINAndroid/core/testing/src/main/kotlin/com/google/samples/apps/nowinandroid/core/testing/notifications/TestNotifier.kt
2026-02-02 05:11:57,809 - Knowledge - INFO - process ingested knowledge for /app/data/T0015/313297/b6440qg/NowINAndroid/core/data/src/main/kotlin/com/google/samples/apps/nowinandroid/core/data/util/ConnectivityManagerNetworkMonitor.kt
2026-02-02 05:11:57,812 - Knowledge - INFO - process ingested knowledge for /app/data/T0015/313297/b6440qg/NowINAndroid/core/data/src/main/kotlin/com/google/samples/apps/nowinandroid/core/data/repository/UserNewsResourceRepository.kt
2026-02-02 05:11:57,813 - Knowledge - INFO - process ingested knowledge for /app/data/T0015/313297/b6440qg/NowINAndroid/core/testing/src/main/kotlin/com/google/samples/apps/nowinandroid/core/testing/NiaTestRunner.kt
2026-02-02 05:11:57,813 - Knowledge - INFO - Async storing batch of 6 embeddings
2026-02-02 05:11:57,814 - Knowledge - INFO - Async storing batch of 6 embeddings
2026-02-02 05:11:57,841 - Knowledge - INFO - Worker kw17 processing /app/data/T0015/313297/b6440qg/NowINAndroid/core/common/build.gradle.kts
2026-02-02 05:11:58,368 - Knowledge - INFO - Worker kw9 processing /app/data/T0015/313297/b6440qg/NowINAndroid/core/common/README.md
2026-02-02 05:11:58,468 - Knowledge - INFO - Worker kw19 processing /app/data/T0015/313297/b6440qg/NowINAndroid/core/database/src/main/kotlin/com/google/samples/apps/nowinandroid/core/database/dao/NewsResourceDao.kt
2026-02-02 05:11:58,585 - Knowledge - INFO - Fast-tracked /app/data/T0015/313297/b6440qg/NowINAndroid/core/common/build.gradle.kts (ext=.kts, size=875)
2026-02-02 05:11:58,659 - Knowledge - INFO - Async storage completed for 6 embeddings
2026-02-02 05:11:58,775 - Knowledge - INFO - Fast-tracked /app/data/T0015/313297/b6440qg/NowINAndroid/core/common/README.md (ext=.md, size=1463)
2026-02-02 05:11:58,906 - Knowledge - INFO - Async storage completed for 6 embeddings
2026-02-02 05:11:59,123 - Knowledge - INFO - Worker kw9 processing /app/data/T0015/313297/b6440qg/NowINAndroid/core/database/src/androidTest/kotlin/com/google/samples/apps/nowinandroid/core/database/dao/TopicDaoTest.kt
2026-02-02 05:11:59,302 - Knowledge - INFO - Worker kw19 processing /app/data/T0015/313297/b6440qg/NowINAndroid/core/database/src/main/kotlin/com/google/samples/apps/nowinandroid/core/database/dao/RecentSearchQueryDao.kt
2026-02-02 05:11:59,504 - Knowledge - INFO - Fast-tracked /app/data/T0015/313297/b6440qg/NowINAndroid/core/database/src/main/kotlin/com/google/samples/apps/nowinandroid/core/database/dao/RecentSearchQueryDao.kt (ext=.kt, size=1363)
2026-02-02 05:11:59,530 - Knowledge - INFO - Worker kw9 processing /app/data/T0015/313297/b6440qg/NowINAndroid/core/database/src/androidTest/kotlin/com/google/samples/apps/nowinandroid/core/database/dao/DatabaseTest.kt
2026-02-02 05:11:59,735 - Knowledge - INFO - Worker kw19 processing /app/data/T0015/313297/b6440qg/NowINAndroid/core/database/src/main/kotlin/com/google/samples/apps/nowinandroid/core/database/dao/TopicFtsDao.kt
2026-02-02 05:11:59,862 - Knowledge - INFO - Fast-tracked /app/data/T0015/313297/b6440qg/NowINAndroid/core/database/src/androidTest/kotlin/com/google/samples/apps/nowinandroid/core/database/dao/DatabaseTest.kt (ext=.kt, size=1494)
2026-02-02 05:12:00,008 - Knowledge - INFO - Fast-tracked /app/data/T0015/313297/b6440qg/NowINAndroid/core/database/src/main/kotlin/com/google/samples/apps/nowinandroid/core/database/dao/TopicFtsDao.kt (ext=.kt, size=1310)
2026-02-02 05:12:00,089 - Knowledge - INFO - Worker kw9 processing /app/data/T0015/313297/b6440qg/NowINAndroid/core/database/src/androidTest/kotlin/com/google/samples/apps/nowinandroid/core/database/dao/NewsResourceDaoTest.kt
2026-02-02 05:12:00,192 - Knowledge - INFO - Worker kw19 processing /app/data/T0015/313297/b6440qg/NowINAndroid/core/database/src/main/kotlin/com/google/samples/apps/nowinandroid/core/database/dao/NewsResourceFtsDao.kt
2026-02-02 05:12:00,335 - Knowledge - INFO - Worker kw9 processing /app/data/T0015/313297/b6440qg/NowINAndroid/core/database/src/main/kotlin/com/google/samples/apps/nowinandroid/core/database/dao/TopicDao.kt
2026-02-02 05:12:00,444 - Knowledge - INFO - Fast-tracked /app/data/T0015/313297/b6440qg/NowINAndroid/core/database/src/main/kotlin/com/google/samples/apps/nowinandroid/core/database/dao/NewsResourceFtsDao.kt (ext=.kt, size=1380)
2026-02-02 05:12:00,625 - Knowledge - INFO - Worker kw19 processing /app/data/T0015/313297/b6440qg/NowINAndroid/core/database/src/main/kotlin/com/google/samples/apps/nowinandroid/core/database/NiaDatabase.kt
2026-02-02 05:12:02,620 - Knowledge - INFO - process ingested knowledge for /app/data/T0015/313297/b6440qg/NowINAndroid/core/ui/src/androidTest/kotlin/com/google/samples/apps/nowinandroid/core/ui/NewsResourceCardTest.kt
2026-02-02 05:12:02,621 - Knowledge - INFO - Processing batch of 5 files
2026-02-02 05:12:02,933 - Knowledge - INFO - process ingested knowledge for /app/data/T0015/313297/b6440qg/NowINAndroid/core/model/src/main/kotlin/com/google/samples/apps/nowinandroid/core/model/data/Topic.kt
2026-02-02 05:12:03,791 - Knowledge - INFO - Fast-tracked /app/data/T0015/313297/b6440qg/NowINAndroid/core/database/src/main/kotlin/com/google/samples/apps/nowinandroid/core/database/dao/TopicDao.kt (small file (2191 bytes))
2026-02-02 05:12:04,006 - Knowledge - INFO - Async storage completed for 6 embeddings
2026-02-02 05:12:04,530 - Knowledge - INFO - Async storage completed for 6 embeddings
2026-02-02 05:12:06,235 - Knowledge - INFO - [LLM_CALL] Completed: ScreenshotHelper.kt:chunk1, Duration: 8466ms, PromptTokens: 5222, CompletionTokens: 856, Cost: $0.00086
2026-02-02 05:12:06,455 - Knowledge - INFO - process ingested knowledge for /app/data/T0015/313297/b6440qg/NowINAndroid/core/testing/src/main/kotlin/com/google/samples/apps/nowinandroid/core/rules/GrantPostNotificationsPermissionRule.kt
2026-02-02 05:12:06,466 - Knowledge - INFO - done ingest for /app/data/T0015/313297/b6440qg/NowINAndroid/core/screenshot-testing/src/main/kotlin/com/google/samples/apps/nowinandroid/core/testing/util/ScreenshotHelper.kt
2026-02-02 05:12:08,299 - Knowledge - INFO - Processing batch of 6 files
2026-02-02 05:12:08,516 - Knowledge - INFO - process ingested knowledge for /app/data/T0015/313297/b6440qg/NowINAndroid/core/ui/src/main/kotlin/com/google/samples/apps/nowinandroid/core/ui/NewsResourceCard.kt
2026-02-02 05:12:10,274 - Knowledge - INFO - [LLM_CALL] Completed: NewsResourceDao.kt:chunk1, Duration: 9097ms, PromptTokens: 2376, CompletionTokens: 568, Cost: $0.00046
2026-02-02 05:12:10,508 - Knowledge - INFO - done ingest for /app/data/T0015/313297/b6440qg/NowINAndroid/core/database/src/main/kotlin/com/google/samples/apps/nowinandroid/core/database/dao/NewsResourceDao.kt
2026-02-02 05:12:10,508 - Knowledge - INFO - [LLM_CALL] Completed: TopicDaoTest.kt:chunk1, Duration: 9728ms, PromptTokens: 2334, CompletionTokens: 546, Cost: $0.00045
2026-02-02 05:12:10,939 - Knowledge - INFO - done ingest for /app/data/T0015/313297/b6440qg/NowINAndroid/core/database/src/androidTest/kotlin/com/google/samples/apps/nowinandroid/core/database/dao/TopicDaoTest.kt
2026-02-02 05:12:12,978 - Knowledge - INFO - [LLM_CALL] Completed: NewsResourceDaoTest.kt:chunk1, Duration: 10543ms, PromptTokens: 4224, CompletionTokens: 537, Cost: $0.00064
2026-02-02 05:12:13,173 - Knowledge - INFO - done ingest for /app/data/T0015/313297/b6440qg/NowINAndroid/core/database/src/androidTest/kotlin/com/google/samples/apps/nowinandroid/core/database/dao/NewsResourceDaoTest.kt
2026-02-02 05:12:13,239 - Knowledge - INFO - [LLM_CALL] Completed: NiaDatabase.kt:chunk1, Duration: 9698ms, PromptTokens: 2252, CompletionTokens: 819, Cost: $0.00055
2026-02-02 05:12:13,480 - Knowledge - INFO - done ingest for /app/data/T0015/313297/b6440qg/NowINAndroid/core/database/src/main/kotlin/com/google/samples/apps/nowinandroid/core/database/NiaDatabase.kt
2026-02-02 05:12:13,856 - Knowledge - INFO - Processing batch of 5 files
2026-02-02 05:12:13,862 - Knowledge - INFO - process ingested knowledge for /app/data/T0015/313297/b6440qg/NowINAndroid/core/data/src/main/kotlin/com/google/samples/apps/nowinandroid/core/data/repository/DefaultRecentSearchRepository.kt
2026-02-02 05:12:14,017 - Knowledge - INFO - process ingested knowledge for /app/data/T0015/313297/b6440qg/NowINAndroid/core/model/src/main/kotlin/com/google/samples/apps/nowinandroid/core/model/data/UserSearchResult.kt
2026-02-02 05:12:17,795 - Knowledge - INFO - process ingested knowledge for /app/data/T0015/313297/b6440qg/NowINAndroid/core/ui/src/main/kotlin/com/google/samples/apps/nowinandroid/core/ui/DevicePreviews.kt
2026-02-02 05:12:18,711 - Knowledge - INFO - process ingested knowledge for /app/data/T0015/313297/b6440qg/NowINAndroid/core/ui/src/main/res/values/strings.xml
2026-02-02 05:12:18,711 - Knowledge - INFO - process ingested knowledge for /app/data/T0015/313297/b6440qg/NowINAndroid/core/testing/src/main/kotlin/com/google/samples/apps/nowinandroid/core/testing/data/UserNewsResourcesTestData.kt
2026-02-02 05:12:19,897 - Knowledge - INFO - process ingested knowledge for /app/data/T0015/313297/b6440qg/NowINAndroid/core/testing/src/main/AndroidManifest.xml
2026-02-02 05:12:21,830 - Knowledge - INFO - [WEBSOCKET] Sent: Type=progress_update, Size: 292, Duration: 0ms
2026-02-02 05:12:22,016 - Knowledge - INFO - [WEBSOCKET] Sent: Type=unknown, Size: ?, Duration: 186ms
2026-02-02 05:12:22,179 - Knowledge - INFO - Progress: 62.8% | Files: 304/484 | Rate: 0.77 files/sec | Queue: 166
2026-02-02 05:12:23,275 - Knowledge - INFO - process ingested knowledge for /app/data/T0015/313297/b6440qg/NowINAndroid/core/ui/src/main/kotlin/com/google/samples/apps/nowinandroid/core/ui/NewsFeed.kt
2026-02-02 05:12:24,721 - Knowledge - INFO - process ingested knowledge for /app/data/T0015/313297/b6440qg/NowINAndroid/core/ui/src/main/kotlin/com/google/samples/apps/nowinandroid/core/ui/JankStatsExtensions.kt
2026-02-02 05:12:26,978 - Knowledge - INFO - [kw18] Queue=166, InProgress=0, PendingWorkers=20/20, Completed=310/484 (64.0%)
2026-02-02 05:12:26,980 - Knowledge - INFO - process ingested knowledge for /app/data/T0015/313297/b6440qg/NowINAndroid/core/model/src/main/kotlin/com/google/samples/apps/nowinandroid/core/model/data/SearchResult.kt
2026-02-02 05:12:26,980 - Knowledge - INFO - process ingested knowledge for /app/data/T0015/313297/b6440qg/NowINAndroid/core/ui/src/main/kotlin/com/google/samples/apps/nowinandroid/core/ui/FollowableTopicPreviewParameterProvider.kt
2026-02-02 05:12:27,151 - Knowledge - INFO - Batch sizing: calculated=5, max_allowed=10, queue=166, active_workers=20/20
2026-02-02 05:12:27,995 - Knowledge - INFO - [kw6] Queue=166, InProgress=0, PendingWorkers=20/20, Completed=311/484 (64.3%)
2026-02-02 05:12:28,171 - Knowledge - INFO - Batch sizing: calculated=5, max_allowed=10, queue=166, active_workers=20/20
2026-02-02 05:12:29,298 - Knowledge - INFO - process ingested knowledge for /app/data/T0015/313297/b6440qg/NowINAndroid/core/testing/src/main/kotlin/com/google/samples/apps/nowinandroid/core/testing/data/TopicsTestData.kt
2026-02-02 05:12:29,300 - Knowledge - INFO - process ingested knowledge for /app/data/T0015/313297/b6440qg/NowINAndroid/core/ui/src/main/kotlin/com/google/samples/apps/nowinandroid/core/ui/NewsResourceCardList.kt
2026-02-02 05:12:29,303 - Knowledge - INFO - Processing batch of 5 files
2026-02-02 05:12:29,647 - Knowledge - INFO - process ingested knowledge for /app/data/T0015/313297/b6440qg/NowINAndroid/core/common/src/main/kotlin/com/google/samples/apps/nowinandroid/core/network/di/CoroutineScopesModule.kt
2026-02-02 05:12:33,209 - Knowledge - INFO - Processing batch of 5 files
2026-02-02 05:12:33,435 - Knowledge - INFO - process ingested knowledge for /app/data/T0015/313297/b6440qg/NowINAndroid/core/common/README.md
2026-02-02 05:12:34,969 - Knowledge - INFO - process ingested knowledge for /app/data/T0015/313297/b6440qg/NowINAndroid/core/ui/src/main/kotlin/com/google/samples/apps/nowinandroid/core/ui/AnalyticsExtensions.kt
2026-02-02 05:12:34,970 - Knowledge - INFO - Async storing batch of 6 embeddings
2026-02-02 05:12:34,971 - Knowledge - INFO - Processing batch of 6 files
2026-02-02 05:12:35,255 - Knowledge - INFO - Worker kw18 processing /app/data/T0015/313297/b6440qg/NowINAndroid/core/database/src/main/kotlin/com/google/samples/apps/nowinandroid/core/database/util/InstantConverter.kt
2026-02-02 05:12:35,333 - Knowledge - INFO - process ingested knowledge for /app/data/T0015/313297/b6440qg/NowINAndroid/core/ui/src/main/kotlin/com/google/samples/apps/nowinandroid/core/ui/LocalTimeZone.kt
2026-02-02 05:12:35,533 - Knowledge - INFO - Fast-tracked /app/data/T0015/313297/b6440qg/NowINAndroid/core/database/src/main/kotlin/com/google/samples/apps/nowinandroid/core/database/util/InstantConverter.kt (ext=.kt, size=1013)
2026-02-02 05:12:35,711 - Knowledge - INFO - Worker kw18 processing /app/data/T0015/313297/b6440qg/NowINAndroid/core/database/src/main/kotlin/com/google/samples/apps/nowinandroid/core/database/model/PopulatedNewsResource.kt
2026-02-02 05:12:35,877 - Knowledge - INFO - Async storing batch of 6 embeddings
2026-02-02 05:12:35,902 - Knowledge - INFO - Fast-tracked /app/data/T0015/313297/b6440qg/NowINAndroid/core/database/src/main/kotlin/com/google/samples/apps/nowinandroid/core/database/model/PopulatedNewsResource.kt (ext=.kt, size=1793)
2026-02-02 05:12:36,063 - Knowledge - INFO - Worker kw6 processing /app/data/T0015/313297/b6440qg/NowINAndroid/core/database/src/main/kotlin/com/google/samples/apps/nowinandroid/core/database/model/TopicEntity.kt
2026-02-02 05:12:36,196 - Knowledge - INFO - Worker kw18 processing /app/data/T0015/313297/b6440qg/NowINAndroid/core/database/src/main/kotlin/com/google/samples/apps/nowinandroid/core/database/model/NewsResourceTopicCrossRef.kt
2026-02-02 05:12:36,345 - Knowledge - INFO - Fast-tracked /app/data/T0015/313297/b6440qg/NowINAndroid/core/database/src/main/kotlin/com/google/samples/apps/nowinandroid/core/database/model/TopicEntity.kt (ext=.kt, size=1488)
2026-02-02 05:12:36,463 - Knowledge - INFO - Fast-tracked /app/data/T0015/313297/b6440qg/NowINAndroid/core/database/src/main/kotlin/com/google/samples/apps/nowinandroid/core/database/model/NewsResourceTopicCrossRef.kt (ext=.kt, size=1717)
2026-02-02 05:12:36,537 - Knowledge - INFO - Worker kw6 processing /app/data/T0015/313297/b6440qg/NowINAndroid/core/database/src/main/kotlin/com/google/samples/apps/nowinandroid/core/database/model/RecentSearchQueryEntity.kt
2026-02-02 05:12:36,645 - Knowledge - INFO - Worker kw18 processing /app/data/T0015/313297/b6440qg/NowINAndroid/core/database/src/main/kotlin/com/google/samples/apps/nowinandroid/core/database/model/NewsResourceFtsEntity.kt
2026-02-02 05:12:36,764 - Knowledge - INFO - Fast-tracked /app/data/T0015/313297/b6440qg/NowINAndroid/core/database/src/main/kotlin/com/google/samples/apps/nowinandroid/core/database/model/RecentSearchQueryEntity.kt (ext=.kt, size=1054)
2026-02-02 05:12:36,919 - Knowledge - INFO - Fast-tracked /app/data/T0015/313297/b6440qg/NowINAndroid/core/database/src/main/kotlin/com/google/samples/apps/nowinandroid/core/database/model/NewsResourceFtsEntity.kt (ext=.kt, size=1152)
2026-02-02 05:12:36,952 - Knowledge - INFO - Worker kw6 processing /app/data/T0015/313297/b6440qg/NowINAndroid/core/database/src/main/kotlin/com/google/samples/apps/nowinandroid/core/database/model/NewsResourceEntity.kt
2026-02-02 05:12:37,075 - Knowledge - INFO - Worker kw18 processing /app/data/T0015/313297/b6440qg/NowINAndroid/core/database/src/main/kotlin/com/google/samples/apps/nowinandroid/core/database/model/TopicFtsEntity.kt
2026-02-02 05:12:37,212 - Knowledge - INFO - Fast-tracked /app/data/T0015/313297/b6440qg/NowINAndroid/core/database/src/main/kotlin/com/google/samples/apps/nowinandroid/core/database/model/NewsResourceEntity.kt (ext=.kt, size=1513)
2026-02-02 05:12:37,389 - Knowledge - INFO - Worker kw6 processing /app/data/T0015/313297/b6440qg/NowINAndroid/core/database/src/main/kotlin/com/google/samples/apps/nowinandroid/core/database/di/DatabaseModule.kt
2026-02-02 05:12:37,451 - Knowledge - INFO - Fast-tracked /app/data/T0015/313297/b6440qg/NowINAndroid/core/database/src/main/kotlin/com/google/samples/apps/nowinandroid/core/database/model/TopicFtsEntity.kt (ext=.kt, size=1373)
2026-02-02 05:12:37,666 - Knowledge - INFO - Fast-tracked /app/data/T0015/313297/b6440qg/NowINAndroid/core/database/src/main/kotlin/com/google/samples/apps/nowinandroid/core/database/di/DatabaseModule.kt (ext=.kt, size=1333)
2026-02-02 05:12:37,688 - Knowledge - INFO - Async storage completed for 6 embeddings
2026-02-02 05:12:37,837 - Knowledge - INFO - Worker kw6 processing /app/data/T0015/313297/b6440qg/NowINAndroid/core/database/src/main/kotlin/com/google/samples/apps/nowinandroid/core/database/di/DaosModule.kt
2026-02-02 05:12:37,973 - Knowledge - INFO - Processing batch of 5 files
2026-02-02 05:12:37,979 - Knowledge - INFO - process ingested knowledge for /app/data/T0015/313297/b6440qg/NowINAndroid/core/common/src/main/kotlin/com/google/samples/apps/nowinandroid/core/network/di/DispatchersModule.kt
2026-02-02 05:12:38,056 - Knowledge - INFO - Fast-tracked /app/data/T0015/313297/b6440qg/NowINAndroid/core/database/src/main/kotlin/com/google/samples/apps/nowinandroid/core/database/di/DaosModule.kt (ext=.kt, size=1983)
2026-02-02 05:12:38,156 - Knowledge - INFO - process ingested knowledge for /app/data/T0015/313297/b6440qg/NowINAndroid/core/screenshot-testing/src/main/kotlin/com/google/samples/apps/nowinandroid/core/testing/util/ScreenshotHelper.kt
2026-02-02 05:12:38,308 - Knowledge - INFO - Async storage completed for 6 embeddings
2026-02-02 05:12:38,710 - Knowledge - INFO - [kw4] Queue=156, InProgress=0, PendingWorkers=20/20, Completed=317/484 (65.5%)
2026-02-02 05:12:38,909 - Knowledge - INFO - Batch sizing: calculated=5, max_allowed=10, queue=156, active_workers=20/20
2026-02-02 05:12:40,612 - Knowledge - INFO - process ingested knowledge for /app/data/T0015/313297/b6440qg/NowINAndroid/core/database/src/androidTest/kotlin/com/google/samples/apps/nowinandroid/core/database/dao/TopicDaoTest.kt
2026-02-02 05:12:40,614 - Knowledge - INFO - process ingested knowledge for /app/data/T0015/313297/b6440qg/NowINAndroid/core/model/src/main/kotlin/com/google/samples/apps/nowinandroid/core/model/data/NewsResource.kt
2026-02-02 05:12:42,351 - Knowledge - INFO - process ingested knowledge for /app/data/T0015/313297/b6440qg/NowINAndroid/core/ui/src/main/kotlin/com/google/samples/apps/nowinandroid/core/ui/InterestsItem.kt
2026-02-02 05:12:42,351 - Knowledge - INFO - process ingested knowledge for /app/data/T0015/313297/b6440qg/NowINAndroid/core/ui/src/main/kotlin/com/google/samples/apps/nowinandroid/core/ui/UserNewsResourcePreviewParameterProvider.kt
2026-02-02 05:12:45,181 - Knowledge - INFO - process ingested knowledge for /app/data/T0015/313297/b6440qg/NowINAndroid/core/common/src/main/kotlin/com/google/samples/apps/nowinandroid/core/network/NiaDispatchers.kt
2026-02-02 05:12:45,181 - Knowledge - INFO - process ingested knowledge for /app/data/T0015/313297/b6440qg/NowINAndroid/core/screenshot-testing/src/main/AndroidManifest.xml
2026-02-02 05:12:47,375 - Knowledge - INFO - Processing batch of 5 files
2026-02-02 05:12:47,376 - Knowledge - INFO - process ingested knowledge for /app/data/T0015/313297/b6440qg/NowINAndroid/core/database/src/androidTest/kotlin/com/google/samples/apps/nowinandroid/core/database/dao/DatabaseTest.kt
2026-02-02 05:12:47,377 - Knowledge - INFO - process ingested knowledge for /app/data/T0015/313297/b6440qg/NowINAndroid/core/model/src/main/kotlin/com/google/samples/apps/nowinandroid/core/model/data/UserData.kt
2026-02-02 05:12:47,596 - Knowledge - INFO - process ingested knowledge for /app/data/T0015/313297/b6440qg/NowINAndroid/core/database/src/main/kotlin/com/google/samples/apps/nowinandroid/core/database/dao/NewsResourceDao.kt
2026-02-02 05:12:50,337 - Knowledge - INFO - Processing batch of 5 files
2026-02-02 05:12:50,344 - Knowledge - INFO - process ingested knowledge for /app/data/T0015/313297/b6440qg/NowINAndroid/core/model/src/main/kotlin/com/google/samples/apps/nowinandroid/core/model/data/FollowableTopic.kt
2026-02-02 05:12:50,505 - Knowledge - INFO - process ingested knowledge for /app/data/T0015/313297/b6440qg/NowINAndroid/core/database/src/main/kotlin/com/google/samples/apps/nowinandroid/core/database/util/InstantConverter.kt
2026-02-02 05:12:52,191 - Knowledge - INFO - Async storing batch of 6 embeddings
2026-02-02 05:12:52,192 - Knowledge - INFO - process ingested knowledge for /app/data/T0015/313297/b6440qg/NowINAndroid/core/common/src/main/kotlin/com/google/samples/apps/nowinandroid/core/result/Result.kt
2026-02-02 05:12:52,193 - Knowledge - INFO - process ingested knowledge for /app/data/T0015/313297/b6440qg/NowINAndroid/core/screenshot-testing/build.gradle.kts
2026-02-02 05:12:52,338 - Knowledge - INFO - Worker kw4 processing /app/data/T0015/313297/b6440qg/NowINAndroid/core/database/src/main/kotlin/com/google/samples/apps/nowinandroid/core/database/DatabaseMigrations.kt
2026-02-02 05:12:52,863 - Knowledge - INFO - Worker kw4 processing /app/data/T0015/313297/b6440qg/NowINAndroid/core/database/src/main/AndroidManifest.xml
2026-02-02 05:12:53,124 - Knowledge - INFO - Fast-tracked /app/data/T0015/313297/b6440qg/NowINAndroid/core/database/src/main/AndroidManifest.xml (ext=.xml, size=683)
2026-02-02 05:12:53,321 - Knowledge - INFO - Worker kw4 processing /app/data/T0015/313297/b6440qg/NowINAndroid/core/database/schemas/com.google.samples.apps.nowinandroid.core.database.NiaDatabase/8.json
2026-02-02 05:12:53,564 - Knowledge - INFO - Fast-tracked /app/data/T0015/313297/b6440qg/NowINAndroid/core/database/schemas/com.google.samples.apps.nowinandroid.core.database.NiaDatabase/8.json (ext=.json, size=13496)
2026-02-02 05:12:53,743 - Knowledge - INFO - Worker kw4 processing /app/data/T0015/313297/b6440qg/NowINAndroid/core/database/schemas/com.google.samples.apps.nowinandroid.core.database.NiaDatabase/4.json
2026-02-02 05:12:53,982 - Knowledge - INFO - Fast-tracked /app/data/T0015/313297/b6440qg/NowINAndroid/core/database/schemas/com.google.samples.apps.nowinandroid.core.database.NiaDatabase/4.json (ext=.json, size=11609)
2026-02-02 05:12:54,153 - Knowledge - INFO - Worker kw4 processing /app/data/T0015/313297/b6440qg/NowINAndroid/core/database/schemas/com.google.samples.apps.nowinandroid.core.database.NiaDatabase/13.json
2026-02-02 05:12:54,350 - Knowledge - INFO - Fast-tracked /app/data/T0015/313297/b6440qg/NowINAndroid/core/database/schemas/com.google.samples.apps.nowinandroid.core.database.NiaDatabase/13.json (ext=.json, size=8564)
2026-02-02 05:12:54,728 - Knowledge - INFO - Fast-tracked /app/data/T0015/313297/b6440qg/NowINAndroid/core/database/src/main/kotlin/com/google/samples/apps/nowinandroid/core/database/DatabaseMigrations.kt (small file (2004 bytes))
2026-02-02 05:12:54,885 - Knowledge - INFO - Async storage completed for 6 embeddings
2026-02-02 05:12:55,448 - Knowledge - INFO - process ingested knowledge for /app/data/T0015/313297/b6440qg/NowINAndroid/core/database/src/androidTest/kotlin/com/google/samples/apps/nowinandroid/core/database/dao/NewsResourceDaoTest.kt
2026-02-02 05:12:55,448 - Knowledge - INFO - process ingested knowledge for /app/data/T0015/313297/b6440qg/NowINAndroid/core/model/src/main/kotlin/com/google/samples/apps/nowinandroid/core/model/data/UserNewsResource.kt
2026-02-02 05:12:57,725 - Knowledge - INFO - process ingested knowledge for /app/data/T0015/313297/b6440qg/NowINAndroid/core/ui/src/main/AndroidManifest.xml
2026-02-02 05:12:57,726 - Knowledge - INFO - process ingested knowledge for /app/data/T0015/313297/b6440qg/NowINAndroid/core/model/src/main/kotlin/com/google/samples/apps/nowinandroid/core/model/data/ThemeBrand.kt
2026-02-02 05:12:57,729 - Knowledge - INFO - [WEBSOCKET] Sent: Type=progress_update, Size: 292, Duration: 0ms
2026-02-02 05:12:58,123 - Knowledge - INFO - [WEBSOCKET] Sent: Type=unknown, Size: ?, Duration: 395ms
2026-02-02 05:12:58,307 - Knowledge - INFO - Progress: 67.4% | Files: 326/484 | Rate: 0.77 files/sec | Queue: 151
2026-02-02 05:13:00,149 - Knowledge - INFO - process ingested knowledge for /app/data/T0015/313297/b6440qg/NowINAndroid/core/common/build.gradle.kts
2026-02-02 05:13:00,150 - Knowledge - INFO - process ingested knowledge for /app/data/T0015/313297/b6440qg/NowINAndroid/core/screenshot-testing/README.md
2026-02-02 05:13:00,151 - Knowledge - INFO - process ingested knowledge for /app/data/T0015/313297/b6440qg/NowINAndroid/core/database/src/main/kotlin/com/google/samples/apps/nowinandroid/core/database/dao/RecentSearchQueryDao.kt
2026-02-02 05:13:02,410 - Knowledge - INFO - Processing batch of 5 files
2026-02-02 05:13:02,610 - Knowledge - INFO - process ingested knowledge for /app/data/T0015/313297/b6440qg/NowINAndroid/core/database/src/main/kotlin/com/google/samples/apps/nowinandroid/core/database/model/TopicEntity.kt
2026-02-02 05:13:04,349 - Knowledge - INFO - process ingested knowledge for /app/data/T0015/313297/b6440qg/NowINAndroid/core/ui/build.gradle.kts
2026-02-02 05:13:04,352 - Knowledge - INFO - process ingested knowledge for /app/data/T0015/313297/b6440qg/NowINAndroid/core/model/build.gradle.kts
2026-02-02 05:13:04,352 - Knowledge - INFO - [kw20] Queue=151, InProgress=0, PendingWorkers=20/20, Completed=329/484 (68.0%)
2026-02-02 05:13:04,353 - Knowledge - INFO - process ingested knowledge for /app/data/T0015/313297/b6440qg/NowINAndroid/core/database/src/main/kotlin/com/google/samples/apps/nowinandroid/core/database/dao/TopicDao.kt
2026-02-02 05:13:04,764 - Knowledge - INFO - Batch sizing: calculated=5, max_allowed=10, queue=151, active_workers=20/20
2026-02-02 05:13:07,172 - Knowledge - INFO - process ingested knowledge for /app/data/T0015/313297/b6440qg/NowINAndroid/core/database/src/main/kotlin/com/google/samples/apps/nowinandroid/core/database/dao/TopicFtsDao.kt
2026-02-02 05:13:07,173 - Knowledge - INFO - [kw8] Queue=151, InProgress=0, PendingWorkers=20/20, Completed=332/484 (68.6%)
2026-02-02 05:13:07,476 - Knowledge - INFO - Batch sizing: calculated=5, max_allowed=10, queue=151, active_workers=20/20
2026-02-02 05:13:08,345 - Knowledge - INFO - [kw12] Queue=151, InProgress=0, PendingWorkers=20/20, Completed=332/484 (68.6%)
2026-02-02 05:13:08,569 - Knowledge - INFO - Batch sizing: calculated=5, max_allowed=10, queue=151, active_workers=20/20
2026-02-02 05:13:11,794 - Knowledge - INFO - process ingested knowledge for /app/data/T0015/313297/b6440qg/NowINAndroid/core/model/README.md
2026-02-02 05:13:15,039 - Knowledge - INFO - process ingested knowledge for /app/data/T0015/313297/b6440qg/NowINAndroid/core/database/src/main/kotlin/com/google/samples/apps/nowinandroid/core/database/model/PopulatedNewsResource.kt
2026-02-02 05:13:16,499 - Knowledge - INFO - process ingested knowledge for /app/data/T0015/313297/b6440qg/NowINAndroid/core/database/src/main/kotlin/com/google/samples/apps/nowinandroid/core/database/dao/NewsResourceFtsDao.kt
2026-02-02 05:13:17,630 - Knowledge - INFO - Processing batch of 5 files
2026-02-02 05:13:17,631 - Knowledge - INFO - [kw10] Queue=151, InProgress=0, PendingWorkers=20/20, Completed=333/484 (68.8%)
2026-02-02 05:13:17,780 - Knowledge - INFO - process ingested knowledge for /app/data/T0015/313297/b6440qg/NowINAndroid/core/database/src/main/kotlin/com/google/samples/apps/nowinandroid/core/database/DatabaseMigrations.kt
2026-02-02 05:13:17,908 - Knowledge - INFO - Batch sizing: calculated=5, max_allowed=10, queue=151, active_workers=20/20
2026-02-02 05:13:18,628 - Knowledge - INFO - process ingested knowledge for /app/data/T0015/313297/b6440qg/NowINAndroid/core/ui/README.md
2026-02-02 05:13:19,878 - Knowledge - INFO - process ingested knowledge for /app/data/T0015/313297/b6440qg/NowINAndroid/core/common/src/test/kotlin/com/google/samples/apps/nowinandroid/core/result/ResultKtTest.kt
2026-02-02 05:13:19,879 - Knowledge - INFO - Async storing batch of 6 embeddings
2026-02-02 05:13:20,177 - Knowledge - INFO - Worker kw20 processing /app/data/T0015/313297/b6440qg/NowINAndroid/core/database/schemas/com.google.samples.apps.nowinandroid.core.database.NiaDatabase/11.json
2026-02-02 05:13:20,465 - Knowledge - INFO - Fast-tracked /app/data/T0015/313297/b6440qg/NowINAndroid/core/database/schemas/com.google.samples.apps.nowinandroid.core.database.NiaDatabase/11.json (ext=.json, size=9703)
2026-02-02 05:13:20,661 - Knowledge - INFO - Worker kw20 processing /app/data/T0015/313297/b6440qg/NowINAndroid/core/database/schemas/com.google.samples.apps.nowinandroid.core.database.NiaDatabase/2.json
2026-02-02 05:13:20,965 - Knowledge - INFO - Fast-tracked /app/data/T0015/313297/b6440qg/NowINAndroid/core/database/schemas/com.google.samples.apps.nowinandroid.core.database.NiaDatabase/2.json (ext=.json, size=10895)
2026-02-02 05:13:21,158 - Knowledge - INFO - Worker kw20 processing /app/data/T0015/313297/b6440qg/NowINAndroid/core/database/schemas/com.google.samples.apps.nowinandroid.core.database.NiaDatabase/6.json
2026-02-02 05:13:21,250 - Knowledge - INFO - [kw11] Queue=146, InProgress=0, PendingWorkers=20/20, Completed=333/484 (68.8%)
2026-02-02 05:13:21,351 - Knowledge - INFO - Fast-tracked /app/data/T0015/313297/b6440qg/NowINAndroid/core/database/schemas/com.google.samples.apps.nowinandroid.core.database.NiaDatabase/6.json (ext=.json, size=13864)
2026-02-02 05:13:21,424 - Knowledge - INFO - Batch sizing: calculated=5, max_allowed=10, queue=146, active_workers=20/20
2026-02-02 05:13:21,528 - Knowledge - INFO - Worker kw20 processing /app/data/T0015/313297/b6440qg/NowINAndroid/core/database/schemas/com.google.samples.apps.nowinandroid.core.database.NiaDatabase/9.json
2026-02-02 05:13:21,792 - Knowledge - INFO - Fast-tracked /app/data/T0015/313297/b6440qg/NowINAndroid/core/database/schemas/com.google.samples.apps.nowinandroid.core.database.NiaDatabase/9.json (ext=.json, size=13712)
2026-02-02 05:13:21,941 - Knowledge - INFO - Worker kw20 processing /app/data/T0015/313297/b6440qg/NowINAndroid/core/database/schemas/com.google.samples.apps.nowinandroid.core.database.NiaDatabase/1.json
2026-02-02 05:13:22,159 - Knowledge - INFO - Fast-tracked /app/data/T0015/313297/b6440qg/NowINAndroid/core/database/schemas/com.google.samples.apps.nowinandroid.core.database.NiaDatabase/1.json (ext=.json, size=10695)
2026-02-02 05:13:22,321 - Knowledge - INFO - Async storage completed for 6 embeddings
2026-02-02 05:13:24,201 - Knowledge - INFO - Async storing batch of 6 embeddings
2026-02-02 05:13:24,427 - Knowledge - INFO - Worker kw8 processing /app/data/T0015/313297/b6440qg/NowINAndroid/core/database/schemas/com.google.samples.apps.nowinandroid.core.database.NiaDatabase/10.json
2026-02-02 05:13:24,616 - Knowledge - INFO - Fast-tracked /app/data/T0015/313297/b6440qg/NowINAndroid/core/database/schemas/com.google.samples.apps.nowinandroid.core.database.NiaDatabase/10.json (ext=.json, size=14049)
2026-02-02 05:13:24,811 - Knowledge - INFO - Worker kw8 processing /app/data/T0015/313297/b6440qg/NowINAndroid/core/database/schemas/com.google.samples.apps.nowinandroid.core.database.NiaDatabase/14.json
2026-02-02 05:13:24,994 - Knowledge - INFO - Fast-tracked /app/data/T0015/313297/b6440qg/NowINAndroid/core/database/schemas/com.google.samples.apps.nowinandroid.core.database.NiaDatabase/14.json (ext=.json, size=9299)
2026-02-02 05:13:25,163 - Knowledge - INFO - Worker kw8 processing /app/data/T0015/313297/b6440qg/NowINAndroid/core/database/schemas/com.google.samples.apps.nowinandroid.core.database.NiaDatabase/5.json
2026-02-02 05:13:25,379 - Knowledge - INFO - Fast-tracked /app/data/T0015/313297/b6440qg/NowINAndroid/core/database/schemas/com.google.samples.apps.nowinandroid.core.database.NiaDatabase/5.json (ext=.json, size=12076)
2026-02-02 05:13:25,555 - Knowledge - INFO - Worker kw8 processing /app/data/T0015/313297/b6440qg/NowINAndroid/core/database/schemas/com.google.samples.apps.nowinandroid.core.database.NiaDatabase/3.json
2026-02-02 05:13:25,775 - Knowledge - INFO - Fast-tracked /app/data/T0015/313297/b6440qg/NowINAndroid/core/database/schemas/com.google.samples.apps.nowinandroid.core.database.NiaDatabase/3.json (ext=.json, size=11609)
2026-02-02 05:13:25,874 - Knowledge - INFO - process ingested knowledge for /app/data/T0015/313297/b6440qg/NowINAndroid/core/database/src/main/kotlin/com/google/samples/apps/nowinandroid/core/database/NiaDatabase.kt
2026-02-02 05:13:25,876 - Knowledge - INFO - Async storing batch of 6 embeddings
2026-02-02 05:13:25,946 - Knowledge - INFO - Worker kw8 processing /app/data/T0015/313297/b6440qg/NowINAndroid/core/database/schemas/com.google.samples.apps.nowinandroid.core.database.NiaDatabase/12.json
2026-02-02 05:13:26,144 - Knowledge - INFO - Worker kw12 processing /app/data/T0015/313297/b6440qg/NowINAndroid/core/database/schemas/com.google.samples.apps.nowinandroid.core.database.NiaDatabase/7.json
2026-02-02 05:13:26,270 - Knowledge - INFO - Fast-tracked /app/data/T0015/313297/b6440qg/NowINAndroid/core/database/schemas/com.google.samples.apps.nowinandroid.core.database.NiaDatabase/12.json (ext=.json, size=5873)
2026-02-02 05:13:26,333 - Knowledge - INFO - Fast-tracked /app/data/T0015/313297/b6440qg/NowINAndroid/core/database/schemas/com.google.samples.apps.nowinandroid.core.database.NiaDatabase/7.json (ext=.json, size=13562)
2026-02-02 05:13:26,432 - Knowledge - INFO - Async storage completed for 6 embeddings
2026-02-02 05:13:26,534 - Knowledge - INFO - Worker kw12 processing /app/data/T0015/313297/b6440qg/NowINAndroid/core/database/build.gradle.kts
2026-02-02 05:13:26,817 - Knowledge - INFO - Fast-tracked /app/data/T0015/313297/b6440qg/NowINAndroid/core/database/build.gradle.kts (ext=.kts, size=1179)
2026-02-02 05:13:27,004 - Knowledge - INFO - Worker kw12 processing /app/data/T0015/313297/b6440qg/NowINAndroid/core/database/README.md
2026-02-02 05:13:27,215 - Knowledge - INFO - Fast-tracked /app/data/T0015/313297/b6440qg/NowINAndroid/core/database/README.md (ext=.md, size=1544)
2026-02-02 05:13:27,359 - Knowledge - INFO - Worker kw12 processing /app/data/T0015/313297/b6440qg/NowINAndroid/core/datastore/src/test/kotlin/com/google/samples/apps/nowinandroid/core/datastore/UserPreferencesSerializerTest.kt
2026-02-02 05:13:27,616 - Knowledge - INFO - process ingested knowledge for /app/data/T0015/313297/b6440qg/NowINAndroid/core/database/src/main/AndroidManifest.xml
2026-02-02 05:13:27,617 - Knowledge - INFO - Async storing batch of 6 embeddings
2026-02-02 05:13:27,924 - Knowledge - INFO - Worker kw10 processing /app/data/T0015/313297/b6440qg/NowINAndroid/core/datastore/src/test/kotlin/com/google/samples/apps/nowinandroid/core/datastore/IntToStringIdsMigrationTest.kt
2026-02-02 05:13:28,024 - Knowledge - INFO - Fast-tracked /app/data/T0015/313297/b6440qg/NowINAndroid/core/datastore/src/test/kotlin/com/google/samples/apps/nowinandroid/core/datastore/UserPreferencesSerializerTest.kt (ext=.kt, size=2064)
2026-02-02 05:13:28,157 - Knowledge - INFO - Fast-tracked /app/data/T0015/313297/b6440qg/NowINAndroid/core/datastore/src/test/kotlin/com/google/samples/apps/nowinandroid/core/datastore/IntToStringIdsMigrationTest.kt (ext=.kt, size=3099)
2026-02-02 05:13:28,265 - Knowledge - INFO - Worker kw12 processing /app/data/T0015/313297/b6440qg/NowINAndroid/core/datastore/src/test/kotlin/com/google/samples/apps/nowinandroid/core/datastore/ListToMapMigrationTest.kt
2026-02-02 05:13:28,348 - Knowledge - INFO - Worker kw10 processing /app/data/T0015/313297/b6440qg/NowINAndroid/core/datastore/src/test/kotlin/com/google/samples/apps/nowinandroid/core/datastore/NiaPreferencesDataSourceTest.kt
2026-02-02 05:13:28,486 - Knowledge - INFO - Fast-tracked /app/data/T0015/313297/b6440qg/NowINAndroid/core/datastore/src/test/kotlin/com/google/samples/apps/nowinandroid/core/datastore/ListToMapMigrationTest.kt (ext=.kt, size=3828)
2026-02-02 05:13:28,626 - Knowledge - INFO - Fast-tracked /app/data/T0015/313297/b6440qg/NowINAndroid/core/datastore/src/test/kotlin/com/google/samples/apps/nowinandroid/core/datastore/NiaPreferencesDataSourceTest.kt (ext=.kt, size=3120)
2026-02-02 05:13:28,687 - Knowledge - INFO - Async storage completed for 6 embeddings
2026-02-02 05:13:28,807 - Knowledge - INFO - Worker kw10 processing /app/data/T0015/313297/b6440qg/NowINAndroid/core/datastore/src/main/kotlin/com/google/samples/apps/nowinandroid/core/datastore/UserPreferencesSerializer.kt
2026-02-02 05:13:28,962 - Knowledge - INFO - process ingested knowledge for /app/data/T0015/313297/b6440qg/NowINAndroid/core/database/src/main/kotlin/com/google/samples/apps/nowinandroid/core/database/model/RecentSearchQueryEntity.kt
2026-02-02 05:13:29,277 - Knowledge - INFO - Fast-tracked /app/data/T0015/313297/b6440qg/NowINAndroid/core/datastore/src/main/kotlin/com/google/samples/apps/nowinandroid/core/datastore/UserPreferencesSerializer.kt (ext=.kt, size=1707)
2026-02-02 05:13:29,438 - Knowledge - INFO - Worker kw10 processing /app/data/T0015/313297/b6440qg/NowINAndroid/core/datastore/src/main/kotlin/com/google/samples/apps/nowinandroid/core/datastore/ChangeListVersions.kt
2026-02-02 05:13:29,689 - Knowledge - INFO - Fast-tracked /app/data/T0015/313297/b6440qg/NowINAndroid/core/datastore/src/main/kotlin/com/google/samples/apps/nowinandroid/core/datastore/ChangeListVersions.kt (ext=.kt, size=852)
2026-02-02 05:13:29,873 - Knowledge - INFO - Worker kw10 processing /app/data/T0015/313297/b6440qg/NowINAndroid/core/datastore/src/main/kotlin/com/google/samples/apps/nowinandroid/core/datastore/ListToMapMigration.kt
2026-02-02 05:13:30,115 - Knowledge - INFO - Fast-tracked /app/data/T0015/313297/b6440qg/NowINAndroid/core/datastore/src/main/kotlin/com/google/samples/apps/nowinandroid/core/datastore/ListToMapMigration.kt (small file (2036 bytes))
2026-02-02 05:13:30,310 - Knowledge - INFO - Async storage completed for 6 embeddings
2026-02-02 05:13:33,803 - Knowledge - INFO - process ingested knowledge for /app/data/T0015/313297/b6440qg/NowINAndroid/core/model/src/main/kotlin/com/google/samples/apps/nowinandroid/core/model/data/DarkThemeConfig.kt
2026-02-02 05:13:33,804 - Knowledge - INFO - process ingested knowledge for /app/data/T0015/313297/b6440qg/NowINAndroid/core/database/schemas/com.google.samples.apps.nowinandroid.core.database.NiaDatabase/8.json
2026-02-02 05:13:34,982 - Knowledge - INFO - process ingested knowledge for /app/data/T0015/313297/b6440qg/NowINAndroid/core/database/src/main/kotlin/com/google/samples/apps/nowinandroid/core/database/model/NewsResourceTopicCrossRef.kt
2026-02-02 05:13:37,515 - Knowledge - INFO - process ingested knowledge for /app/data/T0015/313297/b6440qg/NowINAndroid/core/database/src/main/kotlin/com/google/samples/apps/nowinandroid/core/database/model/NewsResourceEntity.kt
2026-02-02 05:13:43,161 - Knowledge - INFO - [WEBSOCKET] Sent: Type=progress_update, Size: 292, Duration: 0ms
2026-02-02 05:13:43,333 - Knowledge - INFO - Processing batch of 5 files
2026-02-02 05:13:43,335 - Knowledge - INFO - [WEBSOCKET] Sent: Type=unknown, Size: ?, Duration: 174ms
2026-02-02 05:13:43,530 - Knowledge - INFO - process ingested knowledge for /app/data/T0015/313297/b6440qg/NowINAndroid/core/database/schemas/com.google.samples.apps.nowinandroid.core.database.NiaDatabase/7.json
2026-02-02 05:13:43,639 - Knowledge - INFO - Progress: 69.8% | Files: 342/484 | Rate: 0.75 files/sec | Queue: 131
2026-02-02 05:13:44,852 - Knowledge - INFO - process ingested knowledge for /app/data/T0015/313297/b6440qg/NowINAndroid/core/database/src/main/kotlin/com/google/samples/apps/nowinandroid/core/database/model/NewsResourceFtsEntity.kt
2026-02-02 05:13:46,630 - Knowledge - INFO - process ingested knowledge for /app/data/T0015/313297/b6440qg/NowINAndroid/core/database/src/main/kotlin/com/google/samples/apps/nowinandroid/core/database/di/DatabaseModule.kt
2026-02-02 05:13:48,822 - Knowledge - INFO - [kw14] Queue=131, InProgress=0, PendingWorkers=20/20, Completed=345/484 (71.3%)
2026-02-02 05:13:48,823 - Knowledge - INFO - process ingested knowledge for /app/data/T0015/313297/b6440qg/NowINAndroid/core/database/schemas/com.google.samples.apps.nowinandroid.core.database.NiaDatabase/4.json
2026-02-02 05:13:48,824 - Knowledge - INFO - Async storing batch of 6 embeddings
2026-02-02 05:13:48,825 - Knowledge - INFO - process ingested knowledge for /app/data/T0015/313297/b6440qg/NowINAndroid/core/database/build.gradle.kts
2026-02-02 05:13:48,825 - Knowledge - INFO - process ingested knowledge for /app/data/T0015/313297/b6440qg/NowINAndroid/core/database/src/main/kotlin/com/google/samples/apps/nowinandroid/core/database/model/TopicFtsEntity.kt
2026-02-02 05:13:48,965 - Knowledge - INFO - Batch sizing: calculated=5, max_allowed=10, queue=131, active_workers=20/20
2026-02-02 05:13:49,211 - Knowledge - INFO - Worker kw11 processing /app/data/T0015/313297/b6440qg/NowINAndroid/core/datastore/src/main/kotlin/com/google/samples/apps/nowinandroid/core/datastore/IntToStringIdsMigration.kt
2026-02-02 05:13:49,549 - Knowledge - INFO - Fast-tracked /app/data/T0015/313297/b6440qg/NowINAndroid/core/datastore/src/main/kotlin/com/google/samples/apps/nowinandroid/core/datastore/IntToStringIdsMigration.kt (ext=.kt, size=1799)
2026-02-02 05:13:49,730 - Knowledge - INFO - Worker kw11 processing /app/data/T0015/313297/b6440qg/NowINAndroid/core/datastore/src/main/kotlin/com/google/samples/apps/nowinandroid/core/datastore/NiaPreferencesDataSource.kt
2026-02-02 05:13:50,031 - Knowledge - INFO - Worker kw11 processing /app/data/T0015/313297/b6440qg/NowINAndroid/core/datastore/src/main/kotlin/com/google/samples/apps/nowinandroid/core/datastore/di/DataStoreModule.kt
2026-02-02 05:13:50,299 - Knowledge - INFO - Worker kw11 processing /app/data/T0015/313297/b6440qg/NowINAndroid/core/datastore/src/main/AndroidManifest.xml
2026-02-02 05:13:50,484 - Knowledge - INFO - Fast-tracked /app/data/T0015/313297/b6440qg/NowINAndroid/core/datastore/src/main/AndroidManifest.xml (ext=.xml, size=683)
2026-02-02 05:13:50,689 - Knowledge - INFO - Worker kw11 processing /app/data/T0015/313297/b6440qg/NowINAndroid/core/datastore/consumer-proguard-rules.pro
2026-02-02 05:13:50,966 - Knowledge - INFO - Fast-tracked /app/data/T0015/313297/b6440qg/NowINAndroid/core/datastore/consumer-proguard-rules.pro (ext=.pro, size=116)
2026-02-02 05:13:52,125 - Knowledge - INFO - process ingested knowledge for /app/data/T0015/313297/b6440qg/NowINAndroid/core/database/src/main/kotlin/com/google/samples/apps/nowinandroid/core/database/di/DaosModule.kt
2026-02-02 05:13:52,250 - Knowledge - INFO - Fast-tracked /app/data/T0015/313297/b6440qg/NowINAndroid/core/datastore/src/main/kotlin/com/google/samples/apps/nowinandroid/core/datastore/di/DataStoreModule.kt (small file (2335 bytes))
2026-02-02 05:13:52,421 - Knowledge - INFO - Async storage completed for 6 embeddings
2026-02-02 05:13:53,419 - Knowledge - INFO - [kw16] Queue=126, InProgress=0, PendingWorkers=20/20, Completed=346/484 (71.5%)
2026-02-02 05:13:53,420 - Knowledge - INFO - [kw17] Queue=126, InProgress=0, PendingWorkers=20/20, Completed=346/484 (71.5%)
2026-02-02 05:13:53,421 - Knowledge - INFO - [kw3] Queue=126, InProgress=0, PendingWorkers=20/20, Completed=346/484 (71.5%)
2026-02-02 05:13:53,422 - Knowledge - INFO - [kw15] Queue=126, InProgress=0, PendingWorkers=20/20, Completed=346/484 (71.5%)
2026-02-02 05:13:53,429 - Knowledge - INFO - Processing batch of 5 files
2026-02-02 05:13:53,594 - Knowledge - INFO - Batch sizing: calculated=5, max_allowed=10, queue=126, active_workers=20/20
2026-02-02 05:13:53,694 - Knowledge - INFO - Batch sizing: calculated=5, max_allowed=10, queue=126, active_workers=20/20
2026-02-02 05:13:53,775 - Knowledge - INFO - Batch sizing: calculated=5, max_allowed=10, queue=126, active_workers=20/20
2026-02-02 05:13:53,862 - Knowledge - INFO - Batch sizing: calculated=5, max_allowed=10, queue=126, active_workers=20/20
2026-02-02 05:13:53,999 - Knowledge - INFO - process ingested knowledge for /app/data/T0015/313297/b6440qg/NowINAndroid/core/database/schemas/com.google.samples.apps.nowinandroid.core.database.NiaDatabase/11.json
2026-02-02 05:13:55,100 - Knowledge - INFO - process ingested knowledge for /app/data/T0015/313297/b6440qg/NowINAndroid/core/database/README.md
2026-02-02 05:13:55,104 - Knowledge - INFO - Async storing batch of 6 embeddings
2026-02-02 05:13:55,104 - Knowledge - INFO - Processing batch of 5 files
2026-02-02 05:13:55,377 - Knowledge - INFO - Worker kw14 processing /app/data/T0015/313297/b6440qg/NowINAndroid/core/datastore/build.gradle.kts
2026-02-02 05:13:55,483 - Knowledge - INFO - process ingested knowledge for /app/data/T0015/313297/b6440qg/NowINAndroid/core/datastore/src/test/kotlin/com/google/samples/apps/nowinandroid/core/datastore/IntToStringIdsMigrationTest.kt
2026-02-02 05:13:55,687 - Knowledge - INFO - Fast-tracked /app/data/T0015/313297/b6440qg/NowINAndroid/core/datastore/build.gradle.kts (ext=.kts, size=1220)
2026-02-02 05:13:55,878 - Knowledge - INFO - Worker kw14 processing /app/data/T0015/313297/b6440qg/NowINAndroid/core/datastore/README.md
2026-02-02 05:13:56,070 - Knowledge - INFO - Fast-tracked /app/data/T0015/313297/b6440qg/NowINAndroid/core/datastore/README.md (ext=.md, size=1728)
2026-02-02 05:13:56,267 - Knowledge - INFO - Worker kw14 processing /app/data/T0015/313297/b6440qg/NowINAndroid/core/data-test/src/main/kotlin/com/google/samples/apps/nowinandroid/core/data/test/repository/FakeSearchContentsRepository.kt
2026-02-02 05:13:56,955 - Knowledge - INFO - Fast-tracked /app/data/T0015/313297/b6440qg/NowINAndroid/core/data-test/src/main/kotlin/com/google/samples/apps/nowinandroid/core/data/test/repository/FakeSearchContentsRepository.kt (ext=.kt, size=1316)
2026-02-02 05:13:57,141 - Knowledge - INFO - Worker kw14 processing /app/data/T0015/313297/b6440qg/NowINAndroid/core/data-test/src/main/kotlin/com/google/samples/apps/nowinandroid/core/data/test/repository/FakeTopicsRepository.kt
2026-02-02 05:13:57,328 - Knowledge - INFO - Fast-tracked /app/data/T0015/313297/b6440qg/NowINAndroid/core/data-test/src/main/kotlin/com/google/samples/apps/nowinandroid/core/data/test/repository/FakeTopicsRepository.kt (ext=.kt, size=2512)
2026-02-02 05:13:57,534 - Knowledge - INFO - Worker kw14 processing /app/data/T0015/313297/b6440qg/NowINAndroid/core/data-test/src/main/kotlin/com/google/samples/apps/nowinandroid/core/data/test/repository/FakeNewsRepository.kt
2026-02-02 05:13:57,656 - Knowledge - INFO - process ingested knowledge for /app/data/T0015/313297/b6440qg/NowINAndroid/core/database/schemas/com.google.samples.apps.nowinandroid.core.database.NiaDatabase/13.json
2026-02-02 05:13:57,813 - Knowledge - INFO - Fast-tracked /app/data/T0015/313297/b6440qg/NowINAndroid/core/data-test/src/main/kotlin/com/google/samples/apps/nowinandroid/core/data/test/repository/FakeNewsRepository.kt (ext=.kt, size=3107)
2026-02-02 05:13:58,006 - Knowledge - INFO - Async storage completed for 6 embeddings
2026-02-02 05:13:58,435 - Knowledge - INFO - [LLM_CALL] Completed: NiaPreferencesDataSource.kt:chunk1, Duration: 7272ms, PromptTokens: 3690, CompletionTokens: 771, Cost: $0.00068
2026-02-02 05:13:58,633 - Knowledge - INFO - done ingest for /app/data/T0015/313297/b6440qg/NowINAndroid/core/datastore/src/main/kotlin/com/google/samples/apps/nowinandroid/core/datastore/NiaPreferencesDataSource.kt
2026-02-02 05:13:59,112 - Knowledge - INFO - Async storing batch of 5 embeddings
2026-02-02 05:13:59,114 - Knowledge - INFO - Async storing batch of 6 embeddings
2026-02-02 05:13:59,114 - Knowledge - INFO - process ingested knowledge for /app/data/T0015/313297/b6440qg/NowINAndroid/core/database/schemas/com.google.samples.apps.nowinandroid.core.database.NiaDatabase/2.json
2026-02-02 05:13:59,115 - Knowledge - INFO - Async storing batch of 6 embeddings
2026-02-02 05:13:59,115 - Knowledge - INFO - process ingested knowledge for /app/data/T0015/313297/b6440qg/NowINAndroid/core/datastore/src/test/kotlin/com/google/samples/apps/nowinandroid/core/datastore/UserPreferencesSerializerTest.kt
2026-02-02 05:13:59,116 - Knowledge - INFO - process ingested knowledge for /app/data/T0015/313297/b6440qg/NowINAndroid/core/datastore/src/test/kotlin/com/google/samples/apps/nowinandroid/core/datastore/NiaPreferencesDataSourceTest.kt
2026-02-02 05:13:59,335 - Knowledge - INFO - Worker kw17 processing /app/data/T0015/313297/b6440qg/NowINAndroid/core/data-test/src/main/kotlin/com/google/samples/apps/nowinandroid/core/data/test/repository/FakeUserDataRepository.kt
2026-02-02 05:13:59,433 - Knowledge - INFO - Worker kw15 processing /app/data/T0015/313297/b6440qg/NowINAndroid/core/designsystem/src/test/kotlin/com/google/samples/apps/nowinandroid/core/designsystem/TabsScreenshotTests.kt
2026-02-02 05:13:59,604 - Knowledge - INFO - Worker kw3 processing /app/data/T0015/313297/b6440qg/NowINAndroid/core/data-test/src/main/AndroidManifest.xml
2026-02-02 05:13:59,857 - Knowledge - INFO - Fast-tracked /app/data/T0015/313297/b6440qg/NowINAndroid/core/data-test/src/main/kotlin/com/google/samples/apps/nowinandroid/core/data/test/repository/FakeUserDataRepository.kt (ext=.kt, size=2875)
2026-02-02 05:14:00,083 - Knowledge - INFO - Fast-tracked /app/data/T0015/313297/b6440qg/NowINAndroid/core/data-test/src/main/AndroidManifest.xml (ext=.xml, size=684)
2026-02-02 05:14:00,115 - Knowledge - INFO - Worker kw17 processing /app/data/T0015/313297/b6440qg/NowINAndroid/core/data-test/src/main/kotlin/com/google/samples/apps/nowinandroid/core/data/test/repository/FakeRecentSearchRepository.kt
2026-02-02 05:14:00,260 - Knowledge - INFO - Worker kw3 processing /app/data/T0015/313297/b6440qg/NowINAndroid/core/data-test/build.gradle.kts
2026-02-02 05:14:00,419 - Knowledge - INFO - Fast-tracked /app/data/T0015/313297/b6440qg/NowINAndroid/core/data-test/src/main/kotlin/com/google/samples/apps/nowinandroid/core/data/test/repository/FakeRecentSearchRepository.kt (ext=.kt, size=1363)
2026-02-02 05:14:00,543 - Knowledge - INFO - Fast-tracked /app/data/T0015/313297/b6440qg/NowINAndroid/core/data-test/build.gradle.kts (ext=.kts, size=899)
2026-02-02 05:14:00,556 - Knowledge - INFO - Async storing batch of 5 embeddings
2026-02-02 05:14:00,569 - Knowledge - INFO - Worker kw17 processing /app/data/T0015/313297/b6440qg/NowINAndroid/core/data-test/src/main/kotlin/com/google/samples/apps/nowinandroid/core/data/test/DefaultZoneIdTimeZoneMonitor.kt
2026-02-02 05:14:00,646 - Knowledge - INFO - Fast-tracked /app/data/T0015/313297/b6440qg/NowINAndroid/core/designsystem/src/test/kotlin/com/google/samples/apps/nowinandroid/core/designsystem/TabsScreenshotTests.kt (ext=.kt, size=3531)
2026-02-02 05:14:00,734 - Knowledge - INFO - Worker kw3 processing /app/data/T0015/313297/b6440qg/NowINAndroid/core/data-test/README.md
2026-02-02 05:14:00,828 - Knowledge - INFO - Worker kw16 processing /app/data/T0015/313297/b6440qg/NowINAndroid/core/designsystem/src/test/kotlin/com/google/samples/apps/nowinandroid/core/designsystem/LoadingWheelScreenshotTests.kt
2026-02-02 05:14:00,974 - Knowledge - INFO - Fast-tracked /app/data/T0015/313297/b6440qg/NowINAndroid/core/data-test/src/main/kotlin/com/google/samples/apps/nowinandroid/core/data/test/DefaultZoneIdTimeZoneMonitor.kt (ext=.kt, size=1055)
2026-02-02 05:14:01,023 - Knowledge - INFO - Worker kw15 processing /app/data/T0015/313297/b6440qg/NowINAndroid/core/designsystem/src/test/kotlin/com/google/samples/apps/nowinandroid/core/designsystem/ButtonScreenshotTests.kt
2026-02-02 05:14:01,129 - Knowledge - INFO - Fast-tracked /app/data/T0015/313297/b6440qg/NowINAndroid/core/data-test/README.md (ext=.md, size=2421)
2026-02-02 05:14:01,291 - Knowledge - INFO - Worker kw17 processing /app/data/T0015/313297/b6440qg/NowINAndroid/core/data-test/src/main/kotlin/com/google/samples/apps/nowinandroid/core/data/test/AlwaysOnlineNetworkMonitor.kt
2026-02-02 05:14:01,359 - Knowledge - INFO - Fast-tracked /app/data/T0015/313297/b6440qg/NowINAndroid/core/designsystem/src/test/kotlin/com/google/samples/apps/nowinandroid/core/designsystem/LoadingWheelScreenshotTests.kt (ext=.kt, size=3165)
2026-02-02 05:14:01,507 - Knowledge - INFO - Worker kw3 processing /app/data/T0015/313297/b6440qg/NowINAndroid/core/designsystem/src/test/kotlin/com/google/samples/apps/nowinandroid/core/designsystem/ThemeTest.kt
2026-02-02 05:14:01,548 - Knowledge - INFO - Fast-tracked /app/data/T0015/313297/b6440qg/NowINAndroid/core/designsystem/src/test/kotlin/com/google/samples/apps/nowinandroid/core/designsystem/ButtonScreenshotTests.kt (ext=.kt, size=2943)
2026-02-02 05:14:01,629 - Knowledge - INFO - Fast-tracked /app/data/T0015/313297/b6440qg/NowINAndroid/core/data-test/src/main/kotlin/com/google/samples/apps/nowinandroid/core/data/test/AlwaysOnlineNetworkMonitor.kt (ext=.kt, size=986)
2026-02-02 05:14:01,698 - Knowledge - INFO - Worker kw16 processing /app/data/T0015/313297/b6440qg/NowINAndroid/core/designsystem/src/test/kotlin/com/google/samples/apps/nowinandroid/core/designsystem/IconButtonScreenshotTests.kt
2026-02-02 05:14:01,873 - Knowledge - INFO - Fast-tracked /app/data/T0015/313297/b6440qg/NowINAndroid/core/designsystem/src/test/kotlin/com/google/samples/apps/nowinandroid/core/designsystem/ThemeTest.kt (ext=.kt, size=13932)
2026-02-02 05:14:01,908 - Knowledge - INFO - Worker kw15 processing /app/data/T0015/313297/b6440qg/NowINAndroid/core/designsystem/src/test/kotlin/com/google/samples/apps/nowinandroid/core/designsystem/TagScreenshotTests.kt
2026-02-02 05:14:01,984 - Knowledge - INFO - Worker kw17 processing /app/data/T0015/313297/b6440qg/NowINAndroid/core/data-test/src/main/kotlin/com/google/samples/apps/nowinandroid/core/data/test/TestDataModule.kt
2026-02-02 05:14:02,144 - Knowledge - INFO - Fast-tracked /app/data/T0015/313297/b6440qg/NowINAndroid/core/designsystem/src/test/kotlin/com/google/samples/apps/nowinandroid/core/designsystem/IconButtonScreenshotTests.kt (ext=.kt, size=2729)
2026-02-02 05:14:02,174 - Knowledge - INFO - Worker kw3 processing /app/data/T0015/313297/b6440qg/NowINAndroid/core/designsystem/src/test/kotlin/com/google/samples/apps/nowinandroid/core/designsystem/FilterChipScreenshotTests.kt
2026-02-02 05:14:02,292 - Knowledge - INFO - Fast-tracked /app/data/T0015/313297/b6440qg/NowINAndroid/core/designsystem/src/test/kotlin/com/google/samples/apps/nowinandroid/core/designsystem/TagScreenshotTests.kt (ext=.kt, size=3051)
2026-02-02 05:14:02,419 - Knowledge - INFO - Worker kw16 processing /app/data/T0015/313297/b6440qg/NowINAndroid/core/designsystem/src/test/kotlin/com/google/samples/apps/nowinandroid/core/designsystem/TopAppBarScreenshotTests.kt
2026-02-02 05:14:02,429 - Knowledge - INFO - Fast-tracked /app/data/T0015/313297/b6440qg/NowINAndroid/core/data-test/src/main/kotlin/com/google/samples/apps/nowinandroid/core/data/test/TestDataModule.kt (ext=.kt, size=2905)
2026-02-02 05:14:02,563 - Knowledge - INFO - Fast-tracked /app/data/T0015/313297/b6440qg/NowINAndroid/core/designsystem/src/test/kotlin/com/google/samples/apps/nowinandroid/core/designsystem/FilterChipScreenshotTests.kt (ext=.kt, size=3928)
2026-02-02 05:14:02,610 - Knowledge - INFO - Worker kw15 processing /app/data/T0015/313297/b6440qg/NowINAndroid/core/designsystem/src/test/kotlin/com/google/samples/apps/nowinandroid/core/designsystem/BackgroundScreenshotTests.kt
2026-02-02 05:14:02,724 - Knowledge - INFO - Fast-tracked /app/data/T0015/313297/b6440qg/NowINAndroid/core/designsystem/src/test/kotlin/com/google/samples/apps/nowinandroid/core/designsystem/TopAppBarScreenshotTests.kt (ext=.kt, size=3449)
2026-02-02 05:14:02,810 - Knowledge - INFO - Async storage completed for 5 embeddings
2026-02-02 05:14:02,928 - Knowledge - INFO - Async storage completed for 6 embeddings
2026-02-02 05:14:03,046 - Knowledge - INFO - Fast-tracked /app/data/T0015/313297/b6440qg/NowINAndroid/core/designsystem/src/test/kotlin/com/google/samples/apps/nowinandroid/core/designsystem/BackgroundScreenshotTests.kt (ext=.kt, size=2372)
2026-02-02 05:14:03,125 - Knowledge - INFO - Worker kw16 processing /app/data/T0015/313297/b6440qg/NowINAndroid/core/designsystem/src/main/res/drawable/core_designsystem_ic_placeholder_default.xml
2026-02-02 05:14:03,406 - Knowledge - INFO - Worker kw15 processing /app/data/T0015/313297/b6440qg/NowINAndroid/core/designsystem/src/test/kotlin/com/google/samples/apps/nowinandroid/core/designsystem/NavigationScreenshotTests.kt
2026-02-02 05:14:03,665 - Knowledge - INFO - Fast-tracked /app/data/T0015/313297/b6440qg/NowINAndroid/core/designsystem/src/test/kotlin/com/google/samples/apps/nowinandroid/core/designsystem/NavigationScreenshotTests.kt (ext=.kt, size=4115)
2026-02-02 05:14:03,871 - Knowledge - INFO - Async storage completed for 6 embeddings
2026-02-02 05:14:04,030 - Knowledge - INFO - Fast-tracked /app/data/T0015/313297/b6440qg/NowINAndroid/core/designsystem/src/main/res/drawable/core_designsystem_ic_placeholder_default.xml (ext=.xml, size=3515)
2026-02-02 05:14:04,174 - Knowledge - INFO - Worker kw16 processing /app/data/T0015/313297/b6440qg/NowINAndroid/core/designsystem/src/main/kotlin/com/google/samples/apps/nowinandroid/core/designsystem/icon/NiaIcons.kt
2026-02-02 05:14:04,992 - Knowledge - INFO - Fast-tracked /app/data/T0015/313297/b6440qg/NowINAndroid/core/designsystem/src/main/kotlin/com/google/samples/apps/nowinandroid/core/designsystem/icon/NiaIcons.kt (small file (2627 bytes))
2026-02-02 05:14:05,217 - Knowledge - INFO - Async storage completed for 5 embeddings
2026-02-02 05:14:08,782 - Knowledge - INFO - [WEBSOCKET] Sent: Type=progress_update, Size: 292, Duration: 0ms
2026-02-02 05:14:08,786 - Knowledge - INFO - [kw9] Queue=101, InProgress=0, PendingWorkers=20/20, Completed=353/484 (72.9%)
2026-02-02 05:14:08,787 - Knowledge - INFO - process ingested knowledge for /app/data/T0015/313297/b6440qg/NowINAndroid/core/database/schemas/com.google.samples.apps.nowinandroid.core.database.NiaDatabase/6.json
2026-02-02 05:14:08,942 - Knowledge - INFO - [WEBSOCKET] Sent: Type=unknown, Size: ?, Duration: 160ms
2026-02-02 05:14:09,046 - Knowledge - INFO - Batch sizing: calculated=5, max_allowed=10, queue=101, active_workers=20/20
2026-02-02 05:14:09,212 - Knowledge - INFO - Progress: 72.9% | Files: 353/484 | Rate: 0.71 files/sec | Queue: 101
2026-02-02 05:14:15,509 - Knowledge - INFO - process ingested knowledge for /app/data/T0015/313297/b6440qg/NowINAndroid/core/datastore/src/test/kotlin/com/google/samples/apps/nowinandroid/core/datastore/ListToMapMigrationTest.kt
2026-02-02 05:14:15,513 - Knowledge - INFO - process ingested knowledge for /app/data/T0015/313297/b6440qg/NowINAndroid/core/database/schemas/com.google.samples.apps.nowinandroid.core.database.NiaDatabase/9.json
2026-02-02 05:14:15,514 - Knowledge - INFO - Async storing batch of 5 embeddings
2026-02-02 05:14:15,867 - Knowledge - INFO - Worker kw9 processing /app/data/T0015/313297/b6440qg/NowINAndroid/core/designsystem/src/main/kotlin/com/google/samples/apps/nowinandroid/core/designsystem/theme/Theme.kt
2026-02-02 05:14:16,115 - Knowledge - INFO - Worker kw9 processing /app/data/T0015/313297/b6440qg/NowINAndroid/core/designsystem/src/main/kotlin/com/google/samples/apps/nowinandroid/core/designsystem/theme/Color.kt
2026-02-02 05:14:16,394 - Knowledge - INFO - Worker kw9 processing /app/data/T0015/313297/b6440qg/NowINAndroid/core/designsystem/src/main/kotlin/com/google/samples/apps/nowinandroid/core/designsystem/theme/Tint.kt
2026-02-02 05:14:16,600 - Knowledge - INFO - Fast-tracked /app/data/T0015/313297/b6440qg/NowINAndroid/core/designsystem/src/main/kotlin/com/google/samples/apps/nowinandroid/core/designsystem/theme/Tint.kt (ext=.kt, size=1112)
2026-02-02 05:14:16,776 - Knowledge - INFO - Worker kw9 processing /app/data/T0015/313297/b6440qg/NowINAndroid/core/designsystem/src/main/kotlin/com/google/samples/apps/nowinandroid/core/designsystem/theme/Background.kt
2026-02-02 05:14:16,989 - Knowledge - INFO - Fast-tracked /app/data/T0015/313297/b6440qg/NowINAndroid/core/designsystem/src/main/kotlin/com/google/samples/apps/nowinandroid/core/designsystem/theme/Background.kt (ext=.kt, size=1213)
2026-02-02 05:14:17,182 - Knowledge - INFO - Worker kw9 processing /app/data/T0015/313297/b6440qg/NowINAndroid/core/designsystem/src/main/kotlin/com/google/samples/apps/nowinandroid/core/designsystem/theme/Gradient.kt
2026-02-02 05:14:17,454 - Knowledge - INFO - Fast-tracked /app/data/T0015/313297/b6440qg/NowINAndroid/core/designsystem/src/main/kotlin/com/google/samples/apps/nowinandroid/core/designsystem/theme/Gradient.kt (ext=.kt, size=1400)
2026-02-02 05:14:19,632 - Knowledge - INFO - Async storage completed for 5 embeddings
2026-02-02 05:14:21,972 - Knowledge - INFO - process ingested knowledge for /app/data/T0015/313297/b6440qg/NowINAndroid/core/datastore/src/main/kotlin/com/google/samples/apps/nowinandroid/core/datastore/UserPreferencesSerializer.kt
2026-02-02 05:14:21,974 - Knowledge - INFO - [WEBSOCKET] Sent: Type=progress_update, Size: 292, Duration: 0ms
2026-02-02 05:14:21,974 - Knowledge - INFO - process ingested knowledge for /app/data/T0015/313297/b6440qg/NowINAndroid/core/database/schemas/com.google.samples.apps.nowinandroid.core.database.NiaDatabase/1.json
2026-02-02 05:14:22,262 - Knowledge - INFO - Processing batch of 5 files
2026-02-02 05:14:22,267 - Knowledge - INFO - Processing batch of 5 files
2026-02-02 05:14:22,267 - Knowledge - INFO - [WEBSOCKET] Sent: Type=unknown, Size: ?, Duration: 294ms
2026-02-02 05:14:22,538 - Knowledge - INFO - process ingested knowledge for /app/data/T0015/313297/b6440qg/NowINAndroid/core/data-test/src/main/kotlin/com/google/samples/apps/nowinandroid/core/data/test/repository/FakeUserDataRepository.kt
2026-02-02 05:14:22,656 - Knowledge - INFO - process ingested knowledge for /app/data/T0015/313297/b6440qg/NowINAndroid/core/database/schemas/com.google.samples.apps.nowinandroid.core.database.NiaDatabase/10.json
2026-02-02 05:14:22,744 - Knowledge - INFO - Progress: 76.4% | Files: 376/484 | Rate: 0.73 files/sec | Queue: 96
2026-02-02 05:14:24,042 - Knowledge - INFO - [LLM_CALL] Completed: Color.kt:chunk1, Duration: 5342ms, PromptTokens: 2998, CompletionTokens: 475, Cost: $0.00049
2026-02-02 05:14:24,221 - Knowledge - INFO - done ingest for /app/data/T0015/313297/b6440qg/NowINAndroid/core/designsystem/src/main/kotlin/com/google/samples/apps/nowinandroid/core/designsystem/theme/Color.kt
2026-02-02 05:14:24,676 - Knowledge - INFO - [LLM_CALL] Completed: Theme.kt:chunk1, Duration: 7002ms, PromptTokens: 4410, CompletionTokens: 572, Cost: $0.00067
2026-02-02 05:14:24,842 - Knowledge - INFO - done ingest for /app/data/T0015/313297/b6440qg/NowINAndroid/core/designsystem/src/main/kotlin/com/google/samples/apps/nowinandroid/core/designsystem/theme/Theme.kt
2026-02-02 05:14:26,168 - Knowledge - INFO - Processing batch of 5 files
2026-02-02 05:14:26,172 - Knowledge - INFO - [kw7] Queue=96, InProgress=0, PendingWorkers=20/20, Completed=377/484 (77.9%)
2026-02-02 05:14:26,172 - Knowledge - INFO - Processing batch of 5 files
2026-02-02 05:14:26,172 - Knowledge - INFO - Processing batch of 5 files
2026-02-02 05:14:26,361 - Knowledge - INFO - process ingested knowledge for /app/data/T0015/313297/b6440qg/NowINAndroid/core/datastore/build.gradle.kts
2026-02-02 05:14:26,474 - Knowledge - INFO - Batch sizing: calculated=4, max_allowed=10, queue=96, active_workers=20/20
2026-02-02 05:14:26,552 - Knowledge - INFO - process ingested knowledge for /app/data/T0015/313297/b6440qg/NowINAndroid/core/datastore/src/main/kotlin/com/google/samples/apps/nowinandroid/core/datastore/IntToStringIdsMigration.kt
2026-02-02 05:14:26,637 - Knowledge - INFO - process ingested knowledge for /app/data/T0015/313297/b6440qg/NowINAndroid/core/data-test/src/main/AndroidManifest.xml
2026-02-02 05:14:27,401 - Knowledge - INFO - [kw1] Queue=96, InProgress=0, PendingWorkers=20/20, Completed=380/484 (78.5%)
2026-02-02 05:14:27,401 - Knowledge - INFO - Processing batch of 5 files
2026-02-02 05:14:27,401 - Knowledge - INFO - process ingested knowledge for /app/data/T0015/313297/b6440qg/NowINAndroid/core/datastore/src/main/kotlin/com/google/samples/apps/nowinandroid/core/datastore/ChangeListVersions.kt
2026-02-02 05:14:27,404 - Knowledge - INFO - process ingested knowledge for /app/data/T0015/313297/b6440qg/NowINAndroid/core/data-test/src/main/kotlin/com/google/samples/apps/nowinandroid/core/data/test/repository/FakeRecentSearchRepository.kt
2026-02-02 05:14:27,569 - Knowledge - INFO - Batch sizing: calculated=4, max_allowed=10, queue=96, active_workers=20/20
2026-02-02 05:14:27,679 - Knowledge - INFO - process ingested knowledge for /app/data/T0015/313297/b6440qg/NowINAndroid/core/designsystem/src/test/kotlin/com/google/samples/apps/nowinandroid/core/designsystem/LoadingWheelScreenshotTests.kt
2026-02-02 05:14:30,138 - Knowledge - INFO - Processing batch of 5 files
2026-02-02 05:14:30,303 - Knowledge - INFO - process ingested knowledge for /app/data/T0015/313297/b6440qg/NowINAndroid/core/designsystem/src/test/kotlin/com/google/samples/apps/nowinandroid/core/designsystem/TabsScreenshotTests.kt
2026-02-02 05:14:31,540 - Knowledge - INFO - process ingested knowledge for /app/data/T0015/313297/b6440qg/NowINAndroid/core/datastore/src/main/kotlin/com/google/samples/apps/nowinandroid/core/datastore/NiaPreferencesDataSource.kt
2026-02-02 05:14:31,542 - Knowledge - INFO - Async storing batch of 6 embeddings
2026-02-02 05:14:31,851 - Knowledge - INFO - Worker kw7 processing /app/data/T0015/313297/b6440qg/NowINAndroid/core/designsystem/src/main/kotlin/com/google/samples/apps/nowinandroid/core/designsystem/theme/Type.kt
2026-02-02 05:14:32,117 - Knowledge - INFO - Worker kw7 processing /app/data/T0015/313297/b6440qg/NowINAndroid/core/designsystem/src/main/kotlin/com/google/samples/apps/nowinandroid/core/designsystem/component/LoadingWheel.kt
2026-02-02 05:14:32,476 - Knowledge - INFO - process ingested knowledge for /app/data/T0015/313297/b6440qg/NowINAndroid/core/database/schemas/com.google.samples.apps.nowinandroid.core.database.NiaDatabase/14.json
2026-02-02 05:14:32,477 - Knowledge - INFO - [kw19] Queue=92, InProgress=0, PendingWorkers=20/20, Completed=385/484 (79.5%)
2026-02-02 05:14:32,477 - Knowledge - INFO - process ingested knowledge for /app/data/T0015/313297/b6440qg/NowINAndroid/core/datastore/src/main/kotlin/com/google/samples/apps/nowinandroid/core/datastore/ListToMapMigration.kt
2026-02-02 05:14:32,477 - Knowledge - INFO - process ingested knowledge for /app/data/T0015/313297/b6440qg/NowINAndroid/core/data-test/src/main/kotlin/com/google/samples/apps/nowinandroid/core/data/test/DefaultZoneIdTimeZoneMonitor.kt
2026-02-02 05:14:32,477 - Knowledge - INFO - process ingested knowledge for /app/data/T0015/313297/b6440qg/NowINAndroid/core/designsystem/src/test/kotlin/com/google/samples/apps/nowinandroid/core/designsystem/IconButtonScreenshotTests.kt
2026-02-02 05:14:32,477 - Knowledge - INFO - [WEBSOCKET] Sent: Type=progress_update, Size: 293, Duration: 0ms
2026-02-02 05:14:32,478 - Knowledge - INFO - process ingested knowledge for /app/data/T0015/313297/b6440qg/NowINAndroid/core/datastore/README.md
2026-02-02 05:14:32,525 - Knowledge - INFO - Worker kw7 processing /app/data/T0015/313297/b6440qg/NowINAndroid/core/designsystem/src/main/kotlin/com/google/samples/apps/nowinandroid/core/designsystem/component/scrollbar/ScrollbarExt.kt
2026-02-02 05:14:32,848 - Knowledge - INFO - Batch sizing: calculated=4, max_allowed=10, queue=92, active_workers=20/20
2026-02-02 05:14:33,239 - Knowledge - INFO - [WEBSOCKET] Sent: Type=unknown, Size: ?, Duration: 762ms
2026-02-02 05:14:33,578 - Knowledge - INFO - Worker kw7 processing /app/data/T0015/313297/b6440qg/NowINAndroid/core/designsystem/src/main/kotlin/com/google/samples/apps/nowinandroid/core/designsystem/component/scrollbar/ThumbExt.kt
2026-02-02 05:14:33,709 - Knowledge - INFO - Progress: 79.8% | Files: 386/484 | Rate: 0.73 files/sec | Queue: 92
2026-02-02 05:14:34,067 - Knowledge - INFO - process ingested knowledge for /app/data/T0015/313297/b6440qg/NowINAndroid/core/data-test/build.gradle.kts
2026-02-02 05:14:36,046 - Knowledge - INFO - Async storing batch of 5 embeddings
2026-02-02 05:14:36,046 - Knowledge - INFO - [kw13] Queue=88, InProgress=0, PendingWorkers=20/20, Completed=386/484 (79.8%)
2026-02-02 05:14:36,051 - Knowledge - INFO - process ingested knowledge for /app/data/T0015/313297/b6440qg/NowINAndroid/core/designsystem/src/test/kotlin/com/google/samples/apps/nowinandroid/core/designsystem/ButtonScreenshotTests.kt
2026-02-02 05:14:36,248 - Knowledge - INFO - Worker kw1 processing /app/data/T0015/313297/b6440qg/NowINAndroid/core/designsystem/src/main/kotlin/com/google/samples/apps/nowinandroid/core/designsystem/component/scrollbar/Scrollbar.kt
2026-02-02 05:14:36,339 - Knowledge - INFO - Batch sizing: calculated=4, max_allowed=10, queue=88, active_workers=20/20
2026-02-02 05:14:36,565 - Knowledge - INFO - Worker kw1 processing /app/data/T0015/313297/b6440qg/NowINAndroid/core/designsystem/src/main/kotlin/com/google/samples/apps/nowinandroid/core/designsystem/component/scrollbar/AppScrollbars.kt
2026-02-02 05:14:36,774 - Knowledge - INFO - Worker kw1 processing /app/data/T0015/313297/b6440qg/NowINAndroid/core/designsystem/src/main/kotlin/com/google/samples/apps/nowinandroid/core/designsystem/component/scrollbar/LazyScrollbarUtilities.kt
2026-02-02 05:14:37,051 - Knowledge - INFO - Worker kw1 processing /app/data/T0015/313297/b6440qg/NowINAndroid/core/designsystem/src/main/kotlin/com/google/samples/apps/nowinandroid/core/designsystem/component/IconButton.kt
2026-02-02 05:14:37,603 - Knowledge - INFO - process ingested knowledge for /app/data/T0015/313297/b6440qg/NowINAndroid/core/designsystem/src/test/kotlin/com/google/samples/apps/nowinandroid/core/designsystem/TopAppBarScreenshotTests.kt
2026-02-02 05:14:37,603 - Knowledge - INFO - process ingested knowledge for /app/data/T0015/313297/b6440qg/NowINAndroid/core/data-test/src/main/kotlin/com/google/samples/apps/nowinandroid/core/data/test/repository/FakeSearchContentsRepository.kt
2026-02-02 05:14:37,603 - Knowledge - INFO - [kw18] Queue=88, InProgress=0, PendingWorkers=20/20, Completed=387/484 (80.0%)
2026-02-02 05:14:37,605 - Knowledge - INFO - process ingested knowledge for /app/data/T0015/313297/b6440qg/NowINAndroid/core/datastore/src/main/kotlin/com/google/samples/apps/nowinandroid/core/datastore/di/DataStoreModule.kt
2026-02-02 05:14:37,605 - Knowledge - INFO - process ingested knowledge for /app/data/T0015/313297/b6440qg/NowINAndroid/core/data-test/README.md
2026-02-02 05:14:37,605 - Knowledge - INFO - Processing batch of 5 files
2026-02-02 05:14:37,605 - Knowledge - INFO - process ingested knowledge for /app/data/T0015/313297/b6440qg/NowINAndroid/core/database/schemas/com.google.samples.apps.nowinandroid.core.database.NiaDatabase/5.json
2026-02-02 05:14:37,959 - Knowledge - INFO - Batch sizing: calculated=4, max_allowed=10, queue=88, active_workers=20/20
2026-02-02 05:14:38,240 - Knowledge - INFO - process ingested knowledge for /app/data/T0015/313297/b6440qg/NowINAndroid/core/designsystem/src/main/kotlin/com/google/samples/apps/nowinandroid/core/designsystem/theme/Theme.kt
2026-02-02 05:14:39,069 - Knowledge - INFO - Async storing batch of 6 embeddings
2026-02-02 05:14:39,071 - Knowledge - INFO - process ingested knowledge for /app/data/T0015/313297/b6440qg/NowINAndroid/core/data-test/src/main/kotlin/com/google/samples/apps/nowinandroid/core/data/test/AlwaysOnlineNetworkMonitor.kt
2026-02-02 05:14:39,098 - Knowledge - INFO - Async storage completed for 6 embeddings
2026-02-02 05:14:39,288 - Knowledge - INFO - Worker kw13 processing /app/data/T0015/313297/b6440qg/NowINAndroid/core/designsystem/src/main/kotlin/com/google/samples/apps/nowinandroid/core/designsystem/component/ViewToggle.kt
2026-02-02 05:14:39,585 - Knowledge - INFO - Worker kw13 processing /app/data/T0015/313297/b6440qg/NowINAndroid/core/designsystem/src/main/kotlin/com/google/samples/apps/nowinandroid/core/designsystem/component/TopAppBar.kt
2026-02-02 05:14:39,811 - Knowledge - INFO - Worker kw13 processing /app/data/T0015/313297/b6440qg/NowINAndroid/core/designsystem/src/main/kotlin/com/google/samples/apps/nowinandroid/core/designsystem/component/Chip.kt
2026-02-02 05:14:40,068 - Knowledge - INFO - Worker kw13 processing /app/data/T0015/313297/b6440qg/NowINAndroid/core/designsystem/src/main/kotlin/com/google/samples/apps/nowinandroid/core/designsystem/component/Button.kt
2026-02-02 05:14:40,234 - Knowledge - INFO - [kw6] Queue=84, InProgress=0, PendingWorkers=20/20, Completed=388/484 (80.2%)
2026-02-02 05:14:40,441 - Knowledge - INFO - Batch sizing: calculated=4, max_allowed=10, queue=84, active_workers=20/20
2026-02-02 05:14:42,770 - Knowledge - INFO - [LLM_CALL] Completed: Type.kt:chunk1, Duration: 8650ms, PromptTokens: 3428, CompletionTokens: 280, Cost: $0.00045
2026-02-02 05:14:42,978 - Knowledge - INFO - done ingest for /app/data/T0015/313297/b6440qg/NowINAndroid/core/designsystem/src/main/kotlin/com/google/samples/apps/nowinandroid/core/designsystem/theme/Type.kt
2026-02-02 05:14:44,453 - Knowledge - INFO - [LLM_CALL] Completed: ThumbExt.kt:chunk1, Duration: 7138ms, PromptTokens: 2202, CompletionTokens: 406, Cost: $0.00038
2026-02-02 05:14:44,608 - Knowledge - INFO - done ingest for /app/data/T0015/313297/b6440qg/NowINAndroid/core/designsystem/src/main/kotlin/com/google/samples/apps/nowinandroid/core/designsystem/component/scrollbar/ThumbExt.kt
2026-02-02 05:14:44,726 - Knowledge - INFO - process ingested knowledge for /app/data/T0015/313297/b6440qg/NowINAndroid/core/designsystem/src/test/kotlin/com/google/samples/apps/nowinandroid/core/designsystem/TagScreenshotTests.kt
2026-02-02 05:14:44,727 - Knowledge - INFO - process ingested knowledge for /app/data/T0015/313297/b6440qg/NowINAndroid/core/designsystem/src/main/res/drawable/core_designsystem_ic_placeholder_default.xml
2026-02-02 05:14:44,727 - Knowledge - INFO - process ingested knowledge for /app/data/T0015/313297/b6440qg/NowINAndroid/core/designsystem/src/test/kotlin/com/google/samples/apps/nowinandroid/core/designsystem/ThemeTest.kt
2026-02-02 05:14:44,728 - Knowledge - INFO - Async storing batch of 5 embeddings
2026-02-02 05:14:44,728 - Knowledge - INFO - Async storing batch of 5 embeddings
2026-02-02 05:14:44,728 - Knowledge - INFO - process ingested knowledge for /app/data/T0015/313297/b6440qg/NowINAndroid/core/datastore/src/main/AndroidManifest.xml
2026-02-02 05:14:44,729 - Knowledge - INFO - process ingested knowledge for /app/data/T0015/313297/b6440qg/NowINAndroid/core/data-test/src/main/kotlin/com/google/samples/apps/nowinandroid/core/data/test/TestDataModule.kt
2026-02-02 05:14:45,382 - Knowledge - INFO - Worker kw18 processing /app/data/T0015/313297/b6440qg/NowINAndroid/core/designsystem/src/main/kotlin/com/google/samples/apps/nowinandroid/core/designsystem/component/Tag.kt
2026-02-02 05:14:45,439 - Knowledge - INFO - [LLM_CALL] Completed: ScrollbarExt.kt:chunk1, Duration: 9077ms, PromptTokens: 4398, CompletionTokens: 540, Cost: $0.00066
2026-02-02 05:14:45,504 - Knowledge - INFO - Worker kw19 processing /app/data/T0015/313297/b6440qg/NowINAndroid/core/designsystem/src/main/kotlin/com/google/samples/apps/nowinandroid/core/designsystem/component/Tabs.kt
2026-02-02 05:14:45,684 - Knowledge - INFO - Async storage completed for 5 embeddings
2026-02-02 05:14:45,797 - Knowledge - INFO - Worker kw18 processing /app/data/T0015/313297/b6440qg/NowINAndroid/core/designsystem/src/main/kotlin/com/google/samples/apps/nowinandroid/core/designsystem/component/Background.kt
2026-02-02 05:14:45,892 - Knowledge - INFO - done ingest for /app/data/T0015/313297/b6440qg/NowINAndroid/core/designsystem/src/main/kotlin/com/google/samples/apps/nowinandroid/core/designsystem/component/scrollbar/ScrollbarExt.kt
2026-02-02 05:14:46,032 - Knowledge - INFO - Worker kw19 processing /app/data/T0015/313297/b6440qg/NowINAndroid/core/designsystem/src/main/AndroidManifest.xml
2026-02-02 05:14:46,284 - Knowledge - INFO - Worker kw18 processing /app/data/T0015/313297/b6440qg/NowINAndroid/core/designsystem/src/main/kotlin/com/google/samples/apps/nowinandroid/core/designsystem/component/Navigation.kt
2026-02-02 05:14:46,547 - Knowledge - INFO - Fast-tracked /app/data/T0015/313297/b6440qg/NowINAndroid/core/designsystem/src/main/AndroidManifest.xml (ext=.xml, size=683)
2026-02-02 05:14:46,591 - Knowledge - INFO - Worker kw18 processing /app/data/T0015/313297/b6440qg/NowINAndroid/core/designsystem/src/main/kotlin/com/google/samples/apps/nowinandroid/core/designsystem/component/DynamicAsyncImage.kt
2026-02-02 05:14:46,605 - Knowledge - INFO - [LLM_CALL] Completed: LoadingWheel.kt:chunk1, Duration: 11192ms, PromptTokens: 3374, CompletionTokens: 465, Cost: $0.00052
2026-02-02 05:14:46,740 - Knowledge - INFO - Worker kw19 processing /app/data/T0015/313297/b6440qg/NowINAndroid/core/designsystem/build.gradle.kts
2026-02-02 05:14:46,936 - Knowledge - INFO - done ingest for /app/data/T0015/313297/b6440qg/NowINAndroid/core/designsystem/src/main/kotlin/com/google/samples/apps/nowinandroid/core/designsystem/component/LoadingWheel.kt
2026-02-02 05:14:47,082 - Knowledge - INFO - Fast-tracked /app/data/T0015/313297/b6440qg/NowINAndroid/core/designsystem/src/main/kotlin/com/google/samples/apps/nowinandroid/core/designsystem/component/Tag.kt (small file (2726 bytes))
2026-02-02 05:14:47,084 - Knowledge - INFO - Fast-tracked /app/data/T0015/313297/b6440qg/NowINAndroid/core/designsystem/build.gradle.kts (ext=.kts, size=1713)
2026-02-02 05:14:47,414 - Knowledge - INFO - Worker kw19 processing /app/data/T0015/313297/b6440qg/NowINAndroid/core/designsystem/README.md
2026-02-02 05:14:47,669 - Knowledge - INFO - Fast-tracked /app/data/T0015/313297/b6440qg/NowINAndroid/core/designsystem/README.md (ext=.md, size=1485)
2026-02-02 05:14:47,964 - Knowledge - INFO - process ingested knowledge for /app/data/T0015/313297/b6440qg/NowINAndroid/core/data-test/src/main/kotlin/com/google/samples/apps/nowinandroid/core/data/test/repository/FakeTopicsRepository.kt
2026-02-02 05:14:47,971 - Knowledge - INFO - [kw5] Queue=76, InProgress=0, PendingWorkers=20/20, Completed=388/484 (80.2%)
2026-02-02 05:14:48,309 - Knowledge - INFO - Batch sizing: calculated=4, max_allowed=10, queue=76, active_workers=20/20
2026-02-02 05:14:49,138 - Knowledge - INFO - [LLM_CALL] Completed: LazyScrollbarUtilities.kt:chunk1, Duration: 8660ms, PromptTokens: 2474, CompletionTokens: 236, Cost: $0.00034
2026-02-02 05:14:49,343 - Knowledge - INFO - done ingest for /app/data/T0015/313297/b6440qg/NowINAndroid/core/designsystem/src/main/kotlin/com/google/samples/apps/nowinandroid/core/designsystem/component/scrollbar/LazyScrollbarUtilities.kt
2026-02-02 05:14:50,070 - Knowledge - INFO - Async storage completed for 6 embeddings
2026-02-02 05:14:50,577 - Knowledge - INFO - Async storage completed for 5 embeddings
2026-02-02 05:14:52,163 - Knowledge - INFO - Async storing batch of 5 embeddings
2026-02-02 05:14:52,170 - Knowledge - INFO - [kw2] Queue=72, InProgress=0, PendingWorkers=20/20, Completed=388/484 (80.2%)
2026-02-02 05:14:52,186 - Knowledge - INFO - process ingested knowledge for /app/data/T0015/313297/b6440qg/NowINAndroid/core/designsystem/src/test/kotlin/com/google/samples/apps/nowinandroid/core/designsystem/FilterChipScreenshotTests.kt
2026-02-02 05:14:52,187 - Knowledge - INFO - process ingested knowledge for /app/data/T0015/313297/b6440qg/NowINAndroid/core/datastore/consumer-proguard-rules.pro
2026-02-02 05:14:52,229 - Knowledge - INFO - process ingested knowledge for /app/data/T0015/313297/b6440qg/NowINAndroid/core/database/schemas/com.google.samples.apps.nowinandroid.core.database.NiaDatabase/3.json
2026-02-02 05:14:52,243 - Knowledge - INFO - process ingested knowledge for /app/data/T0015/313297/b6440qg/NowINAndroid/core/designsystem/src/main/kotlin/com/google/samples/apps/nowinandroid/core/designsystem/theme/Color.kt
2026-02-02 05:14:52,385 - Knowledge - INFO - Worker kw6 processing /app/data/T0015/313297/b6440qg/NowINAndroid/docs/ArchitectureLearningJourney.md
2026-02-02 05:14:52,554 - Knowledge - INFO - Batch sizing: calculated=4, max_allowed=10, queue=72, active_workers=20/20
2026-02-02 05:14:53,338 - Knowledge - INFO - Fast-tracked /app/data/T0015/313297/b6440qg/NowINAndroid/docs/ArchitectureLearningJourney.md (ext=.md, size=14281)
2026-02-02 05:14:53,587 - Knowledge - INFO - Worker kw6 processing /app/data/T0015/313297/b6440qg/NowINAndroid/docs/ModularizationLearningJourney.md
2026-02-02 05:14:53,825 - Knowledge - INFO - [LLM_CALL] Completed: IconButton.kt:chunk1, Duration: 10385ms, PromptTokens: 2510, CompletionTokens: 460, Cost: $0.00043
2026-02-02 05:14:54,312 - Knowledge - INFO - Fast-tracked /app/data/T0015/313297/b6440qg/NowINAndroid/docs/ModularizationLearningJourney.md (ext=.md, size=10615)
2026-02-02 05:14:54,316 - Knowledge - INFO - Async storage completed for 5 embeddings
2026-02-02 05:14:54,390 - Knowledge - INFO - done ingest for /app/data/T0015/313297/b6440qg/NowINAndroid/core/designsystem/src/main/kotlin/com/google/samples/apps/nowinandroid/core/designsystem/component/IconButton.kt
2026-02-02 05:14:54,391 - Knowledge - INFO - Async storing batch of 5 embeddings
2026-02-02 05:14:54,555 - Knowledge - INFO - Worker kw6 processing /app/data/T0015/313297/b6440qg/NowINAndroid/kokoro/nightly.sh
2026-02-02 05:14:54,958 - Knowledge - INFO - Worker kw5 processing /app/data/T0015/313297/b6440qg/NowINAndroid/spotless/copyright.xml
2026-02-02 05:14:55,172 - Knowledge - INFO - Fast-tracked /app/data/T0015/313297/b6440qg/NowINAndroid/kokoro/nightly.sh (ext=.sh, size=1102)
2026-02-02 05:14:55,429 - Knowledge - INFO - Worker kw6 processing /app/data/T0015/313297/b6440qg/NowINAndroid/kokoro/build.sh
2026-02-02 05:14:55,465 - Knowledge - INFO - Fast-tracked /app/data/T0015/313297/b6440qg/NowINAndroid/spotless/copyright.xml (ext=.xml, size=672)
2026-02-02 05:14:55,859 - Knowledge - INFO - Worker kw5 processing /app/data/T0015/313297/b6440qg/NowINAndroid/spotless/copyright.kt
2026-02-02 05:14:56,140 - Knowledge - INFO - Fast-tracked /app/data/T0015/313297/b6440qg/NowINAndroid/kokoro/build.sh (small file (2735 bytes))
2026-02-02 05:14:56,232 - Knowledge - INFO - Fast-tracked /app/data/T0015/313297/b6440qg/NowINAndroid/spotless/copyright.kt (ext=.kt, size=618)
2026-02-02 05:14:56,324 - Knowledge - INFO - process ingested knowledge for /app/data/T0015/313297/b6440qg/NowINAndroid/core/designsystem/src/test/kotlin/com/google/samples/apps/nowinandroid/core/designsystem/BackgroundScreenshotTests.kt
2026-02-02 05:14:56,332 - Knowledge - INFO - process ingested knowledge for /app/data/T0015/313297/b6440qg/NowINAndroid/core/designsystem/src/main/kotlin/com/google/samples/apps/nowinandroid/core/designsystem/icon/NiaIcons.kt
2026-02-02 05:14:56,338 - Knowledge - INFO - [kw4] Queue=68, InProgress=0, PendingWorkers=20/20, Completed=388/484 (80.2%)
2026-02-02 05:14:56,357 - Knowledge - INFO - process ingested knowledge for /app/data/T0015/313297/b6440qg/NowINAndroid/core/data-test/src/main/kotlin/com/google/samples/apps/nowinandroid/core/data/test/repository/FakeNewsRepository.kt
2026-02-02 05:14:56,392 - Knowledge - INFO - process ingested knowledge for /app/data/T0015/313297/b6440qg/NowINAndroid/core/database/schemas/com.google.samples.apps.nowinandroid.core.database.NiaDatabase/12.json
2026-02-02 05:14:56,416 - Knowledge - INFO - [kw12] Queue=68, InProgress=0, PendingWorkers=20/20, Completed=388/484 (80.2%)
2026-02-02 05:14:56,432 - Knowledge - INFO - Async storage completed for 5 embeddings
2026-02-02 05:14:56,660 - Knowledge - INFO - Worker kw5 processing /app/data/T0015/313297/b6440qg/NowINAndroid/spotless/copyright.kts
2026-02-02 05:14:57,063 - Knowledge - INFO - Batch sizing: calculated=4, max_allowed=10, queue=68, active_workers=20/20
2026-02-02 05:14:57,708 - Knowledge - INFO - Batch sizing: calculated=4, max_allowed=10, queue=68, active_workers=20/20
2026-02-02 05:14:58,030 - Knowledge - INFO - Fast-tracked /app/data/T0015/313297/b6440qg/NowINAndroid/spotless/copyright.kts (ext=.kts, size=617)
2026-02-02 05:14:58,355 - Knowledge - INFO - Worker kw5 processing /app/data/T0015/313297/b6440qg/NowINAndroid/sync/sync-test/src/main/kotlin/com/google/samples/apps/nowinandroid/core/sync/test/NeverSyncingSyncManager.kt
2026-02-02 05:14:58,388 - Knowledge - INFO - Async storing batch of 6 embeddings
2026-02-02 05:14:58,480 - Knowledge - INFO - [LLM_CALL] Completed: Tabs.kt:chunk1, Duration: 10373ms, PromptTokens: 2528, CompletionTokens: 508, Cost: $0.00046
2026-02-02 05:14:58,771 - Knowledge - INFO - Worker kw2 processing /app/data/T0015/313297/b6440qg/NowINAndroid/sync/sync-test/src/main/kotlin/com/google/samples/apps/nowinandroid/core/sync/test/TestSyncModule.kt
2026-02-02 05:14:58,938 - Knowledge - INFO - done ingest for /app/data/T0015/313297/b6440qg/NowINAndroid/core/designsystem/src/main/kotlin/com/google/samples/apps/nowinandroid/core/designsystem/component/Tabs.kt
2026-02-02 05:14:59,092 - Knowledge - INFO - Fast-tracked /app/data/T0015/313297/b6440qg/NowINAndroid/sync/sync-test/src/main/kotlin/com/google/samples/apps/nowinandroid/core/sync/test/TestSyncModule.kt (ext=.kt, size=1457)
2026-02-02 05:14:59,098 - Knowledge - INFO - Fast-tracked /app/data/T0015/313297/b6440qg/NowINAndroid/sync/sync-test/src/main/kotlin/com/google/samples/apps/nowinandroid/core/sync/test/NeverSyncingSyncManager.kt (ext=.kt, size=1026)
2026-02-02 05:14:59,368 - Knowledge - INFO - Worker kw2 processing /app/data/T0015/313297/b6440qg/NowINAndroid/sync/sync-test/src/main/AndroidManifest.xml
2026-02-02 05:14:59,696 - Knowledge - INFO - Async storage completed for 5 embeddings
2026-02-02 05:14:59,930 - Knowledge - INFO - Fast-tracked /app/data/T0015/313297/b6440qg/NowINAndroid/sync/sync-test/src/main/AndroidManifest.xml (ext=.xml, size=684)
2026-02-02 05:15:00,009 - Knowledge - INFO - [LLM_CALL] Completed: Scrollbar.kt:chunk1, Duration: 22574ms, PromptTokens: 6606, CompletionTokens: 780, Cost: $0.00097
2026-02-02 05:15:00,231 - Knowledge - INFO - Worker kw2 processing /app/data/T0015/313297/b6440qg/NowINAndroid/sync/sync-test/build.gradle.kts
2026-02-02 05:15:00,489 - Knowledge - INFO - done ingest for /app/data/T0015/313297/b6440qg/NowINAndroid/core/designsystem/src/main/kotlin/com/google/samples/apps/nowinandroid/core/designsystem/component/scrollbar/Scrollbar.kt
2026-02-02 05:15:00,658 - Knowledge - INFO - process ingested knowledge for /app/data/T0015/313297/b6440qg/NowINAndroid/core/designsystem/src/test/kotlin/com/google/samples/apps/nowinandroid/core/designsystem/NavigationScreenshotTests.kt
2026-02-02 05:15:00,666 - Knowledge - INFO - Async storing batch of 5 embeddings
2026-02-02 05:15:00,689 - Knowledge - INFO - Async storing batch of 5 embeddings
2026-02-02 05:15:00,699 - Knowledge - INFO - Fast-tracked /app/data/T0015/313297/b6440qg/NowINAndroid/sync/sync-test/build.gradle.kts (ext=.kts, size=948)
2026-02-02 05:15:01,151 - Knowledge - INFO - Worker kw4 processing /app/data/T0015/313297/b6440qg/NowINAndroid/sync/work/src/androidTest/kotlin/com/google/samples/apps/nowinandroid/sync/workers/SyncWorkerTest.kt
2026-02-02 05:15:01,328 - Knowledge - INFO - Worker kw12 processing /app/data/T0015/313297/b6440qg/NowINAndroid/sync/work/src/main/kotlin/com/google/samples/apps/nowinandroid/sync/status/WorkManagerSyncManager.kt
2026-02-02 05:15:01,503 - Knowledge - INFO - Worker kw2 processing /app/data/T0015/313297/b6440qg/NowINAndroid/sync/sync-test/README.md
2026-02-02 05:15:02,004 - Knowledge - INFO - Fast-tracked /app/data/T0015/313297/b6440qg/NowINAndroid/sync/sync-test/README.md (ext=.md, size=2636)
2026-02-02 05:15:02,131 - Knowledge - INFO - Worker kw4 processing /app/data/T0015/313297/b6440qg/NowINAndroid/sync/work/src/main/res/values/strings.xml
2026-02-02 05:15:02,241 - Knowledge - INFO - Async storage completed for 6 embeddings
2026-02-02 05:15:02,429 - Knowledge - INFO - Worker kw12 processing /app/data/T0015/313297/b6440qg/NowINAndroid/sync/work/src/main/kotlin/com/google/samples/apps/nowinandroid/sync/workers/SyncWorker.kt
2026-02-02 05:15:02,439 - Knowledge - INFO - Fast-tracked /app/data/T0015/313297/b6440qg/NowINAndroid/sync/work/src/main/res/values/strings.xml (ext=.xml, size=945)
2026-02-02 05:15:02,816 - Knowledge - INFO - Worker kw4 processing /app/data/T0015/313297/b6440qg/NowINAndroid/sync/work/src/main/kotlin/com/google/samples/apps/nowinandroid/sync/status/StubSyncSubscriber.kt
2026-02-02 05:15:03,064 - Knowledge - INFO - Worker kw12 processing /app/data/T0015/313297/b6440qg/NowINAndroid/sync/work/src/main/kotlin/com/google/samples/apps/nowinandroid/sync/workers/AnalyticsExtensions.kt
2026-02-02 05:15:03,187 - Knowledge - INFO - Fast-tracked /app/data/T0015/313297/b6440qg/NowINAndroid/sync/work/src/main/kotlin/com/google/samples/apps/nowinandroid/sync/status/StubSyncSubscriber.kt (ext=.kt, size=979)
2026-02-02 05:15:03,346 - Knowledge - INFO - Fast-tracked /app/data/T0015/313297/b6440qg/NowINAndroid/sync/work/src/main/kotlin/com/google/samples/apps/nowinandroid/sync/workers/AnalyticsExtensions.kt (ext=.kt, size=1187)
2026-02-02 05:15:03,540 - Knowledge - INFO - Worker kw4 processing /app/data/T0015/313297/b6440qg/NowINAndroid/sync/work/src/main/kotlin/com/google/samples/apps/nowinandroid/sync/status/SyncSubscriber.kt
2026-02-02 05:15:03,775 - Knowledge - INFO - Worker kw12 processing /app/data/T0015/313297/b6440qg/NowINAndroid/sync/work/src/main/kotlin/com/google/samples/apps/nowinandroid/sync/workers/DelegatingWorker.kt
2026-02-02 05:15:04,027 - Knowledge - INFO - Fast-tracked /app/data/T0015/313297/b6440qg/NowINAndroid/sync/work/src/main/kotlin/com/google/samples/apps/nowinandroid/sync/status/SyncSubscriber.kt (ext=.kt, size=791)
2026-02-02 05:15:04,345 - Knowledge - INFO - Fast-tracked /app/data/T0015/313297/b6440qg/NowINAndroid/sync/work/src/main/kotlin/com/google/samples/apps/nowinandroid/sync/status/WorkManagerSyncManager.kt (small file (2071 bytes))
2026-02-02 05:15:04,531 - Knowledge - INFO - Fast-tracked /app/data/T0015/313297/b6440qg/NowINAndroid/sync/work/src/androidTest/kotlin/com/google/samples/apps/nowinandroid/sync/workers/SyncWorkerTest.kt (small file (2533 bytes))
2026-02-02 05:15:04,556 - Knowledge - INFO - [LLM_CALL] Completed: AppScrollbars.kt:chunk1, Duration: 25329ms, PromptTokens: 4424, CompletionTokens: 1007, Cost: $0.00085
2026-02-02 05:15:04,606 - Knowledge - INFO - process ingested knowledge for /app/data/T0015/313297/b6440qg/NowINAndroid/core/designsystem/src/main/kotlin/com/google/samples/apps/nowinandroid/core/designsystem/theme/Tint.kt
2026-02-02 05:15:04,790 - Knowledge - INFO - Async storage completed for 5 embeddings
2026-02-02 05:15:04,929 - Knowledge - INFO - done ingest for /app/data/T0015/313297/b6440qg/NowINAndroid/core/designsystem/src/main/kotlin/com/google/samples/apps/nowinandroid/core/designsystem/component/scrollbar/AppScrollbars.kt
2026-02-02 05:15:06,269 - Knowledge - INFO - [LLM_CALL] Completed: DynamicAsyncImage.kt:chunk1, Duration: 13833ms, PromptTokens: 2134, CompletionTokens: 243, Cost: $0.00031
2026-02-02 05:15:06,475 - Knowledge - INFO - done ingest for /app/data/T0015/313297/b6440qg/NowINAndroid/core/designsystem/src/main/kotlin/com/google/samples/apps/nowinandroid/core/designsystem/component/DynamicAsyncImage.kt
2026-02-02 05:15:06,475 - Knowledge - INFO - [LLM_CALL] Completed: TopAppBar.kt:chunk1, Duration: 23396ms, PromptTokens: 2144, CompletionTokens: 423, Cost: $0.00038
2026-02-02 05:15:06,491 - Knowledge - INFO - Fast-tracked /app/data/T0015/313297/b6440qg/NowINAndroid/sync/work/src/main/kotlin/com/google/samples/apps/nowinandroid/sync/workers/DelegatingWorker.kt (small file (2828 bytes))
2026-02-02 05:15:06,813 - Knowledge - INFO - done ingest for /app/data/T0015/313297/b6440qg/NowINAndroid/core/designsystem/src/main/kotlin/com/google/samples/apps/nowinandroid/core/designsystem/component/TopAppBar.kt
2026-02-02 05:15:06,826 - Knowledge - INFO - Processing batch of 4 files
2026-02-02 05:15:07,011 - Knowledge - INFO - Async storage completed for 5 embeddings
2026-02-02 05:15:07,261 - Knowledge - INFO - process ingested knowledge for /app/data/T0015/313297/b6440qg/NowINAndroid/docs/ArchitectureLearningJourney.md
2026-02-02 05:15:08,591 - Knowledge - INFO - Processing batch of 4 files
2026-02-02 05:15:08,797 - Knowledge - INFO - process ingested knowledge for /app/data/T0015/313297/b6440qg/NowINAndroid/core/designsystem/src/main/kotlin/com/google/samples/apps/nowinandroid/core/designsystem/theme/Type.kt
2026-02-02 05:15:10,550 - Knowledge - INFO - Processing batch of 4 files
2026-02-02 05:15:10,772 - Knowledge - INFO - process ingested knowledge for /app/data/T0015/313297/b6440qg/NowINAndroid/sync/work/src/androidTest/kotlin/com/google/samples/apps/nowinandroid/sync/workers/SyncWorkerTest.kt
2026-02-02 05:15:11,828 - Knowledge - INFO - [LLM_CALL] Completed: ViewToggle.kt:chunk1, Duration: 31482ms, PromptTokens: 2896, CompletionTokens: 601, Cost: $0.00053
2026-02-02 05:15:12,089 - Knowledge - INFO - done ingest for /app/data/T0015/313297/b6440qg/NowINAndroid/core/designsystem/src/main/kotlin/com/google/samples/apps/nowinandroid/core/designsystem/component/ViewToggle.kt
2026-02-02 05:15:14,721 - Knowledge - INFO - process ingested knowledge for /app/data/T0015/313297/b6440qg/NowINAndroid/docs/ModularizationLearningJourney.md
2026-02-02 05:15:15,366 - Knowledge - INFO - [LLM_CALL] Completed: Navigation.kt:chunk1, Duration: 24934ms, PromptTokens: 6108, CompletionTokens: 1044, Cost: $0.00103
2026-02-02 05:15:15,681 - Knowledge - INFO - done ingest for /app/data/T0015/313297/b6440qg/NowINAndroid/core/designsystem/src/main/kotlin/com/google/samples/apps/nowinandroid/core/designsystem/component/Navigation.kt
2026-02-02 05:15:17,437 - Knowledge - INFO - [LLM_CALL] Completed: Button.kt:chunk1, Duration: 30090ms, PromptTokens: 5148, CompletionTokens: 831, Cost: $0.00085
2026-02-02 05:15:17,744 - Knowledge - INFO - done ingest for /app/data/T0015/313297/b6440qg/NowINAndroid/core/designsystem/src/main/kotlin/com/google/samples/apps/nowinandroid/core/designsystem/component/Button.kt
2026-02-02 05:15:18,450 - Knowledge - INFO - [LLM_CALL] Completed: SyncWorker.kt:chunk1, Duration: 13522ms, PromptTokens: 2506, CompletionTokens: 835, Cost: $0.00058
2026-02-02 05:15:18,562 - Knowledge - INFO - process ingested knowledge for /app/data/T0015/313297/b6440qg/NowINAndroid/core/designsystem/src/main/kotlin/com/google/samples/apps/nowinandroid/core/designsystem/component/LoadingWheel.kt
2026-02-02 05:15:18,741 - Knowledge - INFO - done ingest for /app/data/T0015/313297/b6440qg/NowINAndroid/sync/work/src/main/kotlin/com/google/samples/apps/nowinandroid/sync/workers/SyncWorker.kt
2026-02-02 05:15:19,806 - Knowledge - INFO - [LLM_CALL] Completed: Chip.kt:chunk1, Duration: 33914ms, PromptTokens: 2742, CompletionTokens: 536, Cost: $0.00049
2026-02-02 05:15:19,990 - Knowledge - INFO - done ingest for /app/data/T0015/313297/b6440qg/NowINAndroid/core/designsystem/src/main/kotlin/com/google/samples/apps/nowinandroid/core/designsystem/component/Chip.kt
2026-02-02 05:15:20,008 - Knowledge - INFO - [LLM_CALL] Completed: Background.kt:chunk1, Duration: 32660ms, PromptTokens: 3510, CompletionTokens: 984, Cost: $0.00074
2026-02-02 05:15:20,299 - Knowledge - INFO - done ingest for /app/data/T0015/313297/b6440qg/NowINAndroid/core/designsystem/src/main/kotlin/com/google/samples/apps/nowinandroid/core/designsystem/component/Background.kt
2026-02-02 05:15:20,813 - Knowledge - INFO - Processing batch of 4 files
2026-02-02 05:15:20,835 - Knowledge - INFO - Processing batch of 4 files
2026-02-02 05:15:20,837 - Knowledge - INFO - process ingested knowledge for /app/data/T0015/313297/b6440qg/NowINAndroid/sync/work/src/main/res/values/strings.xml
2026-02-02 05:15:21,084 - Knowledge - INFO - process ingested knowledge for /app/data/T0015/313297/b6440qg/NowINAndroid/spotless/copyright.xml
2026-02-02 05:15:21,207 - Knowledge - INFO - process ingested knowledge for /app/data/T0015/313297/b6440qg/NowINAndroid/core/designsystem/src/main/kotlin/com/google/samples/apps/nowinandroid/core/designsystem/component/scrollbar/Scrollbar.kt
2026-02-02 05:15:23,567 - Knowledge - INFO - process ingested knowledge for /app/data/T0015/313297/b6440qg/NowINAndroid/core/designsystem/src/main/kotlin/com/google/samples/apps/nowinandroid/core/designsystem/theme/Background.kt
2026-02-02 05:15:23,568 - Knowledge - INFO - process ingested knowledge for /app/data/T0015/313297/b6440qg/NowINAndroid/core/designsystem/src/main/kotlin/com/google/samples/apps/nowinandroid/core/designsystem/component/scrollbar/ScrollbarExt.kt
2026-02-02 05:15:26,624 - Knowledge - INFO - [WEBSOCKET] Sent: Type=progress_update, Size: 293, Duration: 0ms
2026-02-02 05:15:26,794 - Knowledge - INFO - [WEBSOCKET] Sent: Type=unknown, Size: ?, Duration: 169ms
2026-02-02 05:15:26,969 - Knowledge - INFO - Progress: 86.0% | Files: 416/484 | Rate: 0.74 files/sec | Queue: 56
2026-02-02 05:15:31,757 - Knowledge - INFO - Processing batch of 4 files
2026-02-02 05:15:31,963 - Knowledge - INFO - process ingested knowledge for /app/data/T0015/313297/b6440qg/NowINAndroid/sync/sync-test/src/main/kotlin/com/google/samples/apps/nowinandroid/core/sync/test/TestSyncModule.kt
2026-02-02 05:15:33,286 - Knowledge - INFO - process ingested knowledge for /app/data/T0015/313297/b6440qg/NowINAndroid/kokoro/nightly.sh
2026-02-02 05:15:33,287 - Knowledge - INFO - Processing batch of 4 files
2026-02-02 05:15:33,554 - Knowledge - INFO - process ingested knowledge for /app/data/T0015/313297/b6440qg/NowINAndroid/core/designsystem/src/main/kotlin/com/google/samples/apps/nowinandroid/core/designsystem/component/Tabs.kt
2026-02-02 05:15:35,214 - Knowledge - INFO - process ingested knowledge for /app/data/T0015/313297/b6440qg/NowINAndroid/sync/work/src/main/kotlin/com/google/samples/apps/nowinandroid/sync/status/StubSyncSubscriber.kt
2026-02-02 05:15:35,218 - Knowledge - INFO - process ingested knowledge for /app/data/T0015/313297/b6440qg/NowINAndroid/core/designsystem/src/main/kotlin/com/google/samples/apps/nowinandroid/core/designsystem/component/scrollbar/AppScrollbars.kt
2026-02-02 05:15:36,418 - Knowledge - INFO - process ingested knowledge for /app/data/T0015/313297/b6440qg/NowINAndroid/core/designsystem/src/main/kotlin/com/google/samples/apps/nowinandroid/core/designsystem/theme/Gradient.kt
2026-02-02 05:15:37,905 - Knowledge - INFO - Processing batch of 4 files
2026-02-02 05:15:38,113 - Knowledge - INFO - process ingested knowledge for /app/data/T0015/313297/b6440qg/NowINAndroid/core/designsystem/src/main/kotlin/com/google/samples/apps/nowinandroid/core/designsystem/component/ViewToggle.kt
2026-02-02 05:15:40,974 - Knowledge - INFO - process ingested knowledge for /app/data/T0015/313297/b6440qg/NowINAndroid/sync/sync-test/src/main/AndroidManifest.xml
2026-02-02 05:15:40,976 - Knowledge - INFO - [kw10] Queue=56, InProgress=0, PendingWorkers=20/20, Completed=422/484 (87.2%)
2026-02-02 05:15:41,301 - Knowledge - INFO - Batch sizing: calculated=4, max_allowed=10, queue=56, active_workers=20/20
2026-02-02 05:15:42,084 - Knowledge - INFO - process ingested knowledge for /app/data/T0015/313297/b6440qg/NowINAndroid/sync/work/src/main/kotlin/com/google/samples/apps/nowinandroid/sync/status/SyncSubscriber.kt
2026-02-02 05:15:42,099 - Knowledge - INFO - process ingested knowledge for /app/data/T0015/313297/b6440qg/NowINAndroid/core/designsystem/src/main/kotlin/com/google/samples/apps/nowinandroid/core/designsystem/component/scrollbar/ThumbExt.kt
2026-02-02 05:15:45,465 - Knowledge - INFO - [kw20] Queue=56, InProgress=0, PendingWorkers=20/20, Completed=424/484 (87.6%)
2026-02-02 05:15:45,716 - Knowledge - INFO - Batch sizing: calculated=4, max_allowed=10, queue=56, active_workers=20/20
2026-02-02 05:15:46,741 - Knowledge - INFO - process ingested knowledge for /app/data/T0015/313297/b6440qg/NowINAndroid/core/designsystem/src/main/kotlin/com/google/samples/apps/nowinandroid/core/designsystem/component/TopAppBar.kt
2026-02-02 05:15:48,198 - Knowledge - INFO - process ingested knowledge for /app/data/T0015/313297/b6440qg/NowINAndroid/spotless/copyright.kt
2026-02-02 05:15:48,199 - Knowledge - INFO - process ingested knowledge for /app/data/T0015/313297/b6440qg/NowINAndroid/sync/sync-test/build.gradle.kts
2026-02-02 05:15:50,297 - Knowledge - INFO - process ingested knowledge for /app/data/T0015/313297/b6440qg/NowINAndroid/core/designsystem/src/main/kotlin/com/google/samples/apps/nowinandroid/core/designsystem/component/scrollbar/LazyScrollbarUtilities.kt
2026-02-02 05:15:50,297 - Knowledge - INFO - Processing batch of 4 files
2026-02-02 05:15:50,612 - Knowledge - INFO - process ingested knowledge for /app/data/T0015/313297/b6440qg/NowINAndroid/sync/work/src/main/kotlin/com/google/samples/apps/nowinandroid/sync/status/WorkManagerSyncManager.kt
2026-02-02 05:15:53,193 - Knowledge - INFO - Processing batch of 4 files
2026-02-02 05:15:53,197 - Knowledge - INFO - Async storing batch of 5 embeddings
2026-02-02 05:15:53,197 - Knowledge - INFO - process ingested knowledge for /app/data/T0015/313297/b6440qg/NowINAndroid/kokoro/build.sh
2026-02-02 05:15:53,198 - Knowledge - INFO - [WEBSOCKET] Sent: Type=progress_update, Size: 293, Duration: 0ms
2026-02-02 05:15:53,199 - Knowledge - INFO - process ingested knowledge for /app/data/T0015/313297/b6440qg/NowINAndroid/core/designsystem/src/main/kotlin/com/google/samples/apps/nowinandroid/core/designsystem/component/Chip.kt
2026-02-02 05:15:53,368 - Knowledge - INFO - process ingested knowledge for /app/data/T0015/313297/b6440qg/NowINAndroid/core/designsystem/src/main/kotlin/com/google/samples/apps/nowinandroid/core/designsystem/component/Tag.kt
2026-02-02 05:15:53,455 - Knowledge - INFO - Worker kw20 processing /app/data/T0015/313297/b6440qg/NowINAndroid/sync/work/src/main/kotlin/com/google/samples/apps/nowinandroid/sync/initializers/SyncWorkHelpers.kt
2026-02-02 05:15:53,679 - Knowledge - INFO - Async storing batch of 5 embeddings
2026-02-02 05:15:53,681 - Knowledge - INFO - [WEBSOCKET] Sent: Type=unknown, Size: ?, Duration: 483ms
2026-02-02 05:15:54,063 - Knowledge - INFO - Worker kw10 processing /app/data/T0015/313297/b6440qg/NowINAndroid/sync/work/src/prod/kotlin/com/google/samples/apps/nowinandroid/sync/di/SyncModule.kt
2026-02-02 05:15:54,142 - Knowledge - INFO - Progress: 88.4% | Files: 428/484 | Rate: 0.71 files/sec | Queue: 48
2026-02-02 05:15:54,533 - Knowledge - INFO - Worker kw20 processing /app/data/T0015/313297/b6440qg/NowINAndroid/sync/work/src/main/kotlin/com/google/samples/apps/nowinandroid/sync/initializers/SyncInitializer.kt
2026-02-02 05:15:54,838 - Knowledge - INFO - Fast-tracked /app/data/T0015/313297/b6440qg/NowINAndroid/sync/work/src/main/kotlin/com/google/samples/apps/nowinandroid/sync/initializers/SyncInitializer.kt (ext=.kt, size=1555)
2026-02-02 05:15:55,021 - Knowledge - INFO - Worker kw20 processing /app/data/T0015/313297/b6440qg/NowINAndroid/sync/work/src/prod/kotlin/com/google/samples/apps/nowinandroid/sync/services/SyncNotificationsService.kt
2026-02-02 05:15:55,117 - Knowledge - INFO - Fast-tracked /app/data/T0015/313297/b6440qg/NowINAndroid/sync/work/src/prod/kotlin/com/google/samples/apps/nowinandroid/sync/di/SyncModule.kt (ext=.kt, size=1773)
2026-02-02 05:15:55,173 - Knowledge - INFO - process ingested knowledge for /app/data/T0015/313297/b6440qg/NowINAndroid/sync/sync-test/README.md
2026-02-02 05:15:55,293 - Knowledge - INFO - Fast-tracked /app/data/T0015/313297/b6440qg/NowINAndroid/sync/work/src/prod/kotlin/com/google/samples/apps/nowinandroid/sync/services/SyncNotificationsService.kt (ext=.kt, size=1300)
2026-02-02 05:15:55,297 - Knowledge - INFO - Worker kw10 processing /app/data/T0015/313297/b6440qg/NowINAndroid/sync/work/src/prod/AndroidManifest.xml
2026-02-02 05:15:55,502 - Knowledge - INFO - Worker kw20 processing /app/data/T0015/313297/b6440qg/NowINAndroid/sync/work/src/prod/kotlin/com/google/samples/apps/nowinandroid/sync/status/FirebaseSyncSubscriber.kt
2026-02-02 05:15:55,676 - Knowledge - INFO - Fast-tracked /app/data/T0015/313297/b6440qg/NowINAndroid/sync/work/src/prod/AndroidManifest.xml (ext=.xml, size=1063)
2026-02-02 05:15:55,766 - Knowledge - INFO - Fast-tracked /app/data/T0015/313297/b6440qg/NowINAndroid/sync/work/src/prod/kotlin/com/google/samples/apps/nowinandroid/sync/status/FirebaseSyncSubscriber.kt (ext=.kt, size=1225)
2026-02-02 05:15:55,868 - Knowledge - INFO - Worker kw10 processing /app/data/T0015/313297/b6440qg/NowINAndroid/sync/work/src/demo/kotlin/com/google/samples/apps/nowinandroid/sync/di/SyncModule.kt
2026-02-02 05:15:55,976 - Knowledge - INFO - Fast-tracked /app/data/T0015/313297/b6440qg/NowINAndroid/sync/work/src/main/kotlin/com/google/samples/apps/nowinandroid/sync/initializers/SyncWorkHelpers.kt (small file (2814 bytes))
2026-02-02 05:15:56,190 - Knowledge - INFO - Async storage completed for 5 embeddings
2026-02-02 05:15:56,684 - Knowledge - INFO - Fast-tracked /app/data/T0015/313297/b6440qg/NowINAndroid/sync/work/src/demo/kotlin/com/google/samples/apps/nowinandroid/sync/di/SyncModule.kt (ext=.kt, size=1419)
2026-02-02 05:15:56,882 - Knowledge - INFO - Worker kw10 processing /app/data/T0015/313297/b6440qg/NowINAndroid/sync/work/build.gradle.kts
2026-02-02 05:15:57,134 - Knowledge - INFO - Fast-tracked /app/data/T0015/313297/b6440qg/NowINAndroid/sync/work/build.gradle.kts (ext=.kts, size=1631)
2026-02-02 05:15:57,292 - Knowledge - INFO - Async storage completed for 5 embeddings
2026-02-02 05:16:00,976 - Knowledge - INFO - process ingested knowledge for /app/data/T0015/313297/b6440qg/NowINAndroid/sync/work/src/main/kotlin/com/google/samples/apps/nowinandroid/sync/workers/SyncWorker.kt
2026-02-02 05:16:00,978 - Knowledge - INFO - process ingested knowledge for /app/data/T0015/313297/b6440qg/NowINAndroid/spotless/copyright.kts
2026-02-02 05:16:00,982 - Knowledge - INFO - process ingested knowledge for /app/data/T0015/313297/b6440qg/NowINAndroid/core/designsystem/src/main/kotlin/com/google/samples/apps/nowinandroid/core/designsystem/component/Button.kt
2026-02-02 05:16:00,982 - Knowledge - INFO - [kw11] Queue=48, InProgress=0, PendingWorkers=20/20, Completed=428/484 (88.4%)
2026-02-02 05:16:01,440 - Knowledge - INFO - Batch sizing: calculated=4, max_allowed=10, queue=48, active_workers=20/20
2026-02-02 05:16:04,273 - Knowledge - INFO - process ingested knowledge for /app/data/T0015/313297/b6440qg/NowINAndroid/core/designsystem/src/main/kotlin/com/google/samples/apps/nowinandroid/core/designsystem/component/IconButton.kt
2026-02-02 05:16:07,649 - Knowledge - INFO - process ingested knowledge for /app/data/T0015/313297/b6440qg/NowINAndroid/core/designsystem/src/main/AndroidManifest.xml
2026-02-02 05:16:07,651 - Knowledge - INFO - [kw3] Queue=48, InProgress=0, PendingWorkers=20/20, Completed=430/484 (88.8%)
2026-02-02 05:16:07,652 - Knowledge - INFO - process ingested knowledge for /app/data/T0015/313297/b6440qg/NowINAndroid/core/designsystem/src/main/kotlin/com/google/samples/apps/nowinandroid/core/designsystem/component/Background.kt
2026-02-02 05:16:07,923 - Knowledge - INFO - Batch sizing: calculated=4, max_allowed=10, queue=48, active_workers=20/20
2026-02-02 05:16:12,232 - Knowledge - INFO - [kw15] Queue=48, InProgress=0, PendingWorkers=20/20, Completed=430/484 (88.8%)
2026-02-02 05:16:12,441 - Knowledge - INFO - Batch sizing: calculated=4, max_allowed=10, queue=48, active_workers=20/20
2026-02-02 05:16:13,808 - Knowledge - INFO - [kw8] Queue=48, InProgress=0, PendingWorkers=20/20, Completed=430/484 (88.8%)
2026-02-02 05:16:13,981 - Knowledge - INFO - Batch sizing: calculated=4, max_allowed=10, queue=48, active_workers=20/20
2026-02-02 05:16:15,339 - Knowledge - INFO - process ingested knowledge for /app/data/T0015/313297/b6440qg/NowINAndroid/sync/work/src/main/kotlin/com/google/samples/apps/nowinandroid/sync/workers/AnalyticsExtensions.kt
2026-02-02 05:16:16,424 - Knowledge - INFO - [kw17] Queue=48, InProgress=0, PendingWorkers=20/20, Completed=430/484 (88.8%)
2026-02-02 05:16:16,431 - Knowledge - INFO - Async storing batch of 5 embeddings
2026-02-02 05:16:16,612 - Knowledge - INFO - Batch sizing: calculated=4, max_allowed=10, queue=48, active_workers=20/20
2026-02-02 05:16:16,816 - Knowledge - INFO - Worker kw11 processing /app/data/T0015/313297/b6440qg/NowINAndroid/sync/work/README.md
2026-02-02 05:16:17,073 - Knowledge - INFO - Fast-tracked /app/data/T0015/313297/b6440qg/NowINAndroid/sync/work/README.md (ext=.md, size=2514)
2026-02-02 05:16:17,220 - Knowledge - INFO - Worker kw11 processing /app/data/T0015/313297/b6440qg/NowINAndroid/CODE_OF_CONDUCT.md
2026-02-02 05:16:17,427 - Knowledge - INFO - Fast-tracked /app/data/T0015/313297/b6440qg/NowINAndroid/CODE_OF_CONDUCT.md (ext=.md, size=3169)
2026-02-02 05:16:17,628 - Knowledge - INFO - Worker kw11 processing /app/data/T0015/313297/b6440qg/NowINAndroid/ui-test-hilt-manifest/src/main/kotlin/com/google/samples/apps/nowinandroid/uitesthiltmanifest/HiltComponentActivity.kt
2026-02-02 05:16:18,609 - Knowledge - INFO - Fast-tracked /app/data/T0015/313297/b6440qg/NowINAndroid/ui-test-hilt-manifest/src/main/kotlin/com/google/samples/apps/nowinandroid/uitesthiltmanifest/HiltComponentActivity.kt (ext=.kt, size=994)
2026-02-02 05:16:18,836 - Knowledge - INFO - Worker kw11 processing /app/data/T0015/313297/b6440qg/NowINAndroid/ui-test-hilt-manifest/src/main/AndroidManifest.xml
2026-02-02 05:16:19,101 - Knowledge - INFO - Fast-tracked /app/data/T0015/313297/b6440qg/NowINAndroid/ui-test-hilt-manifest/src/main/AndroidManifest.xml (ext=.xml, size=1153)
2026-02-02 05:16:19,332 - Knowledge - INFO - Async storage completed for 5 embeddings
2026-02-02 05:16:24,715 - Knowledge - INFO - Async storing batch of 5 embeddings
2026-02-02 05:16:24,877 - Knowledge - INFO - Worker kw15 processing /app/data/T0015/313297/b6440qg/NowINAndroid/ui-test-hilt-manifest/build.gradle.kts
2026-02-02 05:16:25,127 - Knowledge - INFO - Fast-tracked /app/data/T0015/313297/b6440qg/NowINAndroid/ui-test-hilt-manifest/build.gradle.kts (ext=.kts, size=810)
2026-02-02 05:16:25,321 - Knowledge - INFO - Worker kw15 processing /app/data/T0015/313297/b6440qg/NowINAndroid/ui-test-hilt-manifest/README.md
2026-02-02 05:16:25,571 - Knowledge - INFO - Fast-tracked /app/data/T0015/313297/b6440qg/NowINAndroid/ui-test-hilt-manifest/README.md (ext=.md, size=1460)
2026-02-02 05:16:25,760 - Knowledge - INFO - Worker kw15 processing /app/data/T0015/313297/b6440qg/NowINAndroid/build.gradle.kts
2026-02-02 05:16:26,117 - Knowledge - INFO - Fast-tracked /app/data/T0015/313297/b6440qg/NowINAndroid/build.gradle.kts (ext=.kts, size=1893)
2026-02-02 05:16:26,351 - Knowledge - INFO - Worker kw15 processing /app/data/T0015/313297/b6440qg/NowINAndroid/README.md
2026-02-02 05:16:26,403 - Knowledge - INFO - process ingested knowledge for /app/data/T0015/313297/b6440qg/NowINAndroid/core/designsystem/build.gradle.kts
2026-02-02 05:16:26,404 - Knowledge - INFO - Async storing batch of 5 embeddings
2026-02-02 05:16:26,405 - Knowledge - INFO - [kw16] Queue=36, InProgress=0, PendingWorkers=20/20, Completed=432/484 (89.3%)
2026-02-02 05:16:26,405 - Knowledge - INFO - process ingested knowledge for /app/data/T0015/313297/b6440qg/NowINAndroid/sync/sync-test/src/main/kotlin/com/google/samples/apps/nowinandroid/core/sync/test/NeverSyncingSyncManager.kt
2026-02-02 05:16:26,405 - Knowledge - INFO - Processing batch of 4 files
2026-02-02 05:16:26,548 - Knowledge - INFO - Fast-tracked /app/data/T0015/313297/b6440qg/NowINAndroid/README.md (ext=.md, size=10998)
2026-02-02 05:16:26,739 - Knowledge - INFO - Worker kw3 processing /app/data/T0015/313297/b6440qg/NowINAndroid/build-logic/settings.gradle.kts
2026-02-02 05:16:26,826 - Knowledge - INFO - Batch sizing: calculated=4, max_allowed=10, queue=36, active_workers=20/20
2026-02-02 05:16:27,036 - Knowledge - INFO - process ingested knowledge for /app/data/T0015/313297/b6440qg/NowINAndroid/sync/work/src/main/kotlin/com/google/samples/apps/nowinandroid/sync/initializers/SyncWorkHelpers.kt
2026-02-02 05:16:27,111 - Knowledge - INFO - Async storage completed for 5 embeddings
2026-02-02 05:16:27,396 - Knowledge - INFO - Processing batch of 4 files
2026-02-02 05:16:27,471 - Knowledge - INFO - Fast-tracked /app/data/T0015/313297/b6440qg/NowINAndroid/build-logic/settings.gradle.kts (ext=.kts, size=1191)
2026-02-02 05:16:27,639 - Knowledge - INFO - process ingested knowledge for /app/data/T0015/313297/b6440qg/NowINAndroid/sync/work/src/prod/kotlin/com/google/samples/apps/nowinandroid/sync/di/SyncModule.kt
2026-02-02 05:16:27,777 - Knowledge - INFO - Worker kw3 processing /app/data/T0015/313297/b6440qg/NowINAndroid/build-logic/README.md
2026-02-02 05:16:28,085 - Knowledge - INFO - Fast-tracked /app/data/T0015/313297/b6440qg/NowINAndroid/build-logic/README.md (ext=.md, size=2063)
2026-02-02 05:16:28,314 - Knowledge - INFO - Worker kw3 processing /app/data/T0015/313297/b6440qg/NowINAndroid/build-logic/convention/src/main/kotlin/HiltConventionPlugin.kt
2026-02-02 05:16:28,960 - Knowledge - INFO - Fast-tracked /app/data/T0015/313297/b6440qg/NowINAndroid/build-logic/convention/src/main/kotlin/HiltConventionPlugin.kt (ext=.kt, size=1787)
2026-02-02 05:16:29,182 - Knowledge - INFO - Worker kw3 processing /app/data/T0015/313297/b6440qg/NowINAndroid/build-logic/convention/src/main/kotlin/AndroidTestConventionPlugin.kt
2026-02-02 05:16:29,419 - Knowledge - INFO - Fast-tracked /app/data/T0015/313297/b6440qg/NowINAndroid/build-logic/convention/src/main/kotlin/AndroidTestConventionPlugin.kt (ext=.kt, size=1407)
2026-02-02 05:16:29,652 - Knowledge - INFO - Async storage completed for 5 embeddings
2026-02-02 05:16:36,389 - Knowledge - INFO - Async storing batch of 5 embeddings
2026-02-02 05:16:36,390 - Knowledge - INFO - process ingested knowledge for /app/data/T0015/313297/b6440qg/NowINAndroid/sync/work/src/main/kotlin/com/google/samples/apps/nowinandroid/sync/workers/DelegatingWorker.kt
2026-02-02 05:16:36,567 - Knowledge - INFO - Worker kw8 processing /app/data/T0015/313297/b6440qg/NowINAndroid/build-logic/convention/src/main/kotlin/RootPlugin.kt
2026-02-02 05:16:36,784 - Knowledge - INFO - Fast-tracked /app/data/T0015/313297/b6440qg/NowINAndroid/build-logic/convention/src/main/kotlin/RootPlugin.kt (ext=.kt, size=917)
2026-02-02 05:16:37,025 - Knowledge - INFO - Worker kw8 processing /app/data/T0015/313297/b6440qg/NowINAndroid/build-logic/convention/src/main/kotlin/AndroidApplicationConventionPlugin.kt
2026-02-02 05:16:37,282 - Knowledge - INFO - Worker kw8 processing /app/data/T0015/313297/b6440qg/NowINAndroid/build-logic/convention/src/main/kotlin/AndroidLibraryJacocoConventionPlugin.kt
2026-02-02 05:16:37,615 - Knowledge - INFO - Fast-tracked /app/data/T0015/313297/b6440qg/NowINAndroid/build-logic/convention/src/main/kotlin/AndroidLibraryJacocoConventionPlugin.kt (ext=.kt, size=1464)
2026-02-02 05:16:37,769 - Knowledge - INFO - Worker kw8 processing /app/data/T0015/313297/b6440qg/NowINAndroid/build-logic/convention/src/main/kotlin/AndroidApplicationComposeConventionPlugin.kt
2026-02-02 05:16:38,036 - Knowledge - INFO - Fast-tracked /app/data/T0015/313297/b6440qg/NowINAndroid/build-logic/convention/src/main/kotlin/AndroidApplicationComposeConventionPlugin.kt (ext=.kt, size=1283)
2026-02-02 05:16:38,396 - Knowledge - INFO - Fast-tracked /app/data/T0015/313297/b6440qg/NowINAndroid/build-logic/convention/src/main/kotlin/AndroidApplicationConventionPlugin.kt (small file (2035 bytes))
2026-02-02 05:16:38,416 - Knowledge - INFO - process ingested knowledge for /app/data/T0015/313297/b6440qg/NowINAndroid/core/designsystem/src/main/kotlin/com/google/samples/apps/nowinandroid/core/designsystem/component/Navigation.kt
2026-02-02 05:16:38,421 - Knowledge - INFO - [kw14] Queue=32, InProgress=0, PendingWorkers=20/20, Completed=437/484 (90.3%)
2026-02-02 05:16:38,422 - Knowledge - INFO - process ingested knowledge for /app/data/T0015/313297/b6440qg/NowINAndroid/sync/work/src/prod/AndroidManifest.xml
2026-02-02 05:16:38,568 - Knowledge - INFO - Async storage completed for 5 embeddings
2026-02-02 05:16:38,776 - Knowledge - INFO - Batch sizing: calculated=4, max_allowed=10, queue=32, active_workers=20/20
2026-02-02 05:16:42,652 - Knowledge - INFO - Async storing batch of 5 embeddings
2026-02-02 05:16:42,863 - Knowledge - INFO - Worker kw17 processing /app/data/T0015/313297/b6440qg/NowINAndroid/build-logic/convention/src/main/kotlin/AndroidFeatureApiConventionPlugin.kt
2026-02-02 05:16:43,057 - Knowledge - INFO - Fast-tracked /app/data/T0015/313297/b6440qg/NowINAndroid/build-logic/convention/src/main/kotlin/AndroidFeatureApiConventionPlugin.kt (ext=.kt, size=1188)
2026-02-02 05:16:43,254 - Knowledge - INFO - Worker kw17 processing /app/data/T0015/313297/b6440qg/NowINAndroid/build-logic/convention/src/main/kotlin/AndroidFeatureImplConventionPlugin.kt
2026-02-02 05:16:43,453 - Knowledge - INFO - Worker kw17 processing /app/data/T0015/313297/b6440qg/NowINAndroid/build-logic/convention/src/main/kotlin/JvmLibraryConventionPlugin.kt
2026-02-02 05:16:43,780 - Knowledge - INFO - Fast-tracked /app/data/T0015/313297/b6440qg/NowINAndroid/build-logic/convention/src/main/kotlin/JvmLibraryConventionPlugin.kt (ext=.kt, size=1282)
2026-02-02 05:16:43,994 - Knowledge - INFO - Worker kw17 processing /app/data/T0015/313297/b6440qg/NowINAndroid/build-logic/convention/src/main/kotlin/AndroidApplicationFlavorsConventionPlugin.kt
2026-02-02 05:16:44,252 - Knowledge - INFO - Fast-tracked /app/data/T0015/313297/b6440qg/NowINAndroid/build-logic/convention/src/main/kotlin/AndroidApplicationFlavorsConventionPlugin.kt (ext=.kt, size=1109)
2026-02-02 05:16:44,381 - Knowledge - INFO - process ingested knowledge for /app/data/T0015/313297/b6440qg/NowINAndroid/core/designsystem/README.md
2026-02-02 05:16:44,504 - Knowledge - INFO - Fast-tracked /app/data/T0015/313297/b6440qg/NowINAndroid/build-logic/convention/src/main/kotlin/AndroidFeatureImplConventionPlugin.kt (small file (2176 bytes))
2026-02-02 05:16:44,761 - Knowledge - INFO - Async storage completed for 5 embeddings
2026-02-02 05:16:46,800 - Knowledge - INFO - Processing batch of 4 files
2026-02-02 05:16:46,967 - Knowledge - INFO - process ingested knowledge for /app/data/T0015/313297/b6440qg/NowINAndroid/sync/work/README.md
2026-02-02 05:16:48,906 - Knowledge - INFO - process ingested knowledge for /app/data/T0015/313297/b6440qg/NowINAndroid/core/designsystem/src/main/kotlin/com/google/samples/apps/nowinandroid/core/designsystem/component/DynamicAsyncImage.kt
2026-02-02 05:16:51,416 - Knowledge - INFO - [WEBSOCKET] Sent: Type=progress_update, Size: 292, Duration: 0ms
2026-02-02 05:16:51,419 - Knowledge - INFO - [kw13] Queue=28, InProgress=0, PendingWorkers=20/20, Completed=446/484 (92.1%)
2026-02-02 05:16:51,617 - Knowledge - INFO - [WEBSOCKET] Sent: Type=unknown, Size: ?, Duration: 201ms
2026-02-02 05:16:51,695 - Knowledge - INFO - Batch sizing: calculated=4, max_allowed=10, queue=28, active_workers=20/20
2026-02-02 05:16:51,820 - Knowledge - INFO - Progress: 92.1% | Files: 446/484 | Rate: 0.68 files/sec | Queue: 28
2026-02-02 05:16:59,414 - Knowledge - INFO - process ingested knowledge for /app/data/T0015/313297/b6440qg/NowINAndroid/sync/work/src/demo/kotlin/com/google/samples/apps/nowinandroid/sync/di/SyncModule.kt
2026-02-02 05:17:01,686 - Knowledge - INFO - Processing batch of 4 files
2026-02-02 05:17:01,690 - Knowledge - INFO - process ingested knowledge for /app/data/T0015/313297/b6440qg/NowINAndroid/sync/work/src/main/kotlin/com/google/samples/apps/nowinandroid/sync/initializers/SyncInitializer.kt
2026-02-02 05:17:01,907 - Knowledge - INFO - process ingested knowledge for /app/data/T0015/313297/b6440qg/NowINAndroid/build-logic/convention/src/main/kotlin/RootPlugin.kt
2026-02-02 05:17:03,643 - Knowledge - INFO - Async storing batch of 4 embeddings
2026-02-02 05:17:03,644 - Knowledge - INFO - [kw2] Queue=24, InProgress=0, PendingWorkers=20/20, Completed=450/484 (93.0%)
2026-02-02 05:17:03,649 - Knowledge - INFO - process ingested knowledge for /app/data/T0015/313297/b6440qg/NowINAndroid/CODE_OF_CONDUCT.md
2026-02-02 05:17:03,650 - Knowledge - INFO - Processing batch of 4 files
2026-02-02 05:17:03,800 - Knowledge - INFO - Worker kw13 processing /app/data/T0015/313297/b6440qg/NowINAndroid/build-logic/convention/src/main/kotlin/AndroidLibraryConventionPlugin.kt
2026-02-02 05:17:03,923 - Knowledge - INFO - Batch sizing: calculated=4, max_allowed=10, queue=24, active_workers=20/20
2026-02-02 05:17:04,140 - Knowledge - INFO - process ingested knowledge for /app/data/T0015/313297/b6440qg/NowINAndroid/ui-test-hilt-manifest/build.gradle.kts
2026-02-02 05:17:04,281 - Knowledge - INFO - Worker kw13 processing /app/data/T0015/313297/b6440qg/NowINAndroid/build-logic/convention/src/main/kotlin/AndroidApplicationFirebaseConventionPlugin.kt
2026-02-02 05:17:04,551 - Knowledge - INFO - Worker kw13 processing /app/data/T0015/313297/b6440qg/NowINAndroid/build-logic/convention/src/main/kotlin/AndroidRoomConventionPlugin.kt
2026-02-02 05:17:04,768 - Knowledge - INFO - Fast-tracked /app/data/T0015/313297/b6440qg/NowINAndroid/build-logic/convention/src/main/kotlin/AndroidRoomConventionPlugin.kt (ext=.kt, size=1941)
2026-02-02 05:17:04,939 - Knowledge - INFO - Worker kw13 processing /app/data/T0015/313297/b6440qg/NowINAndroid/build-logic/convention/src/main/kotlin/AndroidApplicationJacocoConventionPlugin.kt
2026-02-02 05:17:05,148 - Knowledge - INFO - Fast-tracked /app/data/T0015/313297/b6440qg/NowINAndroid/build-logic/convention/src/main/kotlin/AndroidApplicationJacocoConventionPlugin.kt (ext=.kt, size=1484)
2026-02-02 05:17:05,537 - Knowledge - INFO - Fast-tracked /app/data/T0015/313297/b6440qg/NowINAndroid/build-logic/convention/src/main/kotlin/AndroidLibraryConventionPlugin.kt (small file (2919 bytes))
2026-02-02 05:17:05,778 - Knowledge - INFO - Fast-tracked /app/data/T0015/313297/b6440qg/NowINAndroid/build-logic/convention/src/main/kotlin/AndroidApplicationFirebaseConventionPlugin.kt (small file (2825 bytes))
2026-02-02 05:17:05,956 - Knowledge - INFO - Async storage completed for 4 embeddings
2026-02-02 05:17:07,951 - Knowledge - INFO - Async storing batch of 5 embeddings
2026-02-02 05:17:08,134 - Knowledge - INFO - Worker kw14 processing /app/data/T0015/313297/b6440qg/NowINAndroid/build-logic/convention/src/main/kotlin/AndroidLibraryComposeConventionPlugin.kt
2026-02-02 05:17:08,332 - Knowledge - INFO - Fast-tracked /app/data/T0015/313297/b6440qg/NowINAndroid/build-logic/convention/src/main/kotlin/AndroidLibraryComposeConventionPlugin.kt (ext=.kt, size=1267)
2026-02-02 05:17:08,520 - Knowledge - INFO - Worker kw14 processing /app/data/T0015/313297/b6440qg/NowINAndroid/build-logic/convention/src/main/kotlin/AndroidLintConventionPlugin.kt
2026-02-02 05:17:08,780 - Knowledge - INFO - Fast-tracked /app/data/T0015/313297/b6440qg/NowINAndroid/build-logic/convention/src/main/kotlin/AndroidLintConventionPlugin.kt (ext=.kt, size=1664)
2026-02-02 05:17:08,971 - Knowledge - INFO - Worker kw14 processing /app/data/T0015/313297/b6440qg/NowINAndroid/build-logic/convention/src/main/kotlin/com/google/samples/apps/nowinandroid/AndroidCompose.kt
2026-02-02 05:17:09,793 - Knowledge - INFO - Worker kw14 processing /app/data/T0015/313297/b6440qg/NowINAndroid/build-logic/convention/src/main/kotlin/com/google/samples/apps/nowinandroid/ProjectExtensions.kt
2026-02-02 05:17:10,025 - Knowledge - INFO - Fast-tracked /app/data/T0015/313297/b6440qg/NowINAndroid/build-logic/convention/src/main/kotlin/com/google/samples/apps/nowinandroid/ProjectExtensions.kt (ext=.kt, size=963)
2026-02-02 05:17:10,111 - Knowledge - INFO - process ingested knowledge for /app/data/T0015/313297/b6440qg/NowINAndroid/sync/work/build.gradle.kts
2026-02-02 05:17:10,299 - Knowledge - INFO - Fast-tracked /app/data/T0015/313297/b6440qg/NowINAndroid/build-logic/convention/src/main/kotlin/com/google/samples/apps/nowinandroid/AndroidCompose.kt (small file (2487 bytes))
2026-02-02 05:17:10,499 - Knowledge - INFO - Async storage completed for 5 embeddings
2026-02-02 05:17:14,470 - Knowledge - INFO - process ingested knowledge for /app/data/T0015/313297/b6440qg/NowINAndroid/build-logic/convention/src/main/kotlin/AndroidApplicationConventionPlugin.kt
2026-02-02 05:17:15,914 - Knowledge - INFO - Processing batch of 4 files
2026-02-02 05:17:15,914 - Knowledge - INFO - Processing batch of 4 files
2026-02-02 05:17:15,916 - Knowledge - INFO - process ingested knowledge for /app/data/T0015/313297/b6440qg/NowINAndroid/ui-test-hilt-manifest/src/main/kotlin/com/google/samples/apps/nowinandroid/uitesthiltmanifest/HiltComponentActivity.kt
2026-02-02 05:17:15,917 - Knowledge - INFO - process ingested knowledge for /app/data/T0015/313297/b6440qg/NowINAndroid/ui-test-hilt-manifest/README.md
2026-02-02 05:17:16,082 - Knowledge - INFO - process ingested knowledge for /app/data/T0015/313297/b6440qg/NowINAndroid/build-logic/convention/src/main/kotlin/AndroidFeatureApiConventionPlugin.kt
2026-02-02 05:17:16,204 - Knowledge - INFO - process ingested knowledge for /app/data/T0015/313297/b6440qg/NowINAndroid/build-logic/settings.gradle.kts
2026-02-02 05:17:17,093 - Knowledge - INFO - [WEBSOCKET] Sent: Type=progress_update, Size: 292, Duration: 0ms
2026-02-02 05:17:17,099 - Knowledge - INFO - process ingested knowledge for /app/data/T0015/313297/b6440qg/NowINAndroid/sync/work/src/prod/kotlin/com/google/samples/apps/nowinandroid/sync/services/SyncNotificationsService.kt
2026-02-02 05:17:17,100 - Knowledge - INFO - process ingested knowledge for /app/data/T0015/313297/b6440qg/NowINAndroid/build-logic/convention/src/main/kotlin/AndroidLibraryJacocoConventionPlugin.kt
2026-02-02 05:17:17,100 - Knowledge - INFO - [kw7] Queue=16, InProgress=0, PendingWorkers=20/20, Completed=456/484 (94.2%)
2026-02-02 05:17:17,101 - Knowledge - INFO - [kw4] Queue=16, InProgress=0, PendingWorkers=20/20, Completed=457/484 (94.4%)
2026-02-02 05:17:17,101 - Knowledge - INFO - process ingested knowledge for /app/data/T0015/313297/b6440qg/NowINAndroid/build.gradle.kts
2026-02-02 05:17:17,102 - Knowledge - INFO - process ingested knowledge for /app/data/T0015/313297/b6440qg/NowINAndroid/build-logic/README.md
2026-02-02 05:17:17,102 - Knowledge - INFO - [kw6] Queue=16, InProgress=0, PendingWorkers=20/20, Completed=461/484 (95.2%)
2026-02-02 05:17:17,103 - Knowledge - INFO - process ingested knowledge for /app/data/T0015/313297/b6440qg/NowINAndroid/build-logic/convention/src/main/kotlin/AndroidFeatureImplConventionPlugin.kt
2026-02-02 05:17:17,290 - Knowledge - INFO - Processing batch of 4 files
2026-02-02 05:17:17,290 - Knowledge - INFO - Async storing batch of 5 embeddings
2026-02-02 05:17:17,290 - Knowledge - INFO - [WEBSOCKET] Sent: Type=unknown, Size: ?, Duration: 197ms
2026-02-02 05:17:17,585 - Knowledge - INFO - Batch sizing: calculated=4, max_allowed=10, queue=16, active_workers=20/20
2026-02-02 05:17:17,690 - Knowledge - INFO - Batch sizing: calculated=4, max_allowed=10, queue=16, active_workers=20/20
2026-02-02 05:17:17,996 - Knowledge - INFO - Batch sizing: calculated=4, max_allowed=10, queue=16, active_workers=20/20
2026-02-02 05:17:18,219 - Knowledge - INFO - process ingested knowledge for /app/data/T0015/313297/b6440qg/NowINAndroid/build-logic/convention/src/main/kotlin/AndroidLibraryComposeConventionPlugin.kt
2026-02-02 05:17:18,308 - Knowledge - INFO - Worker kw16 processing /app/data/T0015/313297/b6440qg/NowINAndroid/build-logic/convention/src/main/kotlin/com/google/samples/apps/nowinandroid/Jacoco.kt
2026-02-02 05:17:18,419 - Knowledge - INFO - Progress: 94.2% | Files: 462/484 | Rate: 0.67 files/sec | Queue: 16
2026-02-02 05:17:19,003 - Knowledge - INFO - Worker kw16 processing /app/data/T0015/313297/b6440qg/NowINAndroid/build-logic/convention/src/main/kotlin/com/google/samples/apps/nowinandroid/GradleManagedDevices.kt
2026-02-02 05:17:19,276 - Knowledge - INFO - Worker kw16 processing /app/data/T0015/313297/b6440qg/NowINAndroid/build-logic/convention/src/main/kotlin/com/google/samples/apps/nowinandroid/PrintTestApks.kt
2026-02-02 05:17:19,553 - Knowledge - INFO - Worker kw16 processing /app/data/T0015/313297/b6440qg/NowINAndroid/build-logic/convention/src/main/kotlin/com/google/samples/apps/nowinandroid/Badging.kt
2026-02-02 05:17:19,853 - Knowledge - INFO - [kw1] Queue=16, InProgress=0, PendingWorkers=20/20, Completed=462/484 (95.5%)
2026-02-02 05:17:20,058 - Knowledge - INFO - Batch sizing: calculated=4, max_allowed=10, queue=16, active_workers=20/20
2026-02-02 05:17:21,131 - Knowledge - INFO - Fast-tracked /app/data/T0015/313297/b6440qg/NowINAndroid/build-logic/convention/src/main/kotlin/com/google/samples/apps/nowinandroid/GradleManagedDevices.kt (small file (2335 bytes))
2026-02-02 05:17:22,300 - Knowledge - INFO - Async storing batch of 4 embeddings
2026-02-02 05:17:22,472 - Knowledge - INFO - Worker kw2 processing /app/data/T0015/313297/b6440qg/NowINAndroid/build-logic/convention/src/main/kotlin/com/google/samples/apps/nowinandroid/AndroidInstrumentedTests.kt
2026-02-02 05:17:22,749 - Knowledge - INFO - Fast-tracked /app/data/T0015/313297/b6440qg/NowINAndroid/build-logic/convention/src/main/kotlin/com/google/samples/apps/nowinandroid/AndroidInstrumentedTests.kt (ext=.kt, size=1394)
2026-02-02 05:17:22,892 - Knowledge - INFO - Worker kw2 processing /app/data/T0015/313297/b6440qg/NowINAndroid/build-logic/convention/src/main/kotlin/com/google/samples/apps/nowinandroid/NiaBuildType.kt
2026-02-02 05:17:23,104 - Knowledge - INFO - Fast-tracked /app/data/T0015/313297/b6440qg/NowINAndroid/build-logic/convention/src/main/kotlin/com/google/samples/apps/nowinandroid/NiaBuildType.kt (ext=.kt, size=885)
2026-02-02 05:17:23,287 - Knowledge - INFO - Worker kw2 processing /app/data/T0015/313297/b6440qg/NowINAndroid/build-logic/convention/src/main/kotlin/com/google/samples/apps/nowinandroid/Graph.kt
2026-02-02 05:17:23,344 - Knowledge - INFO - Async storage completed for 5 embeddings
2026-02-02 05:17:23,501 - Knowledge - INFO - Worker kw2 processing /app/data/T0015/313297/b6440qg/NowINAndroid/build-logic/convention/src/main/kotlin/com/google/samples/apps/nowinandroid/KotlinAndroid.kt
2026-02-02 05:17:24,261 - Knowledge - INFO - process ingested knowledge for /app/data/T0015/313297/b6440qg/NowINAndroid/ui-test-hilt-manifest/src/main/AndroidManifest.xml
2026-02-02 05:17:24,262 - Knowledge - INFO - process ingested knowledge for /app/data/T0015/313297/b6440qg/NowINAndroid/sync/work/src/prod/kotlin/com/google/samples/apps/nowinandroid/sync/status/FirebaseSyncSubscriber.kt
2026-02-02 05:17:24,264 - Knowledge - INFO - process ingested knowledge for /app/data/T0015/313297/b6440qg/NowINAndroid/build-logic/convention/src/main/kotlin/AndroidApplicationComposeConventionPlugin.kt
2026-02-02 05:17:24,266 - Knowledge - INFO - process ingested knowledge for /app/data/T0015/313297/b6440qg/NowINAndroid/build-logic/convention/src/main/kotlin/JvmLibraryConventionPlugin.kt
2026-02-02 05:17:24,267 - Knowledge - INFO - Async storing batch of 4 embeddings
2026-02-02 05:17:24,268 - Knowledge - INFO - Async storing batch of 4 embeddings
2026-02-02 05:17:24,268 - Knowledge - INFO - process ingested knowledge for /app/data/T0015/313297/b6440qg/NowINAndroid/build-logic/convention/src/main/kotlin/AndroidLintConventionPlugin.kt
2026-02-02 05:17:24,268 - Knowledge - INFO - Async storing batch of 4 embeddings
2026-02-02 05:17:25,012 - Knowledge - INFO - Worker kw4 processing /app/data/T0015/313297/b6440qg/NowINAndroid/lint/src/test/kotlin/com/google/samples/apps/nowinandroid/lint/designsystem/DesignSystemDetectorTest.kt
2026-02-02 05:17:25,127 - Knowledge - INFO - Worker kw6 processing /app/data/T0015/313297/b6440qg/NowINAndroid/lint/build.gradle.kts
2026-02-02 05:17:25,516 - Knowledge - INFO - Worker kw7 processing /app/data/T0015/313297/b6440qg/NowINAndroid/build-logic/convention/src/main/kotlin/com/google/samples/apps/nowinandroid/NiaFlavor.kt
2026-02-02 05:17:25,755 - Knowledge - INFO - Fast-tracked /app/data/T0015/313297/b6440qg/NowINAndroid/lint/build.gradle.kts (ext=.kts, size=1296)
2026-02-02 05:17:25,895 - Knowledge - INFO - Fast-tracked /app/data/T0015/313297/b6440qg/NowINAndroid/build-logic/convention/src/main/kotlin/com/google/samples/apps/nowinandroid/NiaFlavor.kt (ext=.kt, size=1697)
2026-02-02 05:17:25,928 - Knowledge - INFO - Worker kw6 processing /app/data/T0015/313297/b6440qg/NowINAndroid/lint/README.md
2026-02-02 05:17:26,078 - Knowledge - INFO - Worker kw7 processing /app/data/T0015/313297/b6440qg/NowINAndroid/build-logic/convention/build.gradle.kts
2026-02-02 05:17:26,183 - Knowledge - INFO - Fast-tracked /app/data/T0015/313297/b6440qg/NowINAndroid/lint/src/test/kotlin/com/google/samples/apps/nowinandroid/lint/designsystem/DesignSystemDetectorTest.kt (ext=.kt, size=7033)
2026-02-02 05:17:26,255 - Knowledge - INFO - Fast-tracked /app/data/T0015/313297/b6440qg/NowINAndroid/lint/README.md (ext=.md, size=1401)
2026-02-02 05:17:26,394 - Knowledge - INFO - Worker kw7 processing /app/data/T0015/313297/b6440qg/NowINAndroid/CONTRIBUTING.md
2026-02-02 05:17:26,499 - Knowledge - INFO - Worker kw4 processing /app/data/T0015/313297/b6440qg/NowINAndroid/lint/src/main/kotlin/com/google/samples/apps/nowinandroid/lint/TestMethodNameDetector.kt
2026-02-02 05:17:26,649 - Knowledge - INFO - Worker kw6 processing /app/data/T0015/313297/b6440qg/NowINAndroid/gradle/init.gradle.kts
2026-02-02 05:17:26,896 - Knowledge - INFO - Fast-tracked /app/data/T0015/313297/b6440qg/NowINAndroid/CONTRIBUTING.md (ext=.md, size=1629)
2026-02-02 05:17:26,946 - Knowledge - INFO - Async storage completed for 4 embeddings
2026-02-02 05:17:27,070 - Knowledge - INFO - process ingested knowledge for /app/data/T0015/313297/b6440qg/NowINAndroid/README.md
2026-02-02 05:17:27,070 - Knowledge - INFO - process ingested knowledge for /app/data/T0015/313297/b6440qg/NowINAndroid/build-logic/convention/src/main/kotlin/HiltConventionPlugin.kt
2026-02-02 05:17:27,076 - Knowledge - INFO - Processing batch of 4 files
2026-02-02 05:17:27,128 - Knowledge - INFO - process ingested knowledge for /app/data/T0015/313297/b6440qg/NowINAndroid/build-logic/convention/src/main/kotlin/AndroidApplicationFlavorsConventionPlugin.kt
2026-02-02 05:17:27,202 - Knowledge - INFO - Worker kw6 processing /app/data/T0015/313297/b6440qg/NowINAndroid/gradle/libs.versions.toml
2026-02-02 05:17:27,231 - Knowledge - INFO - Worker kw7 processing /app/data/T0015/313297/b6440qg/NowINAndroid/lint/src/test/kotlin/com/google/samples/apps/nowinandroid/lint/TestMethodNameDetectorTest.kt
2026-02-02 05:17:27,307 - Knowledge - INFO - Worker kw4 processing /app/data/T0015/313297/b6440qg/NowINAndroid/lint/src/main/kotlin/com/google/samples/apps/nowinandroid/lint/NiaIssueRegistry.kt
2026-02-02 05:17:27,710 - Knowledge - INFO - process ingested knowledge for /app/data/T0015/313297/b6440qg/NowINAndroid/build-logic/convention/src/main/kotlin/AndroidLibraryConventionPlugin.kt
2026-02-02 05:17:28,113 - Knowledge - INFO - Fast-tracked /app/data/T0015/313297/b6440qg/NowINAndroid/gradle/libs.versions.toml (ext=.toml, size=16266)
2026-02-02 05:17:28,132 - Knowledge - INFO - Fast-tracked /app/data/T0015/313297/b6440qg/NowINAndroid/lint/src/test/kotlin/com/google/samples/apps/nowinandroid/lint/TestMethodNameDetectorTest.kt (ext=.kt, size=4443)
2026-02-02 05:17:28,311 - Knowledge - INFO - Fast-tracked /app/data/T0015/313297/b6440qg/NowINAndroid/lint/src/main/kotlin/com/google/samples/apps/nowinandroid/lint/NiaIssueRegistry.kt (ext=.kt, size=1407)
2026-02-02 05:17:28,878 - Knowledge - INFO - Fast-tracked /app/data/T0015/313297/b6440qg/NowINAndroid/gradle/init.gradle.kts (small file (2089 bytes))
2026-02-02 05:17:28,894 - Knowledge - INFO - Worker kw4 processing /app/data/T0015/313297/b6440qg/NowINAndroid/lint/src/main/kotlin/com/google/samples/apps/nowinandroid/lint/designsystem/DesignSystemDetector.kt
2026-02-02 05:17:29,168 - Knowledge - INFO - Async storage completed for 4 embeddings
2026-02-02 05:17:31,458 - Knowledge - INFO - Async storage completed for 4 embeddings
2026-02-02 05:17:31,744 - Knowledge - INFO - process ingested knowledge for /app/data/T0015/313297/b6440qg/NowINAndroid/build-logic/convention/src/main/kotlin/com/google/samples/apps/nowinandroid/AndroidCompose.kt
2026-02-02 05:17:33,079 - Knowledge - INFO - process ingested knowledge for /app/data/T0015/313297/b6440qg/NowINAndroid/build-logic/convention/src/main/kotlin/AndroidTestConventionPlugin.kt
2026-02-02 05:17:33,148 - Knowledge - INFO - [LLM_CALL] Completed: Badging.kt:chunk1, Duration: 10644ms, PromptTokens: 3094, CompletionTokens: 739, Cost: $0.00060
2026-02-02 05:17:33,524 - Knowledge - INFO - Async storage completed for 4 embeddings
2026-02-02 05:17:33,535 - Knowledge - INFO - done ingest for /app/data/T0015/313297/b6440qg/NowINAndroid/build-logic/convention/src/main/kotlin/com/google/samples/apps/nowinandroid/Badging.kt
2026-02-02 05:17:34,887 - Knowledge - INFO - [LLM_CALL] Completed: KotlinAndroid.kt:chunk1, Duration: 9172ms, PromptTokens: 2642, CompletionTokens: 352, Cost: $0.00040
2026-02-02 05:17:35,150 - Knowledge - INFO - done ingest for /app/data/T0015/313297/b6440qg/NowINAndroid/build-logic/convention/src/main/kotlin/com/google/samples/apps/nowinandroid/KotlinAndroid.kt
2026-02-02 05:17:35,168 - Knowledge - INFO - [LLM_CALL] Completed: PrintTestApks.kt:chunk1, Duration: 13807ms, PromptTokens: 2438, CompletionTokens: 581, Cost: $0.00048
2026-02-02 05:17:35,496 - Knowledge - INFO - done ingest for /app/data/T0015/313297/b6440qg/NowINAndroid/build-logic/convention/src/main/kotlin/com/google/samples/apps/nowinandroid/PrintTestApks.kt
2026-02-02 05:17:37,321 - Knowledge - INFO - [LLM_CALL] Completed: Jacoco.kt:chunk1, Duration: 17397ms, PromptTokens: 2786, CompletionTokens: 574, Cost: $0.00051
2026-02-02 05:17:37,618 - Knowledge - INFO - done ingest for /app/data/T0015/313297/b6440qg/NowINAndroid/build-logic/convention/src/main/kotlin/com/google/samples/apps/nowinandroid/Jacoco.kt
2026-02-02 05:17:39,363 - Knowledge - INFO - [LLM_CALL] Completed: build.gradle.kts:chunk1, Duration: 10355ms, PromptTokens: 2728, CompletionTokens: 453, Cost: $0.00045
2026-02-02 05:17:39,688 - Knowledge - INFO - done ingest for /app/data/T0015/313297/b6440qg/NowINAndroid/build-logic/convention/build.gradle.kts
2026-02-02 05:17:41,354 - Knowledge - INFO - [LLM_CALL] Completed: Graph.kt:chunk1, Duration: 17355ms, PromptTokens: 6534, CompletionTokens: 1136, Cost: $0.00111
2026-02-02 05:17:41,677 - Knowledge - INFO - done ingest for /app/data/T0015/313297/b6440qg/NowINAndroid/build-logic/convention/src/main/kotlin/com/google/samples/apps/nowinandroid/Graph.kt
2026-02-02 05:17:41,820 - Knowledge - INFO - process ingested knowledge for /app/data/T0015/313297/b6440qg/NowINAndroid/build-logic/convention/src/main/kotlin/com/google/samples/apps/nowinandroid/ProjectExtensions.kt
2026-02-02 05:17:42,655 - Knowledge - INFO - [LLM_CALL] Completed: DesignSystemDetector.kt:chunk1, Duration: 10630ms, PromptTokens: 2816, CompletionTokens: 605, Cost: $0.00052
2026-02-02 05:17:42,816 - Knowledge - INFO - done ingest for /app/data/T0015/313297/b6440qg/NowINAndroid/lint/src/main/kotlin/com/google/samples/apps/nowinandroid/lint/designsystem/DesignSystemDetector.kt
2026-02-02 05:17:43,747 - Knowledge - INFO - [LLM_CALL] Completed: TestMethodNameDetector.kt:chunk1, Duration: 14062ms, PromptTokens: 2728, CompletionTokens: 695, Cost: $0.00055
2026-02-02 05:17:43,903 - Knowledge - INFO - done ingest for /app/data/T0015/313297/b6440qg/NowINAndroid/lint/src/main/kotlin/com/google/samples/apps/nowinandroid/lint/TestMethodNameDetector.kt
2026-02-02 05:17:44,151 - Knowledge - INFO - process ingested knowledge for /app/data/T0015/313297/b6440qg/NowINAndroid/build-logic/convention/src/main/kotlin/AndroidApplicationFirebaseConventionPlugin.kt
2026-02-02 05:17:45,431 - Knowledge - INFO - [WEBSOCKET] Sent: Type=progress_update, Size: 273, Duration: 0ms
2026-02-02 05:17:45,628 - Knowledge - INFO - [WEBSOCKET] Sent: Type=unknown, Size: ?, Duration: 198ms
2026-02-02 05:17:45,823 - Knowledge - INFO - Progress: 96.3% | Files: 471/484 | Rate: 0.66 files/sec | Queue: 0
2026-02-02 05:17:46,999 - Knowledge - INFO - process ingested knowledge for /app/data/T0015/313297/b6440qg/NowINAndroid/build-logic/convention/src/main/kotlin/AndroidRoomConventionPlugin.kt
2026-02-02 05:17:48,756 - Knowledge - INFO - Processing batch of 4 files
2026-02-02 05:17:48,932 - Knowledge - INFO - process ingested knowledge for /app/data/T0015/313297/b6440qg/NowINAndroid/build-logic/convention/src/main/kotlin/com/google/samples/apps/nowinandroid/NiaFlavor.kt
2026-02-02 05:17:49,822 - Knowledge - INFO - Processing batch of 4 files
2026-02-02 05:17:49,825 - Knowledge - INFO - process ingested knowledge for /app/data/T0015/313297/b6440qg/NowINAndroid/build-logic/convention/src/main/kotlin/AndroidApplicationJacocoConventionPlugin.kt
2026-02-02 05:17:50,022 - Knowledge - INFO - process ingested knowledge for /app/data/T0015/313297/b6440qg/NowINAndroid/lint/build.gradle.kts
2026-02-02 05:17:53,561 - Knowledge - INFO - Processing batch of 4 files
2026-02-02 05:17:53,751 - Knowledge - INFO - process ingested knowledge for /app/data/T0015/313297/b6440qg/NowINAndroid/build-logic/convention/src/main/kotlin/com/google/samples/apps/nowinandroid/Jacoco.kt
2026-02-02 05:17:56,332 - Knowledge - INFO - process ingested knowledge for /app/data/T0015/313297/b6440qg/NowINAndroid/lint/README.md
2026-02-02 05:17:57,975 - Knowledge - INFO - Processing batch of 4 files
2026-02-02 05:17:57,981 - Knowledge - INFO - process ingested knowledge for /app/data/T0015/313297/b6440qg/NowINAndroid/build-logic/convention/src/main/kotlin/com/google/samples/apps/nowinandroid/GradleManagedDevices.kt
2026-02-02 05:17:58,197 - Knowledge - INFO - process ingested knowledge for /app/data/T0015/313297/b6440qg/NowINAndroid/build-logic/convention/src/main/kotlin/com/google/samples/apps/nowinandroid/AndroidInstrumentedTests.kt
2026-02-02 05:17:58,896 - Knowledge - INFO - Processing batch of 4 files
2026-02-02 05:17:59,083 - Knowledge - INFO - process ingested knowledge for /app/data/T0015/313297/b6440qg/NowINAndroid/lint/src/test/kotlin/com/google/samples/apps/nowinandroid/lint/designsystem/DesignSystemDetectorTest.kt
2026-02-02 05:18:01,211 - Knowledge - INFO - process ingested knowledge for /app/data/T0015/313297/b6440qg/NowINAndroid/gradle/init.gradle.kts
2026-02-02 05:18:01,211 - Knowledge - INFO - [WEBSOCKET] Sent: Type=progress_update, Size: 272, Duration: 0ms
2026-02-02 05:18:01,510 - Knowledge - INFO - [WEBSOCKET] Sent: Type=unknown, Size: ?, Duration: 299ms
2026-02-02 05:18:01,731 - Knowledge - INFO - Progress: 100.0% | Files: 484/484 | Rate: 0.66 files/sec | Queue: 0
2026-02-02 05:18:03,306 - Knowledge - INFO - process ingested knowledge for /app/data/T0015/313297/b6440qg/NowINAndroid/build-logic/convention/src/main/kotlin/com/google/samples/apps/nowinandroid/PrintTestApks.kt
2026-02-02 05:18:03,308 - Knowledge - INFO - process ingested knowledge for /app/data/T0015/313297/b6440qg/NowINAndroid/build-logic/convention/src/main/kotlin/com/google/samples/apps/nowinandroid/NiaBuildType.kt
2026-02-02 05:18:04,211 - Knowledge - INFO - process ingested knowledge for /app/data/T0015/313297/b6440qg/NowINAndroid/build-logic/convention/build.gradle.kts
2026-02-02 05:18:04,220 - Knowledge - INFO - process ingested knowledge for /app/data/T0015/313297/b6440qg/NowINAndroid/build-logic/convention/src/main/kotlin/com/google/samples/apps/nowinandroid/Badging.kt
2026-02-02 05:18:06,379 - Knowledge - INFO - process ingested knowledge for /app/data/T0015/313297/b6440qg/NowINAndroid/lint/src/main/kotlin/com/google/samples/apps/nowinandroid/lint/TestMethodNameDetector.kt
2026-02-02 05:18:06,382 - Knowledge - INFO - process ingested knowledge for /app/data/T0015/313297/b6440qg/NowINAndroid/build-logic/convention/src/main/kotlin/com/google/samples/apps/nowinandroid/Graph.kt
2026-02-02 05:18:11,526 - Knowledge - INFO - process ingested knowledge for /app/data/T0015/313297/b6440qg/NowINAndroid/gradle/libs.versions.toml
2026-02-02 05:18:11,528 - Knowledge - INFO - process ingested knowledge for /app/data/T0015/313297/b6440qg/NowINAndroid/lint/src/main/kotlin/com/google/samples/apps/nowinandroid/lint/NiaIssueRegistry.kt
2026-02-02 05:18:11,529 - Knowledge - INFO - process ingested knowledge for /app/data/T0015/313297/b6440qg/NowINAndroid/build-logic/convention/src/main/kotlin/com/google/samples/apps/nowinandroid/KotlinAndroid.kt
2026-02-02 05:18:15,385 - Knowledge - INFO - process ingested knowledge for /app/data/T0015/313297/b6440qg/NowINAndroid/lint/src/main/kotlin/com/google/samples/apps/nowinandroid/lint/designsystem/DesignSystemDetector.kt
2026-02-02 05:18:18,512 - Knowledge - INFO - process ingested knowledge for /app/data/T0015/313297/b6440qg/NowINAndroid/CONTRIBUTING.md
2026-02-02 05:18:31,115 - Knowledge - INFO - process ingested knowledge for /app/data/T0015/313297/b6440qg/NowINAndroid/lint/src/test/kotlin/com/google/samples/apps/nowinandroid/lint/TestMethodNameDetectorTest.kt
2026-02-02 05:18:51,267 - Knowledge - INFO - Knowledge creation complete
2026-02-02 05:18:51,423 - Knowledge - INFO - ==================================================
2026-02-02 05:18:51,565 - Knowledge - INFO - KNOWLEDGE GRAPH GENERATION PERFORMANCE SUMMARY
2026-02-02 05:18:51,774 - Knowledge - INFO - ==================================================
2026-02-02 05:18:51,964 - Knowledge - INFO - Total processing time: 789.49 seconds (13.16 minutes)
2026-02-02 05:18:52,159 - Knowledge - INFO - Files processed: 0
2026-02-02 05:18:52,339 - Knowledge - INFO - Processing rate: 0.00 files/second
2026-02-02 05:18:52,540 - Knowledge - INFO - 
[TIME_BREAKDOWN]
2026-02-02 05:18:52,726 - Knowledge - INFO - File Reading: 0.00s (0.0%)
2026-02-02 05:18:52,919 - Knowledge - INFO - LLM Processing: 1839.76s (233.0%)
2026-02-02 05:18:53,077 - Knowledge - INFO - MongoDB Operations: 0.00s (0.0%)
2026-02-02 05:18:53,243 - Knowledge - INFO - Redis Operations: 0.00s (0.0%)
2026-02-02 05:18:53,387 - Knowledge - INFO - WebSocket Communication: 11.81s (1.5%)
2026-02-02 05:18:53,545 - Knowledge - INFO - 
[LLM_STATS]
2026-02-02 05:18:53,749 - Knowledge - INFO - Total LLM calls: 86
2026-02-02 05:18:53,920 - Knowledge - INFO - Average LLM response time: 21393ms
2026-02-02 05:18:54,102 - Knowledge - INFO - Average prompt tokens: 3448.0
2026-02-02 05:18:54,263 - Knowledge - INFO - Average completion tokens: 674.1
2026-02-02 05:18:54,486 - Knowledge - INFO - Total prompt tokens: 296528
2026-02-02 05:18:54,688 - Knowledge - INFO - Total completion tokens: 57971
2026-02-02 05:18:54,889 - Knowledge - INFO - Total LLM cost: $0.0528
2026-02-02 05:18:55,053 - Knowledge - INFO - 
[DATABASE_STATS]
2026-02-02 05:18:55,215 - Knowledge - INFO - MongoDB operations: 0
2026-02-02 05:18:55,407 - Knowledge - INFO - Redis operations: 0
2026-02-02 05:18:55,647 - Knowledge - INFO - 
[COMMUNICATION_STATS]
2026-02-02 05:18:55,824 - Knowledge - INFO - WebSocket messages sent: 55
2026-02-02 05:18:56,001 - Knowledge - INFO - Average message size: 145.4 bytes
2026-02-02 05:18:56,188 - Knowledge - INFO - 
[WORKER_STATS]
2026-02-02 05:18:56,383 - Knowledge - INFO - 
[FILE_TYPE_STATS]
2026-02-02 05:18:56,578 - Knowledge - INFO - 
[SLOWEST_FILES]
2026-02-02 05:18:56,735 - Knowledge - INFO - ==================================================
2026-02-02 05:18:56,932 - Knowledge - INFO - ==================================================
2026-02-02 05:18:57,098 - Knowledge - INFO - KNOWLEDGE GRAPH GENERATION PERFORMANCE SUMMARY
2026-02-02 05:18:57,331 - Knowledge - INFO - ==================================================
2026-02-02 05:18:57,519 - Knowledge - INFO - Total processing time: 795.48 seconds (13.26 minutes)
2026-02-02 05:18:57,716 - Knowledge - INFO - Files processed: 484 of 484
2026-02-02 05:18:57,938 - Knowledge - INFO - Processing rate: 0.61 files/second
2026-02-02 05:18:58,124 - Knowledge - INFO - WebSocket messages sent: 27
2026-02-02 05:18:58,313 - Knowledge - INFO - MongoDB operations: 484
2026-02-02 05:18:58,463 - Knowledge - INFO - Average MongoDB ops per file: 1.00
2026-02-02 05:18:58,657 - Knowledge - INFO - LLM costs: $0.0528
2026-02-02 05:18:58,817 - Knowledge - INFO - Prompt tokens: 296528
2026-02-02 05:18:58,983 - Knowledge - INFO - Completion tokens: 57971
2026-02-02 05:18:59,142 - Knowledge - INFO - Updating org costs, total cost: 0.05284119999999997
2026-02-02 05:19:00,709 - Knowledge - INFO - [WEBSOCKET] Sent: Type=progress_update, Size: 270, Duration: 0ms
2026-02-02 05:19:00,873 - Knowledge - INFO - Saving knowledge to Redis...
2026-02-02 05:19:01,539 - Knowledge - INFO - Knowledge saved to Redis successfully
